train_id,brake_pad_wear_pct,door_cycles,hvac_pressure_psi,traction_motor_temp_c,mileage_km,days_since_ibl,past_30d_delays,past_30d_faults,brake_risk,door_risk,hvac_risk,traction_risk,next_day_failure_prob,failure_event
KM-107,76.69,77820,45.46,54.36,15164.6,88,1,1,0.6381,1.0,0.9136,0.0,0.6561,0
KM-106,5.07,54707,61.41,45.42,9035.9,59,1,1,0.0526,0.6455,0.2322,0.0,0.2262,1
KM-119,39.42,67803,60.73,47.79,111320.3,21,1,2,0.2054,0.9403,0.2021,0.0,0.3474,1
KM-102,66.58,24483,44.27,74.71,11018.0,81,1,0,0.4933,0.1693,0.9506,0.1346,0.432,0
KM-110,56.09,10692,73.94,91.51,169412.3,14,2,2,0.4146,0.2089,0.021,0.6145,0.3244,0
KM-115,79.59,13185,73.78,81.42,53299.9,157,1,2,0.6834,0.2269,0.2355,0.3263,0.4083,1
KM-111,22.9,34159,65.52,91.28,17957.8,41,3,0,0.2024,0.279,0.0615,0.6079,0.2745,0
KM-105,70.66,64335,49.62,78.67,72012.2,175,4,1,0.6993,0.8012,0.8779,0.2478,0.6702,1
KM-113,23.15,51015,62.27,63.86,93999.9,151,2,2,0.1536,0.6692,0.3355,0.0,0.2882,0
KM-110,77.73,50080,43.69,72.39,43227.1,84,4,0,0.8042,0.4953,0.9783,0.0683,0.6146,1
KM-125,78.62,56016,50.67,54.88,98465.6,62,0,0,0.6181,0.5859,0.6663,0.0,0.4961,0
KM-115,20.15,62087,58.16,87.18,68635.2,52,1,1,0.0906,0.7637,0.3517,0.4909,0.3911,0
KM-117,92.9,1854,49.75,99.5,46923.3,130,2,1,0.963,0.0835,0.8049,0.8427,0.6874,1
KM-117,70.54,68863,56.46,104.01,74794.3,144,2,0,0.5976,0.7986,0.5576,0.9716,0.7146,0
KM-104,6.49,35754,68.33,65.92,21830.9,161,1,2,0.0542,0.4588,0.2415,0.0,0.182,0
KM-110,28.21,47843,46.12,103.93,95411.3,113,1,3,0.1296,0.7025,0.9246,0.9694,0.5998,1
KM-116,81.2,5499,71.05,91.79,117355.5,75,4,2,0.8593,0.178,0.1125,0.6226,0.4923,0
KM-102,67.27,62135,74.81,55.56,8163.2,142,2,2,0.5525,0.8445,0.213,0.0,0.4471,1
KM-119,62.27,18429,48.54,103.38,73792.1,8,3,1,0.5378,0.1906,0.6704,0.9537,0.5607,0
KM-119,56.48,74744,74.81,73.2,53923.1,6,1,1,0.369,0.9831,0.009,0.0913,0.395,0
KM-103,93.23,66726,50.7,56.45,51983.1,67,0,2,0.8692,0.9217,0.6725,0.0,0.6692,0
KM-124,23.8,5014,74.65,53.41,95707.7,130,2,1,0.1567,0.0957,0.195,0.0,0.1178,0
KM-103,28.06,11647,71.96,75.68,92765.4,173,0,0,0.0787,0.0556,0.2595,0.1623,0.1258,0
KM-114,85.1,56766,40.97,79.73,81733.0,86,1,3,0.7742,0.8377,1.0,0.2781,0.736,1
KM-115,37.42,69027,51.43,94.67,52520.0,108,1,0,0.19,0.8015,0.7047,0.7049,0.5488,0
KM-115,67.96,73615,65.41,103.55,95352.6,158,0,0,0.4618,0.8827,0.237,0.9586,0.6214,0
KM-123,27.58,33217,73.69,95.16,126795.5,129,0,0,0.0761,0.2676,0.1935,0.7188,0.276,0
KM-122,69.31,46543,72.71,83.3,95421.8,69,2,0,0.5804,0.4438,0.1035,0.3799,0.4108,0
KM-125,35.77,10435,41.61,47.44,154705.6,144,0,1,0.1279,0.1271,1.0,0.0,0.2766,0
KM-105,40.87,24049,73.22,98.2,50656.4,138,3,0,0.317,0.1648,0.207,0.8057,0.3547,1
KM-123,89.98,50115,60.5,101.41,105708.0,178,1,2,0.8597,0.6558,0.4469,0.8975,0.7337,0
KM-108,86.48,21764,42.43,51.05,8188.8,35,1,0,0.7979,0.1419,0.9554,0.0,0.5058,0
KM-102,28.46,21358,44.14,86.8,115065.0,157,0,0,0.081,0.1379,1.0,0.4801,0.3589,0
KM-104,20.97,19888,59.9,79.56,133038.4,36,2,2,0.144,0.284,0.2581,0.273,0.2276,0
KM-125,26.44,56069,71.59,75.32,149630.1,86,1,0,0.1199,0.5867,0.129,0.1519,0.2448,0
KM-119,13.22,36270,73.49,85.61,89441.2,111,0,0,0.0175,0.3053,0.1665,0.4459,0.2049,0
KM-120,65.53,61566,67.35,51.81,167912.6,167,1,1,0.4794,0.7551,0.2505,0.0,0.4067,0
KM-115,17.87,24625,69.29,97.01,151734.1,174,1,2,0.0819,0.3308,0.261,0.7718,0.3179,1
KM-119,57.32,43348,52.97,93.77,170768.5,45,2,1,0.4285,0.4789,0.5486,0.6791,0.5152,0
KM-119,15.01,45482,48.88,69.31,105007.8,148,0,0,0.0225,0.4287,0.8668,0.0,0.2884,0
KM-101,66.29,62629,54.01,73.66,19506.0,161,1,0,0.4895,0.6927,0.6812,0.1047,0.5017,0
KM-115,85.2,62642,72.17,60.18,126696.9,146,0,0,0.726,0.6929,0.219,0.0,0.4711,0
KM-101,61.48,69866,71.54,47.73,54168.6,16,3,0,0.528,0.8161,0.024,0.0,0.3936,0
KM-118,28.93,5835,74.52,86.89,98816.9,161,2,0,0.1837,0.0197,0.2415,0.4826,0.214,1
KM-106,90.48,50407,60.34,100.15,19481.0,30,1,0,0.8687,0.5002,0.2314,0.8614,0.6476,1
KM-101,48.23,63292,66.24,68.58,150103.7,177,2,0,0.3326,0.7037,0.2655,0.0,0.3455,1
KM-106,67.25,61100,74.99,104.8,102200.5,53,2,1,0.5523,0.7475,0.0795,0.9942,0.5949,0
KM-113,23.65,71080,63.51,82.09,67678.5,72,0,1,0.0559,0.9175,0.1676,0.3454,0.3515,0
KM-118,81.7,74963,59.63,97.6,75609.5,112,1,2,0.7174,1.0,0.3827,0.7885,0.7353,0
KM-102,36.55,56393,62.28,78.29,20925.4,52,3,1,0.2836,0.6718,0.1867,0.2368,0.3519,0
KM-110,88.39,20963,42.32,47.75,113641.0,126,1,0,0.8313,0.1341,1.0,0.0,0.5245,1
KM-123,57.63,7090,44.86,83.45,36829.0,25,3,0,0.4821,0.0264,0.8431,0.3844,0.4208,1
KM-105,36.06,37668,41.11,77.92,98524.1,12,0,0,0.13,0.3231,0.9735,0.2264,0.3662,0
KM-113,33.94,24321,67.98,82.67,19307.8,94,0,0,0.1152,0.1676,0.141,0.3621,0.1829,1
KM-104,77.56,51428,74.52,77.2,166707.3,14,2,1,0.7015,0.5954,0.021,0.2056,0.4397,1
KM-107,66.84,56658,58.62,51.43,83297.2,115,1,0,0.4968,0.596,0.4275,0.0,0.4084,1
KM-125,80.66,7229,51.46,52.19,160842.3,25,3,1,0.8007,0.1072,0.579,0.0,0.4228,0
KM-117,55.8,61004,52.71,83.76,104886.2,59,2,0,0.4114,0.6659,0.5802,0.393,0.5051,1
KM-123,48.9,78149,46.53,62.11,35340.4,55,1,0,0.2891,0.9655,0.8213,0.0,0.5068,0
KM-124,15.08,42427,73.93,96.93,147987.6,113,3,1,0.1728,0.4662,0.1695,0.7694,0.3648,0
KM-105,21.83,43101,64.88,56.97,133843.3,140,0,1,0.0477,0.4755,0.2147,0.0,0.1785,0
KM-111,88.88,48362,41.81,65.2,28522.6,151,1,1,0.84,0.55,1.0,0.0,0.6315,1
KM-109,73.42,27614,67.8,51.4,153877.3,178,0,2,0.5391,0.3628,0.267,0.0,0.3328,1
KM-108,69.94,6951,67.35,94.68,136337.8,60,0,0,0.4892,0.0256,0.09,0.705,0.3366,0
KM-114,52.08,21611,51.07,80.3,124521.9,72,1,1,0.3212,0.2204,0.6653,0.2942,0.3594,0
KM-115,56.97,68728,71.49,68.03,100121.8,104,1,0,0.3746,0.7963,0.156,0.0,0.3614,0
KM-119,35.14,57819,67.79,82.2,98355.7,155,1,0,0.1735,0.6144,0.2325,0.3487,0.3306,0
KM-123,17.88,68779,59.95,90.75,158434.0,97,0,1,0.032,0.8772,0.3477,0.5928,0.4186,0
KM-120,40.76,21103,45.25,58.76,131394.2,130,0,1,0.1661,0.2155,0.9851,0.0,0.309,0
KM-105,79.41,15153,51.99,58.64,79129.5,90,1,1,0.6806,0.1624,0.6555,0.0,0.4099,0
KM-115,70.35,28306,72.62,78.91,126913.9,120,0,2,0.4949,0.3705,0.18,0.2545,0.3527,1
KM-119,71.28,45327,69.42,99.64,26491.9,101,2,2,0.6081,0.5865,0.1515,0.8469,0.5591,0
KM-121,39.14,76060,51.73,93.17,5810.6,169,0,0,0.1532,0.927,0.7842,0.662,0.5746,0
KM-106,36.17,9666,65.81,72.13,44305.8,108,2,0,0.2308,0.042,0.162,0.0609,0.1359,1
KM-101,37.62,5757,47.7,57.76,95155.4,81,1,0,0.1915,0.0193,0.8134,0.0,0.2345,1
KM-108,50.2,76520,50.85,68.84,79688.1,62,0,0,0.252,0.9355,0.6591,0.0,0.4539,1
KM-116,55.84,19449,50.29,87.84,97338.4,113,2,0,0.4118,0.1199,0.7578,0.5098,0.4276,0
KM-107,72.79,76629,58.43,93.04,176313.0,32,2,0,0.6299,0.9375,0.3108,0.6584,0.6487,1
KM-108,14.37,69836,46.25,84.16,46682.0,162,6,0,0.3206,0.8156,0.993,0.4047,0.5957,1
KM-118,6.17,17032,47.28,46.59,36751.2,36,4,1,0.2038,0.1782,0.763,0.0,0.2685,1
KM-120,61.17,79757,67.08,66.77,155686.9,99,2,1,0.4742,1.0,0.1485,0.0,0.4457,0
KM-117,48.63,28856,49.4,77.5,115858.7,103,0,1,0.2365,0.2966,0.7784,0.2142,0.3554,1
KM-113,67.21,75532,40.64,99.86,25606.4,100,1,0,0.5017,0.9174,1.0,0.8531,0.7756,0
KM-112,23.58,41809,44.9,60.82,51637.2,168,1,1,0.1056,0.4578,1.0,0.0,0.3514,0
KM-121,39.48,37397,41.64,54.98,134155.9,51,0,1,0.1559,0.3996,1.0,0.0,0.3545,0
KM-111,37.01,25762,50.4,78.98,88308.8,111,1,1,0.187,0.2627,0.7505,0.2567,0.3326,0
KM-119,58.56,16850,69.62,102.31,32067.6,154,1,0,0.3929,0.0967,0.231,0.9233,0.3925,0
KM-111,58.85,14350,42.66,49.67,5409.4,179,1,0,0.3963,0.076,1.0,0.0,0.3577,1
KM-117,17.31,50481,64.17,76.28,20173.4,80,5,0,0.28,0.5013,0.1532,0.1794,0.2898,0
KM-115,67.39,28935,64.7,100.51,36600.7,86,1,1,0.5041,0.2975,0.1412,0.8719,0.4534,0
KM-118,42.96,7737,66.08,48.29,84650.1,103,0,1,0.1845,0.1101,0.1545,0.0,0.123,0
KM-102,84.65,3983,55.44,69.27,105174.9,120,2,2,0.8166,0.1711,0.5626,0.0,0.4411,1
KM-123,46.57,67081,40.74,97.48,97564.0,160,1,0,0.2669,0.7678,1.0,0.7852,0.6424,1
KM-117,41.17,74972,56.79,79.85,52545.2,121,2,1,0.2695,0.9872,0.5098,0.2813,0.4994,1
KM-114,31.73,35801,50.37,59.02,12366.3,73,0,0,0.1007,0.2994,0.6947,0.0,0.249,1
KM-105,75.77,38573,74.38,98.05,110139.7,62,1,1,0.6241,0.4148,0.093,0.8015,0.501,0
KM-122,59.7,35157,48.07,55.59,43585.1,3,3,1,0.5064,0.3713,0.6816,0.0,0.4064,0
KM-110,51.37,26425,64.36,54.23,147770.8,13,1,1,0.3139,0.2698,0.0451,0.0,0.1863,1
KM-109,40.21,44642,44.53,98.32,172239.0,76,0,0,0.1616,0.4169,0.9327,0.8093,0.5092,0
KM-111,12.83,26559,48.84,45.3,126750.0,176,1,0,0.0665,0.1913,0.9103,0.0,0.2531,0
KM-105,94.23,10516,56.82,80.54,149319.2,56,4,1,1.0,0.1277,0.4112,0.3013,0.5244,1
KM-116,68.75,34130,48.35,100.81,23521.0,155,1,2,0.5227,0.4387,0.8983,0.8802,0.6483,0
KM-110,78.8,78236,66.02,54.65,148144.2,77,1,0,0.6709,0.9671,0.1155,0.0,0.4997,0
KM-117,55.39,32966,53.18,45.54,148268.9,70,1,0,0.3568,0.2645,0.5776,0.0,0.3065,0
KM-115,88.88,6084,67.61,55.43,139899.5,68,1,0,0.84,0.021,0.102,0.0,0.3196,0
KM-101,10.21,77919,41.6,97.29,175360.6,29,2,0,0.1104,0.9612,0.9795,0.7798,0.6308,1
KM-101,34.12,28082,63.92,71.75,52884.7,29,1,2,0.1665,0.368,0.0869,0.0501,0.1777,0
KM-102,74.55,53307,62.91,61.4,171401.1,92,5,0,0.8058,0.5439,0.2217,0.0,0.4624,0
KM-106,25.7,2980,47.01,97.09,130111.7,18,3,3,0.216,0.2472,0.7465,0.7739,0.4415,0
KM-103,76.71,39827,41.14,100.25,112913.8,46,1,1,0.6385,0.4313,1.0,0.8643,0.7041,1
KM-109,23.05,75744,45.63,84.09,62037.0,130,2,0,0.1531,0.9213,0.9698,0.4026,0.5584,1
KM-118,48.19,63046,65.27,84.42,137485.4,102,3,0,0.3823,0.6996,0.153,0.412,0.4217,0
KM-115,49.9,49787,52.11,91.55,169716.6,97,1,0,0.299,0.491,0.6611,0.6157,0.4827,1
KM-120,37.2,53326,44.65,79.05,125656.4,143,0,0,0.1384,0.5442,1.0,0.2586,0.4362,1
KM-111,16.18,50786,41.11,101.17,14095.0,160,3,2,0.1762,0.6658,1.0,0.8906,0.6062,0
KM-116,54.28,28961,67.43,73.85,12132.0,106,2,1,0.3947,0.2978,0.159,0.1101,0.2664,0
KM-119,92.83,53579,66.05,97.31,80889.7,32,2,0,0.9617,0.5481,0.048,0.7803,0.6393,0
KM-109,49.39,61315,46.98,85.81,17634.7,97,1,1,0.294,0.751,0.8661,0.4518,0.5542,0
KM-105,36.13,26963,66.87,75.29,100077.6,179,2,1,0.2306,0.2757,0.2685,0.1512,0.2335,0
KM-106,63.95,30426,60.73,99.74,41865.9,18,2,2,0.509,0.3945,0.1977,0.8498,0.4863,1
KM-114,51.14,27916,69.9,74.54,48265.4,60,2,1,0.3615,0.2861,0.09,0.1296,0.242,0
KM-125,92.25,68649,70.03,45.54,107972.2,164,2,0,0.951,0.7949,0.246,0.0,0.5808,1
KM-110,45.39,77619,69.01,70.85,48525.0,171,2,0,0.306,0.9557,0.2565,0.0244,0.4022,0
KM-115,64.74,10847,68.2,80.12,156947.5,108,1,1,0.4692,0.1299,0.162,0.2892,0.2869,0
KM-101,15.99,77260,72.69,63.97,93766.1,12,0,2,0.0256,1.0,0.018,0.0,0.2625,0
KM-118,92.58,16398,55.92,75.94,90548.2,172,1,0,0.9071,0.0928,0.6214,0.1696,0.4989,1
KM-118,23.17,5470,45.68,56.3,132895.2,157,2,3,0.1537,0.2579,1.0,0.0,0.3183,0
KM-117,79.78,66838,59.97,46.82,167916.0,46,5,0,0.8865,0.7637,0.2701,0.0,0.5552,1
KM-106,33.63,61576,54.24,97.25,141917.5,77,1,3,0.1631,0.9153,0.5458,0.7784,0.5508,0
KM-113,76.8,26426,70.41,67.54,56952.1,89,1,1,0.6399,0.2699,0.1335,0.0,0.3181,0
KM-125,58.68,9927,53.06,58.64,17809.3,99,0,2,0.3444,0.2037,0.6259,0.0,0.2966,0
KM-108,51.72,32348,68.48,51.54,31073.6,48,2,2,0.3675,0.4171,0.072,0.0,0.2473,0
KM-113,79.02,65106,40.26,83.85,162155.3,25,2,1,0.7243,0.8142,1.0,0.3957,0.7362,1
KM-104,28.11,37378,72.54,76.94,106663.1,106,2,0,0.179,0.3194,0.159,0.1982,0.2139,1
KM-111,16.09,45139,46.35,76.51,129083.1,56,1,1,0.0759,0.5038,0.83,0.186,0.3557,1
KM-122,54.52,72031,58.43,51.74,5452.2,150,2,0,0.3972,0.8544,0.4879,0.0,0.4502,0
KM-125,80.59,72831,52.37,59.21,141592.0,50,5,0,0.8994,0.8686,0.5802,0.0,0.648,1
KM-117,71.32,18633,56.55,77.12,36228.0,37,2,0,0.6086,0.1124,0.3935,0.2035,0.3605,0
KM-125,49.71,18727,44.78,86.71,75755.8,118,2,0,0.3471,0.1133,0.986,0.4774,0.4425,0
KM-104,70.19,77329,71.69,91.36,51356.7,97,2,0,0.5927,0.9503,0.1455,0.6102,0.5962,0
KM-113,51.72,70249,63.44,49.2,117029.4,8,3,0,0.4174,0.8229,0.0746,0.0,0.3667,0
KM-123,39.06,59576,74.84,71.78,63374.7,150,2,1,0.2526,0.7226,0.225,0.0509,0.3242,0
KM-125,78.96,69619,52.17,84.89,144203.7,144,1,1,0.6735,0.8918,0.7294,0.4256,0.6897,0
KM-124,53.6,14395,61.83,50.35,137172.3,161,2,0,0.3873,0.0763,0.3685,0.0,0.2283,1
KM-123,28.68,36585,72.79,78.23,58466.8,151,2,2,0.1823,0.4693,0.2265,0.2351,0.2734,0
KM-112,88.75,13329,58.89,82.68,123003.2,158,1,0,0.8377,0.068,0.4814,0.3622,0.4789,0
KM-115,41.27,7721,45.38,58.42,172531.5,10,1,2,0.2203,0.19,0.7997,0.0,0.2845,0
KM-122,79.64,12138,73.35,94.51,121603.7,136,2,0,0.7343,0.0591,0.204,0.7003,0.4526,0
KM-113,89.28,29179,55.38,51.34,117144.6,93,0,1,0.7971,0.3003,0.5242,0.0,0.4589,0
KM-105,75.27,56677,74.82,48.47,126631.2,83,0,0,0.5665,0.5963,0.1245,0.0,0.3723,0
KM-114,14.09,24291,61.63,82.99,45056.6,101,1,1,0.0699,0.2473,0.2862,0.3712,0.2178,0
KM-105,84.79,72229,62.89,66.25,96963.3,14,0,0,0.719,0.8579,0.1053,0.0,0.4872,0
KM-123,42.45,7548,40.67,60.59,138050.7,58,0,1,0.1802,0.109,1.0,0.0,0.2903,0
KM-113,92.83,48076,73.59,74.27,24203.8,139,2,1,0.9617,0.5459,0.2085,0.122,0.5392,0
KM-118,47.84,15056,61.49,96.57,73668.9,42,3,1,0.3789,0.1616,0.2033,0.7593,0.3655,0
KM-110,88.73,29671,71.56,72.69,116510.3,34,1,0,0.8373,0.2259,0.051,0.0768,0.3751,0
KM-123,51.66,48684,65.81,75.73,124039.9,77,0,2,0.2668,0.6347,0.1155,0.1638,0.3079,1
KM-117,91.09,45857,56.17,104.5,174881.2,135,2,2,0.9297,0.594,0.5558,0.9856,0.7821,1
KM-115,12.4,24888,50.34,91.15,114316.1,178,0,0,0.0154,0.1735,0.8534,0.6044,0.3403,0
KM-109,62.95,62558,41.47,103.11,144775.0,140,1,1,0.4463,0.7715,1.0,0.946,0.7383,0
KM-102,16.53,46838,43.88,80.91,21627.0,59,1,0,0.0773,0.448,0.9334,0.3118,0.3881,0
KM-120,15.94,65946,71.04,83.75,55033.7,32,2,1,0.1254,0.8284,0.048,0.3928,0.3392,0
KM-108,72.34,56533,67.18,84.37,36050.0,86,1,1,0.5733,0.674,0.129,0.4106,0.4771,1
KM-121,70.34,25858,73.78,74.3,31368.3,44,3,0,0.6447,0.1838,0.066,0.123,0.3094,0
KM-107,56.95,10496,66.64,54.6,85772.6,144,3,0,0.4743,0.0475,0.216,0.0,0.2211,0
KM-102,23.36,4081,65.98,93.91,112621.2,66,2,0,0.1546,0.0115,0.099,0.6831,0.2134,0
KM-122,79.94,64437,47.09,102.48,69389.6,75,3,0,0.7891,0.7229,0.829,0.9281,0.8083,1
KM-104,69.99,67549,60.76,68.49,77208.8,103,0,1,0.4898,0.8559,0.3242,0.0,0.4503,0
KM-120,41.21,69099,57.85,88.4,23224.0,55,1,1,0.2198,0.8827,0.3683,0.5258,0.4765,0
KM-119,49.84,6997,45.21,86.72,135536.9,58,3,0,0.3984,0.0259,0.8784,0.4779,0.4172,0
KM-123,26.23,2651,42.19,93.08,139153.0,57,3,1,0.2188,0.086,0.9979,0.6595,0.4296,0
KM-114,72.25,15472,73.26,57.18,103971.2,138,1,0,0.572,0.0851,0.207,0.0,0.2629,0
KM-113,67.79,24284,41.96,96.16,44469.7,69,1,1,0.5096,0.2472,1.0,0.7475,0.5897,0
KM-106,61.81,30309,65.48,74.79,81448.9,57,0,0,0.382,0.2332,0.0855,0.1368,0.2365,0
KM-112,17.18,8710,72.29,73.32,7345.5,152,0,0,0.0295,0.0359,0.228,0.095,0.0839,0
KM-103,29.81,74997,48.73,61.32,137894.7,106,2,1,0.1888,0.9877,0.8096,0.0,0.4749,0
KM-111,17.53,48299,51.03,91.31,20124.3,143,0,2,0.0307,0.6291,0.7732,0.6089,0.4445,0
KM-110,79.51,23669,65.58,103.88,49892.8,131,1,0,0.6822,0.1609,0.1965,0.9679,0.5119,0
KM-121,59.77,7588,43.99,54.07,44430.5,71,3,0,0.5072,0.0292,0.9468,0.0,0.3742,0
KM-107,68.71,68169,42.86,72.5,89821.9,85,0,1,0.472,0.8666,1.0,0.0714,0.5961,1
KM-116,42.06,13924,66.22,62.44,142719.8,38,2,1,0.2769,0.1526,0.057,0.0,0.1465,0
KM-120,54.04,10283,66.49,76.16,40854.2,79,2,1,0.392,0.1261,0.1185,0.1761,0.2276,0
KM-102,10.87,14565,52.03,61.95,73377.5,6,1,0,0.0618,0.0777,0.5279,0.0,0.1466,0
KM-105,91.8,3551,46.54,50.64,67417.4,41,3,2,0.9928,0.1694,0.8001,0.0,0.5498,0
KM-112,19.94,38711,70.0,99.37,53458.3,40,2,0,0.1398,0.3366,0.06,0.8391,0.3129,0
KM-116,18.69,68843,67.95,103.07,154952.9,137,3,2,0.1849,0.9583,0.2055,0.9447,0.5343,1
KM-106,93.18,27170,45.68,45.76,102957.2,97,0,1,0.8683,0.2779,0.9184,0.0,0.557,0
KM-103,21.87,50416,68.67,77.45,129292.5,172,3,0,0.1978,0.5003,0.258,0.2128,0.2885,0
KM-112,35.17,70615,64.92,94.56,22611.6,163,0,0,0.1237,0.8293,0.2477,0.7017,0.4405,0
KM-111,63.6,77975,60.2,89.28,146084.3,94,2,1,0.5045,1.0,0.3329,0.551,0.6034,0
KM-115,20.74,39547,47.95,95.22,53873.3,67,2,0,0.143,0.3476,0.7824,0.7206,0.4376,1
KM-121,41.75,9179,72.84,97.27,139061.3,99,0,3,0.1743,0.2789,0.1485,0.7792,0.3163,1
KM-102,45.23,3597,47.94,67.9,27548.5,147,1,0,0.2546,0.0095,0.9031,0.0,0.2721,1
KM-124,7.45,35518,44.46,87.46,175235.9,131,2,2,0.1055,0.4558,1.0,0.4989,0.4507,0
KM-119,83.55,5493,47.65,52.21,16959.7,30,0,1,0.698,0.098,0.7392,0.0,0.4166,0
KM-121,31.75,72363,42.26,97.63,158520.8,125,2,0,0.2008,0.8603,1.0,0.7896,0.6433,1
KM-117,30.68,60659,60.4,104.73,154746.8,149,0,2,0.0941,0.8202,0.4076,0.9922,0.5179,1
KM-109,65.23,10168,42.26,102.35,9399.8,87,1,0,0.4755,0.0453,1.0,0.9243,0.5626,0
KM-109,35.67,15567,73.18,71.71,143040.4,179,1,0,0.1773,0.0858,0.2685,0.049,0.147,0
KM-113,92.37,47571,73.27,81.04,135128.9,1,1,1,0.9032,0.5385,0.0015,0.3154,0.5141,1
KM-106,9.11,41583,48.36,73.18,83831.4,109,1,1,0.0583,0.4547,0.8291,0.0908,0.3181,0
KM-113,53.33,44056,40.27,58.14,11426.2,124,1,0,0.3344,0.4087,1.0,0.0,0.4192,1
KM-110,31.41,51952,68.58,62.07,148186.2,21,1,1,0.1487,0.6033,0.0315,0.0,0.2092,0
KM-119,45.55,60518,49.62,68.67,78819.9,76,2,1,0.3075,0.7379,0.7294,0.0,0.438,0
KM-105,5.14,79682,40.07,88.05,150177.8,177,2,0,0.1026,0.994,1.0,0.5158,0.5876,0
KM-118,13.31,35542,54.66,90.07,17426.3,122,2,1,0.1177,0.3761,0.5965,0.5734,0.3692,0
KM-113,5.91,79033,44.86,51.94,32006.3,3,1,1,0.0535,1.0,0.8101,0.0,0.4307,0
KM-108,78.8,29669,58.64,71.93,19768.7,101,0,1,0.621,0.3058,0.406,0.0552,0.386,0
KM-125,11.06,11516,64.24,70.8,122769.2,119,3,0,0.1622,0.0546,0.209,0.0227,0.1168,0
KM-112,87.5,69670,43.46,98.38,7154.2,57,0,0,0.7656,0.8127,0.9471,0.8108,0.8227,0
KM-102,20.02,77708,62.6,47.69,138333.7,47,0,0,0.0401,0.9573,0.1665,0.0,0.2867,0
KM-103,35.65,12738,54.34,63.67,123496.1,69,3,0,0.2771,0.0635,0.53,0.0,0.2189,0
KM-118,48.7,43359,74.21,76.91,28763.1,154,0,0,0.2372,0.399,0.231,0.1976,0.2685,0
KM-110,40.59,19693,66.47,72.51,55617.8,122,0,1,0.1647,0.2021,0.183,0.0718,0.1591,0
KM-104,94.54,7344,74.44,62.3,173198.7,145,1,1,0.9437,0.1078,0.2175,0.0,0.4008,0
KM-102,20.15,6498,69.35,66.37,149692.6,109,0,0,0.0406,0.0231,0.1635,0.0,0.0527,0
KM-112,26.15,1138,59.52,65.84,106581.8,24,1,1,0.1184,0.0817,0.2552,0.0,0.1129,0
KM-103,84.23,75965,59.93,82.24,40229.6,85,0,3,0.7094,1.0,0.3304,0.3497,0.6343,0
KM-102,69.99,2708,56.05,47.28,135525.5,5,1,2,0.5399,0.1662,0.3656,0.0,0.3037,0
KM-116,13.43,57115,70.22,80.32,70682.7,102,2,2,0.118,0.7632,0.153,0.295,0.3217,0
KM-121,93.27,22083,68.96,90.87,105367.6,109,2,0,0.9699,0.145,0.1635,0.5963,0.5277,0
KM-101,85.38,41510,70.92,71.9,94325.7,31,3,2,0.8789,0.5338,0.0465,0.0543,0.4612,0
KM-112,77.4,53887,65.66,76.71,143844.0,163,3,0,0.7491,0.5528,0.2445,0.1918,0.4877,0
KM-125,61.96,43727,72.8,94.32,146607.1,1,2,1,0.4839,0.4841,0.0015,0.6947,0.4296,0
KM-106,32.55,25322,62.12,79.62,127107.3,45,2,0,0.206,0.1781,0.1826,0.2749,0.2081,0
KM-110,26.8,47092,63.34,57.67,156095.1,136,1,0,0.1218,0.4516,0.2704,0.0,0.2096,1
KM-107,47.88,68904,59.21,58.16,10892.1,147,2,1,0.3292,0.8793,0.4519,0.0,0.4255,0
KM-110,78.93,2589,42.51,85.96,47338.0,156,1,0,0.673,0.0058,1.0,0.4559,0.5282,0
KM-104,17.86,72126,65.22,69.09,32759.2,34,0,1,0.0319,0.9361,0.051,0.0,0.2554,0
KM-115,14.25,59608,57.89,47.81,53329.7,38,3,1,0.1703,0.7232,0.3414,0.0,0.3087,0
KM-125,37.42,33402,59.77,96.99,105066.6,82,3,1,0.29,0.3498,0.332,0.7712,0.4096,0
KM-101,88.72,45760,64.63,45.26,34216.8,149,1,0,0.837,0.4326,0.2381,0.0,0.4487,1
KM-104,68.23,76357,49.41,73.52,116009.5,37,0,0,0.4655,0.9325,0.6789,0.1007,0.552,0
KM-109,47.84,68055,47.31,67.12,69717.3,124,1,1,0.2788,0.8646,0.8936,0.0,0.4925,0
KM-109,64.16,35773,47.55,85.67,111356.6,162,2,2,0.5117,0.459,0.941,0.4477,0.5716,0
KM-122,22.93,75083,42.99,47.58,121701.7,49,0,1,0.0526,0.9892,0.954,0.0,0.4565,0
KM-114,26.77,19199,69.34,87.56,171048.0,163,1,1,0.1217,0.1976,0.2445,0.5018,0.2412,1
KM-111,83.99,2401,58.17,85.65,59576.2,156,1,0,0.7554,0.0052,0.5074,0.4472,0.4566,0
KM-122,6.53,72354,53.39,67.06,36804.4,135,0,0,0.0043,0.8601,0.6669,0.0,0.3499,0
KM-107,36.33,21093,59.97,79.09,121026.3,135,4,0,0.332,0.1354,0.4036,0.2596,0.2827,0
KM-104,85.95,3204,48.63,74.04,135802.8,172,0,4,0.7388,0.328,0.9128,0.1156,0.5462,0
KM-122,37.91,39458,65.4,82.18,161813.1,25,2,2,0.2437,0.5064,0.0375,0.3481,0.289,0
KM-111,77.89,33430,72.11,62.43,87247.9,47,0,2,0.6066,0.4301,0.0705,0.0,0.334,0
KM-109,45.29,77721,50.57,90.67,66996.9,122,1,0,0.2551,0.9576,0.7603,0.5904,0.5988,0
KM-118,54.22,44309,55.15,47.63,34006.2,93,3,2,0.444,0.5722,0.5336,0.0,0.4051,0
KM-109,22.72,60234,57.44,69.4,171778.5,76,1,1,0.1016,0.7333,0.4165,0.0,0.3022,0
KM-106,22.11,26372,71.78,101.62,173023.7,80,2,1,0.1489,0.2693,0.12,0.9035,0.3241,0
KM-101,46.24,32312,45.69,78.91,140034.7,86,3,1,0.3638,0.3367,0.9012,0.2544,0.4426,1
KM-110,33.95,21022,65.51,50.72,80022.9,121,2,1,0.2153,0.2147,0.1815,0.0,0.1653,0
KM-102,94.39,54574,53.01,68.55,136996.4,163,0,0,0.891,0.5634,0.7241,0.0,0.5975,1
KM-117,75.88,5956,59.74,66.51,119910.4,114,3,2,0.7258,0.1803,0.3813,0.0,0.3754,0
KM-122,83.01,35540,47.87,70.88,130853.0,56,3,0,0.8391,0.2961,0.7692,0.0252,0.5266,0
KM-107,81.13,8812,54.68,91.82,88358.8,143,1,0,0.7082,0.0366,0.6273,0.6235,0.5071,1
KM-116,81.95,61315,62.26,66.86,56667.3,165,1,1,0.7216,0.751,0.357,0.0,0.5117,0
KM-124,36.73,62250,58.05,72.8,12945.6,116,1,0,0.1849,0.6864,0.4521,0.0799,0.3427,0
KM-125,58.14,35148,65.31,57.03,40626.2,85,1,0,0.388,0.2912,0.1275,0.0,0.2341,0
KM-112,25.19,46475,65.97,95.91,78960.1,50,2,0,0.1634,0.4428,0.075,0.7402,0.3309,1
KM-116,86.17,28127,66.69,77.55,31180.3,16,0,1,0.7426,0.2885,0.024,0.2157,0.38,1
KM-109,29.2,70087,41.48,60.92,110271.9,111,2,1,0.1852,0.9,1.0,0.0,0.4898,0
KM-109,45.39,21583,46.31,50.89,145615.7,151,0,1,0.2061,0.2201,0.9742,0.0,0.322,1
KM-109,22.57,22644,47.47,84.91,32532.1,81,4,0,0.2509,0.1506,0.8227,0.426,0.3752,1
KM-104,39.59,71482,67.38,52.46,144570.8,33,2,2,0.2568,1.0,0.0495,0.0,0.3498,0
KM-119,43.66,40194,56.88,52.11,173264.8,147,1,1,0.2407,0.4361,0.5453,0.0,0.3023,0
KM-123,33.49,20477,63.54,92.8,48831.9,119,3,1,0.2622,0.2095,0.2367,0.6515,0.3218,0
KM-121,32.61,17523,61.75,65.04,133222.3,78,1,0,0.1563,0.1025,0.2472,0.0,0.1298,0
KM-109,66.69,27049,47.19,67.89,176858.7,84,2,0,0.5448,0.1966,0.8384,0.0,0.4075,0
KM-124,94.13,56633,72.94,99.88,7009.1,62,1,1,0.9361,0.6756,0.093,0.8538,0.6859,1
KM-105,22.08,15256,52.13,68.86,51248.3,10,3,1,0.1988,0.1633,0.5299,0.0,0.2164,0
KM-115,90.63,69136,43.22,80.94,114138.5,111,3,1,0.9713,0.8834,1.0,0.3126,0.8233,0
KM-106,33.16,37963,48.73,45.12,35464.3,83,0,0,0.11,0.3269,0.7752,0.0,0.2752,0
KM-122,89.52,2813,61.88,67.41,13835.6,113,2,1,0.9013,0.0866,0.2942,0.0,0.3959,0
KM-114,21.97,25351,47.51,84.9,92157.1,27,1,2,0.0983,0.3384,0.74,0.4257,0.3521,0
KM-109,44.45,69498,60.63,81.8,116595.4,170,1,2,0.2476,0.9697,0.4298,0.3371,0.4825,0
KM-101,24.3,6039,71.89,66.29,79335.0,62,2,5,0.159,0.4207,0.093,0.0,0.1794,0
KM-110,51.22,2014,65.83,76.29,16980.3,73,0,1,0.2624,0.084,0.1095,0.1796,0.1707,0
KM-101,85.58,19257,67.56,72.26,115293.3,107,3,0,0.8824,0.1181,0.1605,0.0646,0.3834,0
KM-118,79.23,11751,55.54,46.31,57683.1,135,0,2,0.6277,0.2163,0.581,0.0,0.39,0
KM-114,6.03,57704,72.34,51.71,95374.3,92,4,0,0.2036,0.6126,0.138,0.0,0.252,0
KM-124,54.8,58620,65.99,49.6,157711.3,55,0,2,0.3004,0.7872,0.0825,0.0,0.3184,0
KM-107,25.86,24408,43.59,68.56,101840.0,35,1,2,0.1169,0.3285,0.9089,0.0,0.3048,0
KM-125,6.19,60848,45.61,85.42,36369.3,46,1,0,0.0538,0.6633,0.8445,0.4405,0.4417,0
KM-121,69.69,42605,67.63,62.81,99739.7,158,0,0,0.4856,0.3886,0.237,0.0,0.3145,0
KM-114,15.93,44939,44.14,57.71,59425.4,167,0,0,0.0254,0.421,1.0,0.0,0.3141,0
KM-115,72.45,55935,61.57,78.41,77760.6,19,2,0,0.6248,0.5846,0.1657,0.2404,0.4461,0
KM-113,83.35,44937,40.77,101.71,126909.8,64,3,0,0.8447,0.421,1.0,0.9059,0.7821,0
KM-103,23.39,1192,40.63,92.57,17083.0,131,3,0,0.2047,0.0018,1.0,0.6447,0.401,0
KM-124,72.74,34272,70.6,57.21,27292.6,118,2,2,0.6291,0.4404,0.177,0.0,0.3657,1
KM-125,77.32,44442,49.83,57.48,12347.5,6,1,1,0.6478,0.4941,0.6158,0.0,0.4734,0
KM-113,45.54,7476,68.13,71.01,179506.9,123,0,0,0.2074,0.0286,0.1845,0.0288,0.1224,1
KM-114,38.53,28197,53.11,67.17,12930.9,107,4,1,0.3484,0.2893,0.6362,0.0,0.3215,1
KM-116,10.98,22639,54.91,77.88,96187.8,62,2,1,0.1121,0.2305,0.4965,0.2252,0.2412,0
KM-107,64.62,36710,71.16,90.0,163940.0,131,3,1,0.5676,0.3908,0.1965,0.5714,0.45,0
KM-111,29.38,61935,60.6,56.12,109960.0,130,2,0,0.1863,0.6812,0.3711,0.0,0.3097,1
KM-102,17.03,50522,68.76,84.57,144342.3,128,2,1,0.129,0.5819,0.192,0.4163,0.3123,0
KM-121,67.52,67458,60.84,60.88,120844.6,132,4,0,0.6559,0.7743,0.3646,0.0,0.496,1
KM-105,28.36,67629,54.53,98.31,149257.2,60,0,1,0.0804,0.8573,0.5087,0.8088,0.506,0
KM-124,34.28,79278,74.87,94.52,152852.5,75,7,0,0.4675,0.9865,0.1125,0.7007,0.5729,0
KM-115,32.36,64344,73.64,98.5,153606.3,158,1,0,0.1547,0.7213,0.237,0.8144,0.4448,1
KM-114,87.49,53656,66.68,47.34,151495.9,99,2,0,0.8655,0.5493,0.1485,0.0,0.47,1
KM-119,44.81,34340,53.62,58.73,109449.1,152,1,1,0.2508,0.3612,0.6831,0.0,0.3147,0
KM-121,93.3,15211,70.14,72.67,169488.1,14,0,1,0.8705,0.1629,0.021,0.0763,0.3649,0
KM-118,14.91,37182,64.18,86.83,118511.8,150,0,1,0.0222,0.3969,0.2578,0.4808,0.2547,0
KM-112,8.81,62169,63.37,95.24,34702.5,148,1,0,0.0578,0.6851,0.2871,0.7212,0.3931,0
KM-108,77.25,57541,71.86,83.34,171868.6,13,0,1,0.5968,0.69,0.0195,0.3812,0.4615,0
KM-111,58.36,23439,60.79,87.16,16642.3,158,2,1,0.4405,0.2386,0.4053,0.4902,0.3929,0
KM-115,66.51,60546,65.81,62.19,145462.1,163,0,0,0.4424,0.6584,0.2445,0.0,0.3683,0
KM-123,60.71,34998,69.66,48.74,63673.8,53,4,0,0.5686,0.2894,0.0795,0.0,0.2872,1
KM-112,20.13,26338,56.42,61.11,22671.2,52,3,0,0.1905,0.1889,0.4212,0.0,0.1982,1
KM-123,76.85,26479,47.69,46.23,149658.2,28,2,0,0.6905,0.1904,0.7344,0.0,0.4362,0
KM-118,35.84,19814,74.54,61.28,22252.0,31,1,1,0.1784,0.2033,0.0465,0.0,0.1226,0
KM-108,32.33,60287,61.84,61.42,90371.0,145,2,1,0.2045,0.7342,0.3439,0.0,0.3239,0
KM-122,70.25,34455,59.15,104.51,121235.3,106,1,3,0.5435,0.5226,0.3929,0.9859,0.5966,1
KM-118,47.38,66982,59.59,86.22,120164.5,48,1,1,0.2745,0.8461,0.2886,0.4635,0.458,1
KM-113,85.09,68568,46.14,79.06,106380.0,90,5,0,0.974,0.7935,0.8893,0.259,0.7689,0
KM-121,30.08,51818,46.4,94.54,54998.8,166,2,0,0.1905,0.5213,0.993,0.7012,0.5358,0
KM-103,85.46,73779,59.49,95.71,144287.1,52,1,0,0.7803,0.8857,0.2985,0.7345,0.7011,0
KM-107,58.0,54772,61.82,81.02,14365.0,81,0,1,0.3364,0.6465,0.2486,0.3148,0.3921,1
KM-108,87.87,78485,61.35,100.47,142517.2,13,1,1,0.8221,1.0,0.1656,0.8706,0.745,0
KM-118,51.16,53509,74.98,91.17,74626.5,94,3,1,0.4118,0.627,0.141,0.6048,0.45,0
KM-120,50.89,79388,41.76,47.09,101453.0,52,4,0,0.4589,0.9885,1.0,0.0,0.6078,0
KM-113,15.04,55200,46.62,100.34,126734.3,107,3,1,0.1726,0.6532,0.8957,0.8669,0.5762,0
KM-121,80.16,76319,53.56,48.97,8352.2,54,0,0,0.6425,0.9318,0.5387,0.0,0.5656,0
KM-124,7.71,24666,50.28,47.49,116491.6,17,1,0,0.0559,0.1712,0.6142,0.0,0.1852,0
KM-105,84.64,45757,49.71,61.9,173588.1,52,2,0,0.8163,0.4326,0.6895,0.0,0.5318,0
KM-103,17.8,71427,49.14,65.6,151050.1,114,1,0,0.0817,0.8436,0.8055,0.0,0.4006,1
KM-112,29.57,77524,55.64,75.09,48165.3,118,3,3,0.2374,1.0,0.5516,0.1455,0.4725,1
KM-112,82.85,33299,54.39,69.14,159802.7,84,2,0,0.7864,0.2685,0.5503,0.0,0.4524,0
KM-102,21.62,24929,61.13,96.79,148936.6,116,1,0,0.0967,0.1739,0.3287,0.7654,0.2962,0
KM-114,61.9,75711,44.08,77.8,162922.3,112,0,0,0.3832,0.9207,1.0,0.2229,0.6089,0
KM-121,78.89,69309,58.31,86.98,76900.0,138,1,2,0.6723,0.9664,0.4746,0.4852,0.6689,0
KM-123,37.54,21922,74.32,57.88,16766.0,2,1,1,0.1909,0.2234,0.003,0.0,0.1233,0
KM-113,56.12,7078,59.64,59.77,79120.9,94,2,0,0.4149,0.0263,0.3552,0.0,0.2228,1
KM-120,7.45,55710,47.64,104.37,105526.4,170,3,0,0.1556,0.5811,0.9494,0.9819,0.586,0
KM-117,55.16,9848,69.21,66.5,164756.2,163,0,0,0.3042,0.0432,0.2445,0.0,0.1662,0
KM-122,73.57,50420,56.07,63.2,168197.1,6,1,0,0.5912,0.5003,0.3662,0.0,0.4053,0
KM-115,47.8,12795,48.74,84.25,113366.8,132,2,0,0.3285,0.064,0.8483,0.4071,0.3821,1
KM-119,74.62,16086,63.16,49.61,67066.6,100,2,0,0.6568,0.0902,0.2235,0.0,0.2971,0
KM-107,27.98,38952,55.54,90.0,98040.7,128,1,0,0.1283,0.3398,0.5702,0.5715,0.3582,1
KM-116,79.46,63653,45.47,58.21,95698.3,31,0,0,0.6313,0.7097,0.8277,0.0,0.5639,0
KM-109,33.17,51113,71.02,101.06,165373.6,125,2,1,0.2101,0.5907,0.1875,0.8874,0.4362,0
KM-102,79.2,56468,63.03,45.48,170055.6,108,2,1,0.7273,0.673,0.2407,0.0,0.471,0
KM-105,86.14,69207,70.95,78.56,149985.4,43,4,3,0.9421,1.0,0.0645,0.2447,0.6416,0
KM-111,45.9,32721,40.9,81.21,120413.5,18,0,1,0.2106,0.3416,0.9909,0.3203,0.4214,0
KM-115,42.79,36699,59.13,70.03,33039.5,112,3,0,0.3331,0.3107,0.403,0.0009,0.275,0
KM-125,64.55,9307,51.75,49.61,46124.0,85,2,0,0.5167,0.0397,0.6576,0.0,0.3223,0
KM-112,8.23,26553,41.77,47.36,105441.2,18,4,0,0.2068,0.1912,0.9561,0.0,0.3114,0
KM-113,55.96,6877,59.05,61.51,129151.8,72,2,0,0.4131,0.0252,0.3461,0.0,0.2201,0
KM-111,77.51,62692,51.11,60.56,20328.5,90,0,1,0.6008,0.7737,0.6904,0.0,0.5418,0
KM-123,24.0,67630,41.8,74.55,82368.7,143,1,0,0.1076,0.7773,1.0,0.1301,0.458,0
KM-105,73.41,71469,52.13,69.46,26974.0,146,0,0,0.539,0.8444,0.7338,0.0,0.5465,0
KM-123,77.26,7364,52.07,65.24,59584.6,73,1,0,0.6469,0.0279,0.6268,0.0,0.3587,0
KM-125,17.7,42347,43.7,47.72,119867.5,75,2,0,0.1313,0.3851,0.9647,0.0,0.3352,0
KM-110,50.42,5675,74.2,92.63,120399.0,85,2,1,0.3542,0.0989,0.1275,0.6465,0.3035,0
KM-124,55.78,15758,72.71,86.35,149072.8,119,0,1,0.3112,0.1674,0.1785,0.467,0.2799,0
KM-117,85.09,8135,50.29,57.62,138938.6,130,2,0,0.8241,0.0324,0.7833,0.0,0.4532,1
KM-111,81.22,50346,63.68,80.65,110551.3,144,0,0,0.6597,0.4992,0.2689,0.3044,0.4704,0
KM-125,6.65,71409,64.23,59.0,114432.8,105,1,1,0.0544,0.9233,0.1882,0.0,0.2875,1
KM-118,9.05,44169,46.42,80.65,76990.5,73,1,0,0.0582,0.4102,0.8527,0.3042,0.3543,0
KM-120,48.44,29992,63.55,88.46,91204.8,130,2,2,0.3347,0.3895,0.253,0.5273,0.3706,0
KM-110,54.2,31564,61.03,65.46,165521.9,76,0,5,0.2938,0.6478,0.2727,0.0,0.3193,0
KM-113,66.17,8697,60.34,60.22,137358.5,144,0,1,0.4378,0.1158,0.4023,0.0,0.2627,0
KM-114,70.59,59255,71.59,95.24,27289.7,46,0,0,0.4983,0.6375,0.069,0.721,0.4918,0
KM-115,49.91,44116,71.3,83.69,55444.0,79,1,0,0.2991,0.4095,0.1185,0.3913,0.309,0
KM-114,6.16,70590,68.53,98.66,149131.1,133,1,1,0.0538,0.9089,0.1995,0.819,0.4497,0
KM-125,40.09,26216,51.02,50.8,35957.0,54,2,3,0.2607,0.4276,0.6401,0.0,0.3262,0
KM-117,49.01,8493,60.73,86.68,68817.4,163,1,1,0.2902,0.1146,0.4153,0.4765,0.3086,0
KM-119,50.0,8130,61.67,56.2,9495.7,86,1,1,0.3,0.1124,0.2622,0.0,0.1855,0
KM-108,91.71,53975,49.88,62.88,53622.9,137,0,0,0.8411,0.5542,0.8103,0.0,0.595,1
KM-112,47.67,56734,48.18,83.27,148511.8,38,1,0,0.2773,0.5972,0.7298,0.379,0.4681,0
KM-117,60.23,72232,74.2,77.69,28745.5,175,2,0,0.4627,0.8579,0.2625,0.2196,0.4729,0
KM-114,35.36,78362,71.9,46.26,60260.3,121,4,2,0.325,1.0,0.1815,0.0,0.4001,0
KM-109,27.58,41475,60.29,65.74,147759.6,29,1,0,0.1261,0.3733,0.2319,0.0,0.1838,0
KM-117,14.57,19157,52.42,69.04,25150.6,179,0,1,0.0212,0.1972,0.7719,0.0,0.2111,0
KM-106,45.98,56512,72.92,83.93,172049.0,169,0,0,0.2115,0.5937,0.2535,0.3979,0.3527,0
KM-118,41.13,46875,50.41,54.75,123233.7,4,1,0,0.2192,0.4485,0.5897,0.0,0.3068,0
KM-118,83.47,70922,44.08,60.26,56706.9,123,2,0,0.7968,0.8347,1.0,0.0,0.6875,0
KM-103,18.63,8354,53.0,81.86,96641.1,174,3,1,0.1847,0.1137,0.7408,0.339,0.309,0
KM-118,32.63,29926,72.93,52.46,158148.4,87,1,2,0.1565,0.3888,0.1305,0.0,0.1781,0
KM-105,5.94,66449,56.84,93.58,171343.2,155,2,0,0.1035,0.757,0.5587,0.6737,0.472,0
KM-121,44.59,23195,40.84,51.99,27241.8,135,2,0,0.2988,0.1561,1.0,0.0,0.3436,1
KM-111,79.37,79545,49.26,75.21,16919.1,172,2,0,0.73,0.9915,0.8877,0.1489,0.7107,1
KM-114,19.82,79002,61.9,79.3,37346.7,160,2,2,0.1393,1.0,0.3641,0.2656,0.4247,0
KM-115,17.87,63217,47.08,68.2,13951.3,111,3,0,0.1819,0.7025,0.8833,0.0,0.4159,0
KM-119,10.58,30831,60.09,78.96,158655.9,60,1,4,0.0612,0.5592,0.2866,0.256,0.2698,0
KM-110,90.14,10837,55.9,72.09,168962.4,89,0,0,0.8125,0.0499,0.4975,0.0598,0.4083,0
KM-109,19.95,15506,64.18,88.73,13220.3,141,0,0,0.0398,0.0853,0.2445,0.5351,0.1912,0
KM-125,9.99,2079,54.38,74.38,77702.5,68,0,0,0.01,0.0042,0.5269,0.1251,0.1349,0
KM-108,54.49,33230,53.76,59.22,21969.0,118,1,1,0.3469,0.3477,0.6266,0.0,0.3337,0
KM-112,11.55,70322,69.53,64.5,125276.7,14,1,0,0.0633,0.8241,0.021,0.0,0.2324,0
KM-123,60.1,57759,67.97,65.05,132902.3,92,2,0,0.4613,0.6135,0.138,0.0,0.3424,1
KM-105,67.28,14921,62.83,72.58,123258.2,126,2,1,0.5527,0.1605,0.2758,0.0737,0.3035,1
KM-112,70.72,52413,70.79,99.42,178518.2,65,1,2,0.5501,0.6903,0.0975,0.8406,0.5527,0
KM-118,56.8,22398,51.03,58.48,17101.9,47,0,0,0.3227,0.1481,0.6295,0.0,0.2759,0
KM-120,67.94,30320,66.07,69.74,39257.2,40,2,0,0.5616,0.2333,0.06,0.0,0.2669,0
KM-117,67.46,52137,50.09,45.39,91841.9,38,0,0,0.4551,0.5261,0.6535,0.0,0.4215,1
KM-103,20.7,2378,42.13,46.86,130022.5,116,1,1,0.0928,0.0851,1.0,0.0,0.2538,1
KM-111,57.93,31607,60.89,93.61,80192.8,16,1,0,0.3856,0.2483,0.1883,0.6746,0.3696,1
KM-116,22.88,2462,53.47,71.16,108958.7,21,2,0,0.1523,0.0054,0.4929,0.0331,0.1599,0
KM-125,24.26,60123,52.61,81.29,72804.0,168,3,0,0.2089,0.6515,0.7475,0.3226,0.45,0
KM-123,64.63,39990,63.21,85.74,168054.6,170,1,0,0.4677,0.3534,0.3268,0.4498,0.4074,0
KM-114,10.14,60658,47.72,53.29,155344.6,120,1,1,0.0603,0.7402,0.8711,0.0,0.3804,0
KM-122,41.96,18174,61.71,93.23,19651.9,157,2,2,0.2761,0.2683,0.367,0.6636,0.3698,1
KM-102,91.87,77646,62.12,88.57,69218.2,99,2,0,0.944,0.9562,0.2637,0.5305,0.7283,1
KM-119,52.11,20773,67.42,99.56,69790.6,35,1,1,0.3215,0.2123,0.0525,0.8444,0.345,0
KM-125,86.29,21711,68.43,49.94,109994.4,83,3,1,0.8946,0.2214,0.1245,0.0,0.3934,0
KM-123,81.8,20581,51.61,75.03,118001.9,26,1,0,0.7191,0.1305,0.5747,0.1439,0.428,1
KM-114,45.09,22045,63.18,90.11,147090.6,20,2,2,0.3033,0.3047,0.1028,0.5746,0.3178,0
KM-103,83.57,21213,50.75,96.58,172907.6,172,0,2,0.6985,0.2965,0.828,0.7595,0.6361,0
KM-105,51.0,17766,56.7,92.58,176717.3,3,1,2,0.3101,0.2647,0.3364,0.6453,0.371,0
KM-117,32.38,48766,61.42,63.38,62068.9,79,3,0,0.2549,0.4759,0.2617,0.0,0.2605,0
KM-109,16.91,76452,44.87,45.64,100245.0,1,0,0,0.0286,0.9342,0.8065,0.0,0.4049,0
KM-102,20.07,35758,70.8,75.33,93857.6,38,0,0,0.0403,0.2988,0.057,0.1523,0.1307,0
KM-105,64.68,12357,54.53,70.33,142386.2,35,3,0,0.5684,0.0607,0.4713,0.0095,0.3103,1
KM-104,51.16,49517,50.91,95.74,50430.6,16,1,1,0.3117,0.567,0.5878,0.7354,0.5155,1
KM-111,87.35,32551,49.85,94.33,136748.5,110,2,1,0.863,0.3395,0.771,0.6952,0.6802,1
KM-111,71.96,11400,65.16,51.64,11228.3,70,0,0,0.5179,0.0538,0.105,0.0,0.2157,0
KM-124,8.51,78239,68.08,65.47,82732.1,39,4,1,0.2072,1.0,0.0585,0.0,0.3342,0
KM-118,93.82,38333,67.39,98.19,74762.4,114,0,1,0.8802,0.4117,0.171,0.8054,0.6063,1
KM-112,90.86,39871,42.4,104.51,171494.5,113,1,0,0.8756,0.3518,1.0,0.9861,0.7916,0
KM-123,25.15,23813,55.35,103.65,146376.5,169,2,2,0.1633,0.3224,0.6394,0.9614,0.4579,0
KM-115,75.48,2301,65.13,62.02,62099.4,35,1,1,0.6198,0.0849,0.0525,0.0,0.2486,0
KM-101,27.23,75219,55.4,73.97,42150.0,65,2,3,0.1741,1.0,0.4814,0.1135,0.4299,0
KM-113,40.4,79863,45.6,86.47,34324.1,125,3,1,0.3132,1.0,0.9637,0.4707,0.6465,0
KM-119,38.96,15380,46.51,102.05,41732.1,79,2,0,0.2518,0.0843,0.8582,0.9157,0.464,0
KM-125,68.54,41544,57.78,82.21,88604.9,157,1,0,0.5197,0.3742,0.5241,0.349,0.4501,1
KM-109,52.8,77290,68.91,86.79,166712.8,105,1,1,0.3288,1.0,0.1575,0.4798,0.4925,1
KM-102,66.99,56421,48.46,70.56,174355.0,170,3,2,0.5988,0.7523,0.9164,0.016,0.5841,0
KM-102,39.04,73902,54.46,56.96,77164.1,74,2,0,0.2524,0.8879,0.5326,0.0,0.4168,0
KM-114,31.82,32376,48.11,95.94,74522.5,62,2,1,0.2012,0.3375,0.7688,0.741,0.4568,0
KM-121,54.2,79518,49.88,49.86,158407.4,42,0,1,0.2938,1.0,0.6677,0.0,0.4864,0
KM-117,15.34,24889,57.57,79.99,106318.9,108,0,0,0.0235,0.1735,0.4592,0.2854,0.2005,0
KM-105,83.54,53057,72.17,70.43,64873.2,92,2,2,0.7978,0.7001,0.138,0.0122,0.4843,0
KM-124,35.77,39762,67.87,94.98,177509.4,100,5,0,0.3779,0.3504,0.15,0.7136,0.3926,0
KM-116,39.87,73903,66.21,66.42,116080.2,80,1,0,0.209,0.8879,0.12,0.0,0.3191,0
KM-101,72.37,69546,73.85,87.91,172498.6,142,3,1,0.6738,0.8905,0.213,0.5116,0.6034,0
KM-121,23.54,43919,41.37,103.64,47411.9,23,1,3,0.1054,0.6468,0.9795,0.9611,0.5867,0
KM-104,42.65,78355,62.7,49.11,162044.5,22,0,2,0.1819,1.0,0.1251,0.0,0.3387,1
KM-116,57.55,23884,67.19,95.85,36818.1,131,0,1,0.3312,0.2431,0.1965,0.7387,0.3637,0
KM-106,24.06,67708,69.28,87.26,167504.5,125,4,0,0.2579,0.7786,0.1875,0.4931,0.421,1
KM-117,15.92,44965,68.41,73.94,15029.3,170,0,0,0.0253,0.4214,0.255,0.1125,0.1877,0
KM-104,57.44,69619,66.68,80.5,38604.1,51,1,0,0.38,0.8118,0.0765,0.3001,0.4113,0
KM-111,17.27,67275,46.91,93.31,37511.0,106,2,0,0.1298,0.7712,0.8824,0.666,0.5479,0
KM-118,11.27,12283,72.29,75.14,62379.7,166,3,0,0.1627,0.0602,0.249,0.1469,0.1512,1
KM-119,71.66,10111,51.36,85.37,64021.7,70,1,1,0.5635,0.1249,0.6505,0.439,0.4464,1
KM-125,46.11,56087,44.0,60.32,149895.9,170,0,1,0.2126,0.667,1.0,0.0,0.4412,1
KM-120,43.25,42302,44.13,47.71,81632.5,2,1,0,0.237,0.3845,0.8378,0.0,0.3467,0
KM-118,36.16,38265,51.63,63.93,23659.1,172,1,3,0.1807,0.5708,0.7926,0.0,0.3645,0
KM-125,30.67,12154,63.98,62.4,40256.2,54,0,0,0.0941,0.0592,0.1218,0.0,0.0721,0
KM-125,48.71,50156,45.76,48.83,60543.0,3,3,0,0.3872,0.4964,0.7741,0.0,0.4145,0
KM-113,82.46,12211,42.79,85.99,168199.2,88,1,2,0.73,0.2196,1.0,0.4568,0.6018,0
KM-111,85.93,3892,49.5,63.97,152869.9,127,2,1,0.8384,0.0907,0.8103,0.0,0.4782,0
KM-104,25.32,62465,73.05,104.73,83798.4,168,0,1,0.0641,0.77,0.252,0.9923,0.4638,0
KM-108,55.89,57116,51.13,45.53,71873.3,97,0,2,0.3123,0.7633,0.7004,0.0,0.4402,0
KM-105,92.93,49353,66.3,101.48,123408.0,78,0,0,0.8635,0.4845,0.117,0.8994,0.6267,0
KM-107,68.07,47762,67.93,89.31,16164.0,83,1,2,0.5134,0.6213,0.1245,0.5518,0.4703,0
KM-123,38.95,43292,46.32,101.86,43285.0,105,2,0,0.2517,0.3981,0.9046,0.9103,0.5506,1
KM-116,10.26,12332,50.12,67.16,121155.0,17,1,2,0.0605,0.2205,0.6206,0.0,0.2004,0
KM-106,76.61,75160,49.88,80.12,49872.3,49,2,0,0.6869,0.9106,0.6783,0.2891,0.6615,0
KM-119,51.3,78527,56.34,66.58,98827.2,143,2,1,0.3632,1.0,0.5609,0.0,0.4893,0
KM-118,82.67,39523,42.41,77.98,78003.7,95,1,0,0.7334,0.3472,1.0,0.2281,0.5891,1
KM-123,92.47,50316,54.06,75.17,151904.3,147,1,0,0.905,0.4988,0.6581,0.1476,0.6026,1
KM-120,92.59,16366,40.33,49.52,70774.2,69,0,1,0.8574,0.1725,1.0,0.0,0.5432,1
KM-110,27.93,74690,74.43,48.01,21921.5,92,3,0,0.228,0.9021,0.138,0.0,0.3329,1
KM-120,59.53,31373,56.0,62.42,103338.7,141,3,1,0.5044,0.3256,0.5716,0.0,0.3723,0
KM-101,75.67,44226,61.53,100.61,173360.2,116,1,1,0.6226,0.491,0.3129,0.8747,0.5782,0
KM-106,90.69,29690,54.17,104.93,14619.1,21,1,1,0.8725,0.3061,0.4645,0.9979,0.6744,1
KM-120,33.48,25502,64.95,68.57,50274.4,87,4,3,0.3121,0.42,0.1325,0.0,0.2407,0
KM-104,72.38,32556,74.84,62.25,99188.5,81,1,0,0.5739,0.2596,0.1215,0.0,0.2901,1
KM-112,81.05,52012,58.03,104.42,111984.8,17,2,1,0.7569,0.6042,0.3043,0.9833,0.6735,1
KM-124,35.23,50570,60.18,65.52,146746.3,65,0,1,0.1241,0.5826,0.2904,0.0,0.2472,1
KM-107,51.0,43863,73.84,79.27,156100.5,167,1,1,0.3101,0.486,0.2505,0.2649,0.3331,0
KM-104,13.32,63501,49.19,79.87,130679.4,179,2,2,0.1177,0.8672,0.901,0.2821,0.4946,0
KM-111,20.57,77958,49.57,89.19,14040.0,68,1,1,0.0923,1.0,0.7191,0.5482,0.5358,0
KM-112,22.3,7523,74.12,69.67,82824.7,108,2,1,0.1497,0.1088,0.162,0.0,0.112,0
KM-123,5.7,53709,74.53,61.7,74198.2,15,0,1,0.0032,0.6301,0.0225,0.0,0.1632,0
KM-122,65.94,12826,42.54,56.95,65868.9,7,1,0,0.4848,0.0642,0.9088,0.0,0.3675,0
KM-120,24.22,50476,65.28,45.44,94098.7,21,4,0,0.2587,0.5012,0.0315,0.0,0.2221,0
KM-124,50.53,78095,43.2,89.8,7204.4,6,1,0,0.3054,0.9645,0.8809,0.5656,0.6373,0
KM-125,74.99,42025,51.53,86.6,139093.0,111,0,5,0.5624,0.7807,0.7054,0.4744,0.628,1
KM-113,59.87,71601,45.47,90.11,104447.0,173,0,0,0.3585,0.8467,1.0,0.5745,0.652,0
KM-107,20.67,27505,62.11,76.12,13954.0,75,1,1,0.0927,0.2816,0.2281,0.175,0.1835,0
KM-102,28.23,61102,50.43,72.3,33621.9,151,0,3,0.0797,0.9075,0.8094,0.0658,0.4298,0
KM-108,56.96,63515,49.29,93.41,49066.2,18,1,0,0.3745,0.7074,0.6552,0.6688,0.5727,1
KM-110,28.86,16994,64.21,92.7,33587.0,54,2,1,0.1833,0.1779,0.1127,0.6486,0.2609,0
KM-121,16.62,74495,62.51,63.94,113765.8,154,1,0,0.0776,0.8986,0.3307,0.0,0.3179,0
KM-123,78.9,37404,69.22,87.62,24688.0,137,2,0,0.7226,0.3197,0.2055,0.5035,0.4746,0
KM-124,30.12,36187,62.9,104.89,18118.0,21,1,0,0.1407,0.3042,0.1156,0.9969,0.3478,1
KM-115,63.17,15016,58.0,77.35,49641.4,129,2,0,0.499,0.0813,0.4736,0.21,0.3317,0
KM-112,58.34,75308,70.04,72.82,142247.5,159,1,1,0.3904,0.9933,0.2385,0.0805,0.4488,0
KM-117,93.29,29036,52.43,85.95,120890.6,26,1,1,0.9204,0.2987,0.5416,0.4557,0.5963,0
KM-120,69.42,67060,55.72,72.56,18469.6,155,1,0,0.5319,0.7675,0.6038,0.0731,0.5134,0
KM-111,36.67,55880,59.27,56.55,22828.8,115,1,1,0.1845,0.6638,0.4017,0.0,0.3109,0
KM-118,35.82,62192,43.2,90.4,106926.1,80,1,0,0.1783,0.6854,0.9921,0.5828,0.5487,0
KM-109,80.63,50999,58.39,51.57,40499.3,117,1,1,0.7001,0.589,0.4399,0.0,0.4803,1
KM-119,28.44,28867,65.05,86.22,161294.9,42,1,0,0.1309,0.2168,0.063,0.4633,0.2053,0
KM-121,60.78,78225,46.44,51.34,147248.9,125,2,2,0.4694,1.0,0.9298,0.0,0.6002,0
KM-124,30.75,24104,40.67,70.92,10777.1,105,0,1,0.0946,0.2454,1.0,0.0263,0.2997,0
KM-112,9.33,60840,40.51,100.27,175815.1,16,1,2,0.0587,0.8232,1.0,0.8648,0.5993,0
KM-119,87.05,23340,54.19,104.05,56143.6,103,1,1,0.8077,0.2376,0.5868,0.9727,0.654,1
KM-117,85.62,17559,62.98,99.42,34531.2,132,2,1,0.8331,0.1828,0.2788,0.8405,0.5612,1
KM-122,35.21,68288,58.02,75.8,23763.9,51,0,1,0.124,0.8686,0.3558,0.1656,0.3648,1
KM-104,12.81,11931,68.75,66.24,119768.6,22,1,0,0.0664,0.0576,0.033,0.0,0.0442,1
KM-122,20.5,63224,71.18,79.17,150668.4,49,0,4,0.042,1.0,0.0735,0.262,0.3318,0
KM-120,29.75,45328,67.32,99.61,71995.8,140,1,0,0.1385,0.4265,0.21,0.8461,0.3663,0
KM-110,45.43,28818,46.12,97.48,134050.5,161,2,0,0.3064,0.2162,0.9968,0.7853,0.5177,1
KM-125,28.14,50833,40.98,67.52,114681.8,177,1,1,0.1292,0.5865,1.0,0.0,0.3918,0
KM-106,6.52,32673,49.44,94.18,179886.3,119,5,2,0.2543,0.421,0.801,0.6909,0.4926,0
KM-118,29.45,32362,47.13,60.64,21192.5,130,3,2,0.2368,0.4173,0.9097,0.0,0.3691,1
KM-109,64.22,29718,72.51,74.8,152515.5,58,0,2,0.4124,0.3864,0.087,0.1373,0.2858,0
KM-107,16.5,41502,50.5,47.06,116112.7,152,2,1,0.1272,0.4537,0.8082,0.0,0.3196,0
KM-107,86.92,3147,43.27,46.0,157868.5,114,1,3,0.8055,0.2478,1.0,0.0,0.5439,0
KM-119,41.61,7862,40.67,86.39,170461.6,26,2,2,0.2731,0.1908,1.0,0.4682,0.4369,0
KM-101,25.97,5886,53.4,55.67,66551.0,106,2,0,0.1675,0.02,0.6229,0.0,0.1882,0
KM-101,53.71,68306,64.54,48.34,164552.4,39,2,0,0.3885,0.789,0.0769,0.0,0.3486,0
KM-118,45.6,45247,60.79,88.16,113280.7,17,1,1,0.258,0.5054,0.1937,0.5188,0.3591,0
KM-107,89.14,4981,59.0,52.76,70768.7,178,2,0,0.8946,0.0155,0.5069,0.0,0.4184,1
KM-120,41.57,46836,72.68,100.96,26915.3,131,0,2,0.1728,0.608,0.1965,0.8845,0.4287,0
KM-103,43.69,66864,46.12,83.88,47954.5,94,2,0,0.2908,0.7641,0.8963,0.3966,0.5514,1
KM-109,34.78,33463,74.58,68.36,133207.2,58,0,0,0.121,0.2705,0.087,0.0,0.1274,0
KM-110,88.26,14503,64.58,62.97,52050.0,66,2,0,0.8789,0.0772,0.1156,0.0,0.35,0
KM-125,7.84,29561,52.91,91.18,146913.7,149,1,1,0.0561,0.3046,0.7073,0.6053,0.3583,1
KM-117,86.7,63119,51.95,57.94,147399.3,46,2,1,0.8517,0.7808,0.5909,0.0,0.6115,1
KM-124,91.84,56718,62.58,46.02,173064.2,31,1,1,0.8935,0.677,0.1433,0.0,0.5106,1
KM-105,79.04,26988,73.37,99.19,129898.6,61,0,1,0.6247,0.2759,0.0915,0.834,0.4727,0
KM-106,34.11,11976,58.78,96.6,42281.2,48,0,2,0.1163,0.2179,0.3209,0.7599,0.3114,0
KM-113,7.82,14237,68.62,103.74,92827.2,104,1,1,0.0561,0.1551,0.156,0.9639,0.2824,1
KM-112,31.72,74705,69.97,50.95,20876.2,112,1,1,0.1506,0.9824,0.168,0.0,0.3319,0
KM-118,67.71,48934,49.6,64.2,138551.3,49,1,0,0.5084,0.4784,0.6897,0.0,0.4355,0
KM-103,19.48,78462,69.86,79.88,18812.7,21,4,1,0.2379,1.0,0.0315,0.2823,0.396,0
KM-123,35.48,57096,69.12,69.21,63327.5,17,4,2,0.3258,0.7629,0.0255,0.0,0.3099,0
KM-117,8.16,47073,50.16,49.92,57236.3,21,2,0,0.1067,0.4514,0.625,0.0,0.2752,0
KM-120,70.79,29251,63.24,59.25,90623.9,103,1,0,0.5511,0.2211,0.2249,0.0,0.2931,0
KM-115,46.63,10336,46.94,97.46,66692.6,122,1,0,0.2675,0.0464,0.9055,0.7847,0.4433,0
KM-114,49.37,4513,46.86,101.63,175885.7,25,1,0,0.2938,0.0134,0.7631,0.9036,0.4395,0
KM-109,64.3,10107,65.5,76.68,40364.2,92,0,3,0.4135,0.2849,0.138,0.191,0.2817,0
KM-112,57.93,18322,53.16,90.38,99440.8,154,1,1,0.3856,0.1896,0.7046,0.5822,0.4397,1
KM-119,46.97,10719,74.34,89.42,25651.1,18,0,1,0.2207,0.129,0.027,0.5549,0.2259,0
KM-103,20.74,28499,58.91,48.02,16008.8,156,1,3,0.093,0.4526,0.4777,0.0,0.2412,0
KM-118,70.69,59436,48.91,74.34,76296.4,115,2,1,0.5998,0.7204,0.816,0.1239,0.578,0
KM-102,84.7,3765,59.66,55.25,39595.8,2,2,0,0.8174,0.0102,0.2168,0.0,0.332,0
KM-117,6.41,15706,43.14,60.41,21190.4,120,4,0,0.2041,0.087,1.0,0.0,0.2932,0
KM-125,90.96,11619,40.04,98.64,96299.6,163,3,3,0.9773,0.2954,1.0,0.8183,0.7795,1
KM-104,74.56,39192,49.38,76.21,104004.9,26,0,2,0.5559,0.5029,0.6639,0.1775,0.4885,0
KM-114,20.88,5581,74.51,91.84,73291.7,7,1,1,0.0936,0.0984,0.0105,0.624,0.1843,0
KM-119,62.98,75599,70.34,98.64,165963.7,110,0,1,0.3966,0.9986,0.165,0.8182,0.5851,0
KM-109,20.01,66131,59.49,98.51,55253.8,27,0,0,0.04,0.7516,0.2609,0.8146,0.417,0
KM-121,65.58,38792,70.9,73.38,95944.9,101,4,0,0.6301,0.3377,0.1515,0.0966,0.3546,0
KM-102,88.55,58089,55.85,95.13,173282.2,101,3,1,0.9342,0.6987,0.5176,0.7181,0.7488,1
KM-120,23.68,68359,70.37,70.93,174153.4,98,2,3,0.1561,1.0,0.147,0.0265,0.3393,0
KM-114,70.21,59645,67.4,71.56,89921.7,49,0,1,0.4929,0.7238,0.0735,0.0446,0.3771,1
KM-102,52.34,19302,52.66,76.46,122377.3,9,1,1,0.3239,0.1985,0.507,0.1844,0.3013,1
KM-106,60.63,77920,52.6,49.6,79602.1,136,0,1,0.3676,1.0,0.7,0.0,0.5187,0
KM-125,26.37,31936,65.1,77.29,94023.5,56,0,0,0.0696,0.2522,0.084,0.2082,0.1458,0
KM-112,27.27,20276,63.52,83.13,146008.7,52,0,0,0.0744,0.1276,0.1372,0.375,0.1604,0
KM-101,29.14,33959,40.26,76.09,11567.5,55,2,2,0.1849,0.4366,1.0,0.1741,0.4087,1
KM-125,46.92,46712,58.96,82.77,49960.0,155,2,2,0.3201,0.6062,0.4743,0.3647,0.4314,0
KM-114,23.84,27708,60.35,101.87,14397.0,54,2,0,0.1568,0.2038,0.267,0.9105,0.3413,0
KM-106,50.75,46117,65.99,61.79,103866.7,126,3,0,0.4076,0.4377,0.189,0.0,0.2899,0
KM-116,44.93,68067,69.99,86.05,159427.2,114,1,1,0.2519,0.8648,0.171,0.4586,0.4303,0
KM-121,31.93,20787,46.63,52.54,59426.2,176,3,2,0.252,0.2925,0.9987,0.0,0.361,0
KM-122,14.26,37495,66.84,61.1,108390.8,86,1,1,0.0703,0.4009,0.129,0.0,0.1506,0
KM-120,54.74,69921,44.41,76.77,52050.8,8,1,1,0.3497,0.8971,0.8354,0.1935,0.5524,0
KM-108,43.79,76386,59.31,95.47,179448.6,113,0,1,0.1917,1.0,0.3971,0.7276,0.5421,1
KM-103,25.74,2067,64.19,97.99,170934.7,99,1,1,0.1162,0.0842,0.181,0.7998,0.2579,0
KM-104,70.37,72327,68.84,83.85,174565.3,175,2,1,0.5952,0.9396,0.2625,0.3957,0.5749,0
KM-118,37.38,29754,73.97,51.74,51988.4,176,1,0,0.1897,0.2268,0.264,0.0,0.1759,1
KM-107,41.97,77928,53.6,71.62,160979.9,55,0,0,0.1762,0.9614,0.5384,0.0463,0.419,0
KM-107,12.21,54015,40.35,50.09,146334.5,141,2,3,0.1149,0.7948,1.0,0.0,0.4389,1
KM-113,72.25,26958,74.33,54.34,44491.3,75,4,1,0.722,0.2756,0.1125,0.0,0.3441,0
KM-105,54.92,65471,51.41,58.23,166925.4,70,1,1,0.3516,0.8204,0.6485,0.0,0.4578,0
KM-125,92.06,59971,58.17,103.76,126863.4,115,1,1,0.8975,0.729,0.4459,0.9645,0.7784,0
KM-101,5.76,74704,64.96,66.98,14263.8,93,2,1,0.1033,0.9824,0.1413,0.0,0.31,0
KM-104,37.06,67201,59.67,45.35,18739.2,81,0,2,0.1373,0.9299,0.3345,0.0,0.3474,0
KM-124,50.27,11514,72.97,89.37,20158.5,150,1,0,0.3027,0.0546,0.225,0.5535,0.2753,0
KM-125,45.86,71382,61.57,73.97,73307.0,12,2,1,0.3103,0.9228,0.1553,0.1135,0.3931,0
KM-111,51.81,79025,49.04,94.12,162430.1,43,0,0,0.2684,0.9818,0.7028,0.689,0.6178,0
KM-105,8.27,44397,58.56,84.77,108279.9,79,2,0,0.1068,0.4134,0.3759,0.4219,0.3003,0
KM-110,74.05,9493,46.01,93.47,126253.7,170,3,2,0.6983,0.2009,1.0,0.6706,0.6287,0
KM-123,28.03,13041,55.74,90.38,143973.5,159,1,1,0.1286,0.1458,0.6088,0.5823,0.3197,0
KM-106,66.71,10777,55.08,56.88,81653.8,105,0,0,0.4451,0.0494,0.5542,0.0,0.279,0
KM-107,33.85,64620,50.37,79.34,82324.4,130,2,0,0.2146,0.726,0.7804,0.2668,0.466,0
KM-120,18.68,35077,49.77,83.78,157829.4,24,3,1,0.1849,0.3703,0.6452,0.3938,0.3651,0
KM-101,25.99,26762,50.83,86.65,7821.8,39,1,0,0.1175,0.1935,0.6254,0.4757,0.3097,0
KM-110,24.6,23958,49.92,62.03,89401.0,26,2,0,0.1605,0.1639,0.642,0.0,0.2256,0
KM-107,5.35,19522,50.6,72.56,148143.6,73,1,0,0.0529,0.1205,0.6856,0.0732,0.2004,0
KM-109,25.89,31869,47.64,52.83,7201.1,134,0,0,0.067,0.2514,0.8954,0.0,0.2654,0
KM-105,58.22,1370,42.64,94.65,79842.1,81,2,2,0.4389,0.1622,1.0,0.7044,0.5351,1
KM-111,89.01,43487,45.63,78.79,170160.5,146,2,2,0.8923,0.5608,0.9936,0.2511,0.7015,0
KM-110,94.51,13884,55.19,89.86,179956.5,69,1,0,0.9432,0.0723,0.4961,0.5673,0.5609,1
KM-123,91.66,53186,69.29,79.34,179861.3,60,0,1,0.8402,0.6221,0.09,0.2668,0.5209,1
KM-102,76.36,51617,74.13,58.94,159227.1,154,1,1,0.633,0.5983,0.231,0.0,0.4173,0
KM-119,30.85,38289,40.53,63.76,107925.1,167,1,1,0.1452,0.4111,1.0,0.0,0.3536,0
KM-110,75.05,40291,70.17,78.86,76801.2,10,1,0,0.6133,0.3574,0.015,0.2531,0.3576,0
KM-117,27.92,39383,46.58,53.88,22269.9,142,0,0,0.078,0.3454,0.9499,0.0,0.3036,0
KM-117,71.55,79345,68.85,78.89,36440.0,30,0,2,0.512,1.0,0.045,0.254,0.489,1
KM-104,88.93,26368,60.92,93.57,145026.7,34,2,1,0.8908,0.2692,0.2143,0.6733,0.5566,1
KM-112,91.6,34351,72.6,50.34,94517.0,8,2,0,0.939,0.2814,0.012,0.0,0.4014,0
KM-111,92.12,67324,60.7,88.15,135417.3,158,1,0,0.8986,0.772,0.4091,0.5186,0.6931,0
KM-106,11.46,56897,55.12,68.17,125719.1,179,0,0,0.0131,0.5998,0.6638,0.0,0.2873,0
KM-125,86.86,39015,52.96,58.57,157745.3,159,0,1,0.7545,0.4206,0.7201,0.0,0.5132,0
KM-102,32.58,33328,73.53,75.18,19510.1,85,1,0,0.1561,0.2689,0.1275,0.1481,0.177,0
KM-106,22.2,56673,49.3,91.03,41030.3,132,3,0,0.1993,0.5963,0.8262,0.601,0.5042,1
KM-102,64.34,8848,71.53,100.8,72124.3,162,1,0,0.464,0.0368,0.243,0.88,0.3962,0
KM-118,42.96,45990,63.82,96.53,115052.8,3,1,0,0.2346,0.4359,0.0517,0.758,0.353,0
KM-119,38.95,68421,54.56,103.67,40098.8,35,2,1,0.2517,0.871,0.47,0.962,0.5922,1
KM-112,82.94,44220,69.77,97.67,101150.0,125,2,1,0.7879,0.491,0.1875,0.7906,0.5941,1
KM-119,9.81,57176,56.63,64.04,139103.2,10,2,1,0.1096,0.6842,0.3498,0.0,0.2794,1
KM-101,73.7,51621,48.0,97.95,8521.3,43,1,1,0.5931,0.5983,0.7444,0.7986,0.6658,0
KM-121,31.35,34725,73.46,76.88,74950.9,76,1,0,0.1483,0.286,0.114,0.1966,0.1855,0
KM-101,81.54,70619,42.65,79.62,117459.9,172,3,0,0.8149,0.8294,1.0,0.275,0.7475,1
KM-120,69.9,23369,56.54,97.64,12049.2,8,0,0,0.4886,0.1579,0.3504,0.7898,0.4385,0
KM-115,36.39,22605,45.59,98.78,75785.9,82,2,0,0.2324,0.1502,0.8995,0.8222,0.4632,1
KM-117,38.18,30047,53.19,77.01,5042.2,76,1,0,0.1958,0.2302,0.5865,0.2004,0.2834,1
KM-102,68.82,3810,70.3,59.48,18743.8,51,1,1,0.5236,0.0904,0.0765,0.0,0.2212,0
KM-113,59.34,37558,41.4,104.06,72109.2,164,0,1,0.3522,0.4017,1.0,0.9731,0.6183,0
KM-113,45.12,58745,74.89,54.22,156018.7,25,2,0,0.3035,0.6292,0.0375,0.0,0.2711,0
KM-125,66.94,14663,40.71,57.31,90239.4,72,2,0,0.5481,0.0785,1.0,0.0,0.4114,0
KM-116,77.24,74741,59.46,69.24,85520.5,90,1,1,0.6466,0.983,0.3567,0.0,0.5434,0
KM-108,49.78,3402,58.26,45.8,8403.1,142,0,1,0.2478,0.0888,0.4826,0.0,0.2054,0
KM-101,55.1,62264,40.31,60.47,76194.0,13,2,1,0.4036,0.7666,1.0,0.0,0.5329,1
KM-109,94.51,26651,66.46,72.14,12554.8,138,2,0,0.9933,0.1923,0.207,0.0611,0.4493,0
KM-108,33.94,18357,73.57,81.8,50792.5,31,2,2,0.2152,0.2699,0.0465,0.3373,0.2195,1
KM-111,22.21,78924,71.78,93.26,16520.2,106,1,1,0.0994,1.0,0.159,0.6646,0.4495,0
KM-119,41.9,2245,66.8,49.19,88772.8,107,3,1,0.3256,0.0847,0.1605,0.0,0.1672,0
KM-113,61.36,72494,65.77,91.46,119835.5,21,1,3,0.4265,1.0,0.0315,0.613,0.5282,0
KM-101,32.56,71880,48.37,61.83,148582.1,79,2,0,0.206,0.8517,0.7835,0.0,0.4417,0
KM-102,11.31,39097,62.02,86.96,129446.3,123,1,1,0.0628,0.4216,0.3036,0.4845,0.285,0
KM-111,84.81,1148,66.24,50.81,88309.9,156,2,0,0.8194,0.0017,0.234,0.0,0.334,0
KM-113,75.21,65860,56.99,73.68,87489.1,2,1,1,0.6156,0.827,0.3233,0.1051,0.5079,0
KM-122,73.18,73943,68.45,77.51,27939.0,51,1,2,0.5855,1.0,0.0765,0.2144,0.5131,1
KM-117,89.06,71429,57.17,71.32,138054.5,23,1,0,0.8431,0.8437,0.3475,0.0376,0.5831,0
KM-111,14.67,46382,71.93,101.76,47825.2,139,2,2,0.1215,0.6015,0.2085,0.9076,0.4161,0
KM-111,5.84,47940,66.76,62.08,160331.5,156,3,0,0.1534,0.4639,0.234,0.0,0.2165,0
KM-116,15.78,50777,64.34,94.53,14800.4,167,1,3,0.0749,0.7457,0.2769,0.7008,0.4082,0
KM-110,40.55,12600,41.77,47.63,131065.3,141,2,0,0.2644,0.0625,1.0,0.0,0.3082,0
KM-122,12.17,40770,53.52,74.09,67124.1,69,0,0,0.0148,0.3638,0.5628,0.1169,0.2321,0
KM-110,43.72,38361,63.1,70.9,138630.5,65,2,0,0.2911,0.332,0.1737,0.0256,0.2248,0
KM-109,50.37,6167,49.92,101.91,152431.2,69,2,1,0.3537,0.1014,0.7066,0.9116,0.4728,0
KM-119,48.87,68996,73.82,93.1,115323.1,110,2,2,0.3388,0.9609,0.165,0.6599,0.5238,0
KM-118,18.63,67729,58.43,63.2,68452.1,24,1,1,0.0847,0.859,0.2988,0.0,0.3041,0
KM-122,25.93,70180,47.27,93.8,134995.5,61,1,1,0.1172,0.9016,0.8005,0.6801,0.5626,0
KM-113,10.06,60949,74.75,92.02,166347.8,52,3,1,0.1601,0.745,0.078,0.629,0.3837,0
KM-103,45.95,35346,67.21,78.4,118007.9,35,2,3,0.3111,0.5337,0.0525,0.24,0.3008,0
KM-124,29.27,70035,58.92,95.98,89023.6,166,0,1,0.0857,0.8991,0.4921,0.7422,0.5016,1
KM-102,51.72,39314,54.79,62.9,51029.5,158,2,0,0.3675,0.3445,0.6454,0.0,0.3439,1
KM-118,80.72,36057,51.39,50.68,175777.4,161,2,0,0.7516,0.3026,0.7859,0.0,0.4959,0
KM-114,30.04,39736,71.33,86.16,48732.8,50,1,1,0.1402,0.4301,0.075,0.4618,0.2639,0
KM-104,49.61,5311,46.15,80.83,79232.4,55,1,0,0.2961,0.0171,0.8365,0.3093,0.3371,0
KM-111,32.43,66532,46.75,51.97,112844.5,69,0,1,0.1052,0.8384,0.8333,0.0,0.4131,0
KM-115,14.06,2986,41.93,98.27,128023.6,129,1,0,0.0698,0.0072,1.0,0.8078,0.3878,1
KM-103,51.84,7610,47.96,61.78,27296.4,122,4,2,0.4687,0.1893,0.8645,0.0,0.3843,0
KM-121,85.34,6241,49.38,81.24,157483.4,60,5,0,0.9782,0.0218,0.715,0.3212,0.555,0
KM-101,39.52,49624,69.21,94.98,127180.4,161,1,1,0.2062,0.5685,0.2415,0.7137,0.4053,0
KM-113,81.85,39985,59.05,45.48,21641.4,52,0,0,0.6699,0.3534,0.3161,0.0,0.386,0
KM-113,66.08,40159,73.65,80.96,146308.6,152,2,0,0.5366,0.3557,0.228,0.313,0.385,1
KM-121,11.53,28588,70.35,102.16,75850.5,132,1,0,0.0633,0.2136,0.198,0.9189,0.2989,0
KM-101,42.35,32285,70.93,78.69,37538.4,16,1,0,0.2294,0.2564,0.024,0.2482,0.1988,0
KM-120,54.43,38696,67.54,48.38,69642.0,137,5,1,0.5463,0.4164,0.2055,0.0,0.3364,0
KM-121,15.73,16150,45.2,72.37,91162.6,85,2,0,0.1248,0.0907,0.9194,0.0677,0.2638,0
KM-102,74.46,2756,41.63,91.77,49202.6,94,1,1,0.6044,0.0864,1.0,0.6221,0.5576,0
KM-117,61.75,60884,63.65,77.55,45782.8,128,3,1,0.5313,0.7439,0.2461,0.2158,0.4643,0
KM-124,79.9,76320,68.72,47.26,69254.7,14,1,0,0.6884,0.9318,0.021,0.0,0.4781,1
KM-111,87.5,54010,53.8,45.08,26027.9,17,1,0,0.8156,0.5547,0.4734,0.0,0.5188,0
KM-101,11.68,9118,41.67,96.01,179577.0,65,1,0,0.0636,0.0385,1.0,0.7432,0.3805,0
KM-105,32.41,62394,46.18,79.81,163206.1,146,6,2,0.4051,0.8488,0.9716,0.2804,0.6044,1
KM-116,9.55,45772,73.99,71.28,155680.8,5,0,1,0.0091,0.5128,0.0075,0.0366,0.1402,0
KM-124,85.07,21968,54.21,51.76,105954.6,173,1,2,0.7737,0.3039,0.6909,0.0,0.485,0
KM-113,16.59,52672,74.1,47.78,67260.5,61,2,1,0.1275,0.6142,0.0915,0.0,0.2165,0
KM-118,18.27,15677,59.92,93.71,146389.2,12,3,0,0.1834,0.0867,0.221,0.6776,0.2656,0
KM-105,31.91,38405,52.51,61.65,117490.4,66,3,0,0.2518,0.3326,0.5985,0.0,0.291,0
KM-118,51.59,20977,66.23,102.88,17873.6,131,0,1,0.2661,0.2143,0.1965,0.9395,0.3739,0
KM-107,29.51,51624,59.93,89.3,29766.2,3,3,1,0.2371,0.5984,0.2072,0.5515,0.3843,0
KM-101,14.0,31285,62.57,66.32,13603.1,83,3,0,0.1696,0.2446,0.2219,0.0,0.1649,0
KM-114,45.25,78078,47.81,100.34,79531.3,77,0,0,0.2048,0.9642,0.8029,0.8668,0.6467,1
KM-122,56.03,48655,41.92,70.29,128818.7,179,2,0,0.414,0.4743,1.0,0.0084,0.4651,0
KM-116,83.71,20924,58.08,88.62,106471.0,24,1,1,0.7508,0.2138,0.313,0.532,0.4852,0
KM-109,45.03,71515,65.96,63.16,120915.1,76,1,0,0.2528,0.8452,0.114,0.0,0.3226,0
KM-114,28.58,15780,61.09,78.57,7543.5,176,0,0,0.0817,0.0876,0.4203,0.2448,0.1835,0
KM-125,93.43,9625,49.89,67.68,23015.6,47,1,1,0.923,0.1217,0.6749,0.0,0.4885,0
KM-103,7.32,60858,62.07,89.98,81535.8,138,1,1,0.0554,0.7435,0.3242,0.5707,0.3842,0
KM-114,40.96,58645,72.35,46.46,106749.4,147,2,1,0.2678,0.7076,0.2205,0.0,0.3147,1
KM-106,19.81,66277,49.43,93.04,84427.0,77,1,1,0.0892,0.8341,0.7384,0.6583,0.5191,0
KM-103,26.53,41818,43.62,70.89,45235.7,101,3,2,0.2204,0.5379,1.0,0.0254,0.4167,0
KM-122,45.65,43845,72.54,56.05,81450.5,68,0,0,0.2084,0.4057,0.102,0.0,0.1948,0
KM-104,8.22,57494,55.95,81.34,126076.2,145,1,0,0.0568,0.6093,0.5796,0.3241,0.3529,0
KM-111,46.82,37735,48.0,96.99,10831.6,45,0,0,0.2192,0.324,0.7476,0.771,0.4615,0
KM-115,80.29,8634,57.35,70.27,76841.5,77,3,0,0.7946,0.0355,0.4216,0.0076,0.3728,0
KM-125,33.47,1799,46.4,70.8,177277.3,135,3,2,0.262,0.1634,0.9464,0.023,0.3264,0
KM-122,63.25,20333,41.89,72.43,101183.9,92,2,0,0.5001,0.1281,1.0,0.0695,0.421,0
KM-105,41.01,58199,68.89,61.51,18160.4,173,3,0,0.3182,0.6205,0.2595,0.0,0.3184,0
KM-110,34.21,43322,49.42,93.19,12725.5,93,0,1,0.117,0.4785,0.7627,0.6625,0.4456,0
KM-111,65.23,79018,55.13,85.78,111580.1,157,1,1,0.4755,1.0,0.6304,0.451,0.6327,0
KM-122,12.16,68619,62.17,51.35,114995.2,168,0,2,0.0148,0.9544,0.3652,0.0,0.3168,0
KM-106,45.06,32250,57.84,80.12,67884.3,24,2,0,0.303,0.256,0.3223,0.289,0.2923,0
KM-112,92.19,46227,65.51,100.91,53802.6,164,0,0,0.85,0.4392,0.246,0.8833,0.6332,0
KM-106,85.44,33975,63.43,94.89,31304.4,24,0,1,0.73,0.3568,0.0989,0.7113,0.5067,1
KM-119,85.56,73666,42.95,60.55,8312.3,122,1,3,0.782,1.0,1.0,0.0,0.7237,1
KM-103,66.95,28167,55.35,91.92,142191.7,163,1,0,0.4982,0.2089,0.6304,0.6263,0.4779,0
KM-121,29.66,45721,44.09,61.39,41665.9,87,1,2,0.138,0.5921,0.967,0.0,0.3897,0
KM-125,41.42,37787,66.48,60.44,126364.2,155,0,2,0.1715,0.4846,0.2325,0.0,0.2277,0
KM-123,32.04,44909,61.62,72.38,161466.0,23,3,0,0.2527,0.4206,0.1697,0.068,0.2411,0
KM-108,78.95,7026,52.37,83.53,47985.5,21,0,0,0.6233,0.026,0.5366,0.3866,0.4093,0
KM-110,53.01,50177,64.68,72.06,22631.7,47,1,1,0.331,0.5767,0.0834,0.0588,0.2885,1
KM-125,91.42,45876,67.08,66.5,37059.7,133,2,0,0.9358,0.4343,0.1995,0.0,0.476,0
KM-121,91.91,70050,48.33,94.22,41631.3,87,1,2,0.8947,0.9794,0.7972,0.6919,0.8558,1
KM-102,70.74,39665,52.94,74.16,59911.9,17,4,0,0.7004,0.3491,0.5079,0.119,0.4578,0
KM-116,84.58,19325,53.04,58.82,103176.2,154,2,0,0.8154,0.1187,0.7094,0.0,0.4569,0
KM-101,27.28,14273,74.59,68.33,13297.7,68,3,1,0.2244,0.1554,0.102,0.0,0.1378,0
KM-122,92.64,9656,56.9,64.86,134553.0,73,1,1,0.9082,0.1219,0.4337,0.0,0.4351,0
KM-111,93.65,8960,51.83,51.47,50903.4,121,1,3,0.9269,0.2775,0.7081,0.0,0.5354,0
KM-105,32.95,15588,73.73,77.34,55378.9,125,2,1,0.2086,0.166,0.1875,0.2097,0.1939,0
KM-124,75.31,59734,48.83,77.05,149165.3,104,1,1,0.6172,0.7252,0.8028,0.2015,0.5982,0
KM-106,41.21,12322,73.7,52.6,78610.3,41,1,0,0.2198,0.0604,0.0615,0.0,0.1043,0
KM-103,93.8,78339,68.09,74.18,57228.9,124,2,0,0.9799,0.969,0.186,0.1195,0.6463,1
KM-115,5.61,50386,42.41,104.75,55541.7,161,1,0,0.0531,0.4998,1.0,0.9928,0.5421,0
KM-106,40.55,74508,44.21,58.84,66379.0,157,3,1,0.3144,0.9788,1.0,0.0,0.5548,0
KM-114,44.17,18920,42.05,63.32,32590.7,7,1,1,0.2451,0.195,0.9285,0.0,0.3202,0
KM-116,66.98,71382,50.33,89.0,157473.5,34,0,1,0.4486,0.9228,0.6378,0.543,0.6239,0
KM-110,92.79,64310,60.63,76.51,40523.9,149,1,0,0.911,0.7207,0.3984,0.186,0.6159,0
KM-121,68.25,41004,43.56,47.95,5930.0,114,2,1,0.5658,0.4469,1.0,0.0,0.5098,0
KM-103,87.19,51867,67.68,93.18,130326.0,122,2,0,0.8602,0.522,0.183,0.6623,0.6006,0
KM-125,34.49,6492,43.0,56.01,137720.6,176,0,0,0.1189,0.0231,1.0,0.0,0.2474,0
KM-112,37.86,61719,68.55,48.76,147710.4,29,3,0,0.2933,0.6776,0.0435,0.0,0.2808,0
KM-101,21.14,30960,40.88,88.38,146813.8,139,0,3,0.0447,0.4808,1.0,0.525,0.4408,0
KM-104,11.38,1036,67.0,95.49,113096.6,168,1,0,0.063,0.0015,0.252,0.7282,0.2184,0
KM-122,24.34,71603,60.52,90.86,178802.0,159,7,0,0.4092,0.8468,0.4178,0.5959,0.5577,1
KM-120,16.78,29013,64.91,57.66,122691.4,152,4,1,0.2282,0.2984,0.2316,0.0,0.2008,0
KM-104,89.69,58802,51.74,81.48,105762.4,48,1,2,0.8544,0.7902,0.6025,0.3279,0.6827,0
KM-112,83.48,21897,62.63,94.8,13622.9,73,3,1,0.8469,0.2232,0.2042,0.7086,0.5348,0
KM-125,78.14,22976,52.66,45.62,114580.5,132,3,0,0.7606,0.1539,0.6915,0.0,0.443,1
KM-120,67.03,58016,66.02,79.84,72923.3,42,1,0,0.4993,0.6176,0.063,0.2813,0.398,0
KM-113,20.36,15706,42.33,94.78,103416.2,22,2,0,0.1415,0.087,0.9396,0.708,0.4008,0
KM-106,92.26,35386,65.05,92.29,128218.3,102,1,1,0.9012,0.3742,0.153,0.6368,0.5669,1
KM-123,57.5,56309,55.91,57.56,5650.9,53,0,0,0.3306,0.5905,0.4432,0.0,0.352,0
KM-104,93.26,48650,55.83,53.01,13392.6,8,2,1,0.9697,0.5542,0.3789,0.0,0.5537,1
KM-115,42.72,13771,49.39,86.88,5276.4,1,0,1,0.1825,0.1514,0.6258,0.4822,0.3233,0
KM-124,42.79,12244,55.75,46.33,117124.3,62,1,1,0.2331,0.1399,0.4629,0.0,0.2091,0
KM-101,55.86,23703,44.11,92.14,122865.4,88,5,1,0.562,0.2413,0.9675,0.6326,0.577,0
KM-113,86.13,6813,68.12,104.74,49216.0,127,1,0,0.7919,0.0249,0.1905,0.9925,0.52,1
KM-118,10.02,31099,45.99,97.4,128359.4,22,3,0,0.16,0.2424,0.7935,0.7827,0.4318,0
KM-115,33.49,70803,44.79,90.84,8156.6,122,0,1,0.1121,0.9126,0.9916,0.5955,0.5848,0
KM-101,93.02,7487,59.45,55.21,60318.4,51,1,1,0.9153,0.1086,0.2986,0.0,0.4072,0
KM-117,58.66,32127,50.08,56.13,119044.0,71,1,0,0.3941,0.2545,0.7034,0.0,0.3422,0
KM-118,28.72,4598,69.62,72.14,79268.1,37,2,0,0.1825,0.0138,0.0555,0.0611,0.0906,0
KM-121,62.16,41934,43.32,68.4,76156.0,37,1,0,0.4364,0.3795,0.9226,0.0,0.4322,0
KM-120,71.07,48968,60.5,85.45,145745.7,7,2,1,0.6051,0.5589,0.1903,0.4415,0.4779,0
KM-113,37.17,29208,54.46,69.34,123921.6,15,1,0,0.1882,0.2206,0.444,0.0,0.2098,0
KM-120,85.77,79004,63.93,92.52,56229.8,117,3,0,0.8856,0.9814,0.2181,0.6435,0.7276,1
KM-104,22.88,39893,70.14,49.19,123582.0,82,1,0,0.1023,0.3521,0.123,0.0,0.1485,0
KM-103,84.65,1255,40.65,93.28,29131.6,34,3,0,0.8666,0.002,1.0,0.6651,0.6368,0
KM-113,71.63,52364,42.32,67.01,75474.5,26,4,1,0.7131,0.6096,0.9462,0.0,0.5912,0
KM-110,83.97,45078,51.53,70.41,105036.4,147,1,1,0.7552,0.503,0.7595,0.0118,0.5443,1
KM-121,14.2,37923,46.3,75.15,153473.1,52,3,0,0.1702,0.3264,0.826,0.1472,0.3358,0
KM-110,24.93,40328,58.99,103.71,146753.1,128,2,2,0.1622,0.5179,0.4324,0.963,0.4653,1
KM-113,54.81,6239,55.4,50.47,130755.7,140,4,0,0.5005,0.0218,0.5938,0.0,0.2994,0
KM-120,23.32,70385,70.81,71.02,77116.4,8,1,0,0.1044,0.8252,0.012,0.0292,0.2511,0
KM-118,77.97,41985,44.76,74.86,42480.8,135,0,1,0.6079,0.4602,1.0,0.1388,0.5556,1
KM-119,17.95,6674,46.17,81.37,63961.3,28,2,1,0.1322,0.1041,0.7953,0.3249,0.2963,1
KM-101,28.74,67554,50.26,45.36,70835.2,76,3,0,0.2326,0.776,0.7036,0.0,0.4161,0
KM-105,86.54,64822,63.59,57.88,116598.0,108,1,0,0.7989,0.7294,0.2183,0.0,0.5056,0
KM-108,10.75,17427,64.2,98.0,91750.5,81,5,1,0.2616,0.1817,0.1534,0.8,0.3276,0
KM-111,20.85,70831,68.22,75.61,176049.4,73,2,0,0.1435,0.8331,0.1095,0.1604,0.3125,0
KM-103,42.69,26102,41.89,75.99,93329.4,52,4,0,0.3822,0.1864,1.0,0.1712,0.4146,0
KM-122,81.92,45645,51.46,57.59,91078.3,47,0,1,0.671,0.511,0.6119,0.0,0.485,1
KM-111,77.37,63028,49.14,77.28,163832.9,59,2,0,0.6986,0.6993,0.7231,0.2081,0.6056,0
KM-109,30.07,56565,51.86,53.58,155130.6,26,0,0,0.0904,0.5945,0.5644,0.0,0.2932,0
KM-123,49.62,19740,43.98,65.49,173809.0,160,0,1,0.2463,0.2026,1.0,0.0,0.3368,0
KM-102,50.03,49348,66.73,60.5,89137.6,50,2,0,0.3503,0.4845,0.075,0.0,0.2587,0
KM-102,16.06,29460,61.19,50.22,11391.1,172,3,1,0.1758,0.3035,0.4105,0.0,0.2195,1
KM-122,32.13,15551,42.53,97.71,57821.1,32,1,0,0.1533,0.0857,0.9467,0.7918,0.4228,0
KM-112,63.99,3365,67.3,85.0,59037.5,77,2,2,0.5094,0.1686,0.1155,0.4285,0.3293,0
KM-104,70.92,34298,57.92,104.53,119207.3,10,2,1,0.603,0.3607,0.2982,0.9867,0.5582,1
KM-123,42.81,74150,60.1,82.32,93504.9,26,2,1,0.2832,0.9723,0.235,0.3521,0.4596,0
KM-123,62.37,67046,44.69,85.29,5762.9,75,1,2,0.4389,0.9272,0.9249,0.4369,0.6578,0
KM-113,44.86,11336,51.19,93.63,125697.8,134,1,0,0.2513,0.0533,0.7535,0.675,0.387,0
KM-102,20.72,26143,57.28,45.58,29507.8,105,0,2,0.0429,0.3468,0.4661,0.0,0.1949,0
KM-104,72.99,60258,70.52,86.24,24526.9,26,1,0,0.5827,0.6537,0.039,0.4641,0.468,0
KM-108,79.76,52928,74.11,81.23,133622.0,172,1,2,0.6862,0.6981,0.258,0.3209,0.5305,0
KM-123,58.32,45859,43.79,70.25,132243.3,134,3,1,0.4901,0.514,1.0,0.0072,0.5015,0
KM-115,91.79,56096,70.23,100.76,58104.3,179,2,1,0.9426,0.6672,0.2685,0.8787,0.7262,0
KM-124,73.57,26765,51.87,64.36,117858.6,133,0,0,0.5413,0.1935,0.7246,0.0,0.3827,0
KM-115,51.76,24752,62.91,102.25,140653.2,113,3,0,0.4179,0.1721,0.2531,0.9213,0.4242,0
KM-101,40.46,30203,45.89,86.63,117944.8,77,1,2,0.2137,0.392,0.88,0.4752,0.4438,0
KM-112,67.69,18997,69.25,86.29,94702.0,163,1,0,0.5081,0.1157,0.2445,0.4655,0.3488,0
KM-116,13.69,60316,45.79,103.66,23886.8,58,0,0,0.0187,0.6547,0.8555,0.9618,0.5337,1
KM-117,44.24,53805,51.92,63.07,106190.2,59,0,2,0.1958,0.7116,0.6117,0.0,0.3687,0
KM-101,27.81,18861,43.63,93.78,11802.9,151,2,1,0.1773,0.1945,1.0,0.6793,0.4466,0
KM-102,55.79,2701,52.88,52.5,12262.4,26,1,0,0.3612,0.0062,0.5237,0.0,0.2327,0
KM-118,14.67,1908,62.19,104.08,29196.4,149,2,0,0.1215,0.0037,0.3358,0.9737,0.3053,0
KM-104,94.25,44271,68.67,77.83,12137.4,168,3,0,1.0,0.4117,0.252,0.2236,0.548,1
KM-107,89.98,65471,67.12,68.56,93266.6,70,1,0,0.8597,0.7404,0.105,0.0,0.507,1
KM-102,28.96,3460,54.8,76.03,69749.8,34,3,0,0.2339,0.009,0.459,0.1723,0.2104,0
KM-118,72.3,65814,51.53,53.29,74832.1,5,1,0,0.5727,0.7462,0.5464,0.0,0.4963,1
KM-121,48.91,69247,70.58,52.19,83940.6,57,0,1,0.2392,0.8853,0.0855,0.0,0.3222,0
KM-103,16.23,60030,44.74,62.48,30324.4,65,1,0,0.0763,0.65,0.9079,0.0,0.3708,0
KM-112,53.6,20394,41.46,82.43,103439.6,44,5,1,0.5373,0.2087,1.0,0.3552,0.5113,0
KM-110,57.65,77816,58.73,86.38,123868.2,138,3,1,0.4823,1.0,0.4578,0.4679,0.604,0
KM-110,91.55,50684,65.69,69.66,67148.1,105,0,2,0.8381,0.6643,0.1575,0.0,0.4909,0
KM-120,49.65,26772,50.86,84.37,41830.8,49,1,0,0.2965,0.1936,0.6389,0.4105,0.362,0
KM-114,38.17,25016,58.72,65.91,28111.7,135,1,2,0.1957,0.3349,0.4536,0.0,0.2429,0
KM-115,76.81,70767,40.3,47.87,38511.3,105,0,2,0.5901,0.992,1.0,0.0,0.6545,0
KM-105,32.97,79592,68.5,99.24,7737.6,10,2,3,0.2087,1.0,0.015,0.8354,0.4931,0
KM-107,16.34,18101,72.65,49.57,92695.9,126,2,1,0.1267,0.1876,0.189,0.0,0.1291,1
KM-119,7.11,43607,51.14,72.09,48218.6,109,2,0,0.1051,0.4024,0.7181,0.0596,0.2929,0
KM-111,88.46,68594,71.16,68.04,133942.9,106,0,1,0.7826,0.874,0.159,0.0,0.5242,1
KM-124,38.05,24434,51.85,52.59,77534.2,114,3,1,0.2947,0.2488,0.6969,0.0,0.3047,0
KM-121,53.09,29391,54.06,88.02,158419.7,157,2,0,0.3819,0.2227,0.6729,0.5148,0.4269,0
KM-106,27.93,51908,57.74,86.24,115824.6,145,0,0,0.078,0.5227,0.5078,0.4641,0.3524,0
KM-114,24.77,31279,58.27,84.82,71692.6,101,3,3,0.2113,0.4845,0.4209,0.4235,0.364,0
KM-116,81.17,5131,62.53,81.56,86787.5,114,2,3,0.7588,0.2562,0.2698,0.3302,0.4497,0
KM-116,12.96,71560,49.28,74.7,153143.5,72,0,0,0.0168,0.846,0.7368,0.1344,0.3916,0
KM-102,70.86,1528,53.9,61.12,65830.0,96,2,0,0.6021,0.0026,0.5879,0.0,0.329,0
KM-117,90.28,48020,65.39,57.58,159818.1,66,2,2,0.915,0.625,0.099,0.0,0.4963,0
KM-115,67.61,29783,71.72,76.81,29108.5,133,1,1,0.5071,0.3072,0.1995,0.1945,0.3331,0
KM-124,53.74,58944,56.52,67.97,48952.7,100,2,0,0.3888,0.6324,0.489,0.0,0.392,0
KM-108,83.88,39745,42.74,92.29,151210.1,108,0,1,0.7035,0.4302,1.0,0.6368,0.6811,1
KM-125,42.73,76287,49.97,75.31,97982.9,142,1,0,0.2326,0.9312,0.8142,0.1517,0.5074,0
KM-110,9.51,31540,67.23,74.58,103722.2,179,2,0,0.109,0.2475,0.2685,0.1309,0.1799,0
KM-123,69.36,74414,58.72,97.6,164684.9,67,2,1,0.581,0.9771,0.3517,0.7885,0.6757,1
KM-124,39.02,25474,58.89,52.74,97140.9,170,0,1,0.1523,0.2597,0.4995,0.0,0.2181,0
KM-117,41.65,18533,50.4,48.26,109410.3,89,1,0,0.2234,0.1115,0.7176,0.0,0.2496,0
KM-116,11.38,32746,66.95,53.49,150972.0,71,3,2,0.1629,0.4219,0.1065,0.0,0.1838,0
KM-120,79.58,52921,72.36,66.25,120789.3,54,1,1,0.6833,0.618,0.081,0.0,0.4099,1
KM-116,46.07,40941,43.66,59.25,71482.6,84,0,1,0.2122,0.4461,0.9797,0.0,0.3817,1
KM-114,33.68,47229,55.33,66.3,17695.7,10,2,0,0.2135,0.4536,0.4019,0.0,0.2685,0
KM-121,45.34,33899,57.05,93.79,172061.6,115,1,1,0.2556,0.3558,0.4907,0.6797,0.4125,0
KM-116,84.56,70110,51.05,80.63,117964.5,7,2,0,0.815,0.8204,0.5684,0.3038,0.6648,1
KM-110,5.7,62877,61.83,45.34,37605.4,16,2,1,0.1032,0.7768,0.1507,0.0,0.2605,0
KM-105,57.55,52818,73.46,57.88,95416.2,82,4,0,0.5312,0.5365,0.123,0.0,0.3446,1
KM-103,19.43,27398,73.55,53.52,58326.5,84,2,0,0.1377,0.2004,0.126,0.0,0.1235,0
KM-112,91.95,15325,42.62,72.64,160894.2,156,0,0,0.8455,0.0838,1.0,0.0755,0.532,0
KM-120,37.68,57354,47.9,46.26,110720.2,78,1,1,0.192,0.687,0.801,0.0,0.3992,0
KM-123,75.79,2214,53.79,69.98,83908.8,76,1,2,0.6244,0.1646,0.5624,0.0,0.3722,0
KM-101,14.62,12881,64.4,80.21,150736.3,8,1,2,0.0714,0.2246,0.0361,0.2917,0.1467,0
KM-104,49.66,70306,50.9,97.31,32279.1,65,0,0,0.2466,0.8239,0.6616,0.7802,0.5806,1
KM-118,19.19,47365,41.78,58.27,52995.8,134,1,0,0.0868,0.4556,1.0,0.0,0.3443,0
KM-124,50.97,3837,66.85,84.59,83040.8,6,2,0,0.3598,0.0105,0.009,0.4168,0.2137,0
KM-110,26.77,15988,71.83,76.2,142889.7,118,0,2,0.0717,0.2493,0.177,0.1771,0.1582,0
KM-107,71.35,26968,56.36,69.25,83659.5,27,5,0,0.7591,0.1957,0.3859,0.0,0.3918,1
KM-116,87.61,56268,53.53,64.82,109187.3,81,0,0,0.7675,0.5899,0.5805,0.0,0.5322,1
KM-105,66.95,21545,63.27,62.17,39810.4,3,4,1,0.6483,0.2198,0.0738,0.0,0.2966,0
KM-102,65.5,72543,69.15,104.23,60643.0,165,1,0,0.4791,0.8635,0.2475,0.978,0.6286,1
KM-121,87.96,5841,71.57,100.05,167865.9,6,1,0,0.8237,0.0197,0.009,0.8585,0.4667,1
KM-122,15.62,3473,41.66,58.16,128590.7,93,2,1,0.1244,0.089,1.0,0.0,0.2658,0
KM-102,90.32,38958,56.68,64.54,131288.5,132,2,1,0.9159,0.4198,0.5309,0.0,0.5317,1
KM-103,5.91,43903,73.85,71.32,73836.7,50,1,2,0.0535,0.5665,0.075,0.0377,0.1829,0
KM-115,75.27,37212,57.72,85.31,164533.2,142,0,0,0.5665,0.3172,0.5041,0.4375,0.4659,0
KM-110,50.0,19413,46.58,96.58,50107.2,104,0,1,0.25,0.1995,0.8927,0.7594,0.4678,0
KM-107,20.27,66930,67.76,52.96,95761.8,5,1,0,0.0911,0.7652,0.0075,0.0,0.2247,0
KM-106,16.78,51955,49.39,95.52,59875.6,134,2,1,0.1282,0.6034,0.8254,0.7292,0.5066,0
KM-106,7.97,39622,63.94,60.92,125393.5,78,1,1,0.0563,0.4286,0.1594,0.0,0.1587,0
KM-103,75.16,56746,47.76,61.17,47475.1,1,0,2,0.5649,0.7574,0.6912,0.0,0.5253,0
KM-123,90.27,78066,68.72,47.68,137200.4,167,0,1,0.8149,1.0,0.2505,0.0,0.5853,1
KM-124,76.45,27014,58.0,60.41,11104.1,123,0,1,0.5844,0.2762,0.4643,0.0,0.3665,0
KM-125,53.81,16779,62.65,46.98,5198.0,137,2,1,0.3896,0.1761,0.2995,0.0,0.2403,0
KM-125,34.47,78120,67.47,57.0,27897.4,25,4,0,0.3188,0.965,0.0375,0.0,0.3603,0
KM-108,12.49,1639,73.5,86.81,109305.3,67,1,2,0.0656,0.1629,0.1005,0.4802,0.1798,0
KM-115,49.46,61531,70.88,79.49,74651.1,130,2,1,0.3446,0.7545,0.195,0.2712,0.4025,1
KM-101,76.03,76752,65.54,93.66,155322.6,174,1,0,0.6281,0.9397,0.261,0.676,0.6422,0
KM-117,12.63,76446,60.69,75.23,118041.5,86,5,0,0.2659,0.9341,0.3015,0.1493,0.4168,1
KM-105,81.41,20455,72.66,93.36,126270.1,37,1,1,0.7128,0.2093,0.0555,0.6675,0.4464,0
KM-118,69.1,30605,47.35,80.95,20562.7,25,3,2,0.6274,0.3966,0.7437,0.3127,0.53,1
KM-119,65.61,73153,49.76,55.82,101688.1,48,1,2,0.4804,1.0,0.6814,0.0,0.5544,1
KM-109,24.82,3124,66.0,69.86,87874.7,76,2,1,0.1616,0.0877,0.114,0.0,0.1013,0
KM-120,38.31,73976,44.47,90.25,87519.5,78,0,0,0.1468,0.8892,0.9383,0.5787,0.5771,1
KM-118,32.42,31924,70.45,81.3,112465.9,91,0,0,0.1051,0.2521,0.1365,0.3228,0.1917,0
KM-109,74.88,64083,59.87,103.89,162175.2,30,1,2,0.6106,0.8769,0.2501,0.9684,0.6767,1
KM-124,64.52,66527,43.2,70.64,28589.6,34,2,1,0.5163,0.8383,0.9231,0.0184,0.5786,1
KM-124,36.45,68449,65.31,93.1,143550.3,82,2,1,0.2329,0.8714,0.123,0.6599,0.4559,0
KM-107,20.98,3673,42.33,103.56,172473.6,105,1,1,0.094,0.0898,1.0,0.959,0.4472,0
KM-123,16.18,10638,50.92,99.59,157320.1,176,0,1,0.0262,0.1285,0.8272,0.8454,0.3758,0
KM-107,45.53,46097,56.98,99.37,151129.1,14,3,0,0.3573,0.4374,0.3419,0.839,0.4706,0
KM-105,87.3,78722,56.68,96.94,10619.2,81,1,2,0.8121,1.0,0.4542,0.7698,0.779,0
KM-102,50.29,48498,54.59,78.61,80131.2,110,1,0,0.3029,0.472,0.5814,0.2461,0.3895,0
KM-108,6.09,77286,64.58,61.75,106391.5,150,1,4,0.0537,1.0,0.2417,0.0,0.3171,0
KM-120,55.64,3853,72.27,53.45,44356.9,90,2,0,0.4096,0.0106,0.135,0.0,0.173,1
KM-119,93.67,31543,70.97,86.97,86509.8,20,2,1,0.9774,0.3276,0.03,0.4849,0.527,0
KM-125,70.5,21662,60.41,58.8,30923.4,141,1,4,0.547,0.4609,0.395,0.0,0.3857,1
KM-104,93.47,12937,55.48,48.41,176236.5,80,2,0,0.9736,0.065,0.501,0.0,0.4572,0
KM-114,60.62,64763,66.51,58.62,43723.4,32,3,1,0.5175,0.8084,0.048,0.0,0.3928,0
KM-117,52.9,77310,61.61,103.88,64107.3,148,0,0,0.2799,0.95,0.3574,0.9681,0.6006,0
KM-103,62.0,10808,59.46,62.09,9242.0,121,0,0,0.3844,0.0497,0.403,0.0,0.2276,1
KM-106,87.43,43407,40.37,104.42,124528.2,56,0,1,0.7645,0.4797,1.0,0.9835,0.7842,0
KM-124,59.07,40963,55.22,57.05,23823.2,119,1,0,0.3989,0.3664,0.5698,0.0,0.3452,1
KM-120,66.08,62086,59.37,46.91,87128.0,172,1,4,0.4866,1.0,0.4832,0.0,0.517,1
KM-121,30.22,11967,67.85,70.02,45095.4,144,1,1,0.1413,0.1379,0.216,0.0007,0.1273,0
KM-119,40.25,46434,41.18,85.47,75806.0,66,2,0,0.262,0.4422,1.0,0.4419,0.4906,0
KM-106,43.2,64924,58.97,86.38,87131.6,38,3,0,0.3366,0.7311,0.298,0.4679,0.4538,0
KM-104,18.28,31755,40.47,70.37,37831.9,149,1,1,0.0834,0.3301,1.0,0.0106,0.3138,0
KM-121,93.72,65666,47.05,59.05,96221.9,99,0,1,0.8784,0.8237,0.8665,0.0,0.6866,0
KM-108,75.97,65471,56.73,75.31,153961.3,47,0,2,0.5771,0.9004,0.4012,0.1518,0.5377,0
KM-105,19.97,55862,63.76,88.51,173880.5,173,3,1,0.1899,0.6635,0.309,0.5287,0.3999,0
KM-121,34.75,32514,62.67,72.1,174521.0,172,2,0,0.2208,0.2591,0.3513,0.0601,0.2243,0
KM-112,35.28,71290,49.33,103.02,33013.0,165,0,2,0.1244,1.0,0.8741,0.9434,0.6571,0
KM-112,41.26,29475,63.32,59.14,161541.6,81,5,1,0.4202,0.3036,0.1887,0.0,0.2607,0
KM-110,75.12,38305,43.1,100.33,89041.4,116,0,2,0.5643,0.4913,1.0,0.8667,0.6937,0
KM-123,88.3,50107,63.35,104.49,129813.3,6,0,1,0.7796,0.5757,0.0749,0.9853,0.6288,0
KM-106,84.48,67558,63.7,74.04,176197.2,36,1,0,0.7637,0.776,0.1059,0.1155,0.5056,0
KM-111,78.86,18693,74.93,60.52,131735.9,82,0,0,0.6218,0.1129,0.123,0.0,0.2705,0
KM-112,92.88,44016,71.94,56.57,73139.4,40,2,1,0.9626,0.4881,0.06,0.0,0.4709,0
KM-117,27.84,25496,67.53,103.43,15434.5,160,1,0,0.1275,0.1799,0.24,0.9552,0.3287,0
KM-113,13.01,22330,45.82,92.18,48759.9,134,2,2,0.1169,0.3075,0.968,0.6338,0.4381,0
KM-117,44.11,32821,72.46,76.26,90329.7,68,0,0,0.1946,0.2628,0.102,0.1788,0.19,0
KM-125,44.2,28460,67.52,67.62,22564.3,7,4,0,0.3953,0.2122,0.0105,0.0,0.1935,0
KM-114,35.45,12663,61.22,66.9,163282.9,169,0,0,0.1256,0.063,0.4047,0.0,0.1406,0
KM-103,21.06,34948,48.51,92.73,13684.3,35,1,2,0.0943,0.4487,0.7123,0.6494,0.4175,1
KM-121,32.86,66195,71.26,98.18,99795.2,146,3,0,0.258,0.7527,0.219,0.8052,0.4833,0
KM-124,49.26,25288,73.92,81.52,74895.3,162,2,0,0.3427,0.1777,0.243,0.3292,0.2788,0
KM-109,76.43,70139,73.26,49.35,56670.6,36,1,0,0.6342,0.8209,0.054,0.0,0.438,0
KM-106,21.87,65037,56.79,89.74,40922.5,38,2,0,0.1478,0.733,0.3853,0.5641,0.4249,0
KM-113,94.94,20405,56.52,99.47,68558.1,152,1,0,0.9514,0.1288,0.5673,0.8421,0.6471,0
KM-106,61.11,75081,45.39,60.91,49696.8,120,1,0,0.4234,0.9092,0.9644,0.0,0.5684,0
KM-119,80.15,35136,51.45,62.38,52164.4,54,1,1,0.6924,0.3711,0.6228,0.0,0.4597,0
KM-109,6.51,44175,45.66,67.13,79192.3,161,0,0,0.0042,0.4103,1.0,0.0,0.3041,0
KM-115,80.65,41274,47.29,72.71,164310.6,118,0,1,0.6504,0.4506,0.8853,0.0773,0.5328,1
KM-119,27.71,35474,42.88,81.39,23152.8,136,2,0,0.1768,0.2953,1.0,0.3255,0.4008,1
KM-120,59.01,61669,50.63,75.57,135755.5,150,1,0,0.3982,0.6768,0.7997,0.1591,0.5003,1
KM-125,52.86,22563,66.83,88.15,159299.7,117,1,0,0.3295,0.1498,0.1755,0.5186,0.2916,0
KM-113,44.82,20622,51.55,64.34,102615.5,156,1,2,0.2509,0.2909,0.7718,0.0,0.3149,1
KM-118,82.83,16389,41.08,89.9,137789.0,143,1,1,0.736,0.1727,1.0,0.5687,0.6145,1
KM-118,55.64,28044,68.68,94.52,16621.8,113,5,0,0.5596,0.2076,0.1695,0.7005,0.4217,0
KM-120,47.12,16958,60.42,90.0,94230.7,27,1,1,0.272,0.1776,0.2238,0.5714,0.2986,1
KM-106,51.9,19472,64.68,96.02,80962.4,128,1,0,0.3194,0.1201,0.2048,0.7434,0.3315,0
KM-102,36.88,31484,49.5,71.96,119242.3,48,1,0,0.186,0.2469,0.6918,0.0559,0.2764,0
KM-102,54.85,77068,51.26,49.5,161739.0,124,3,1,0.4508,1.0,0.7356,0.0,0.5549,1
KM-122,54.3,45787,63.8,48.4,103665.6,137,3,2,0.4448,0.593,0.2533,0.0,0.3546,0
KM-115,72.67,35404,60.79,93.06,74511.3,28,1,0,0.5781,0.2944,0.2102,0.6589,0.4497,0
KM-107,14.88,22711,40.83,68.81,58089.7,86,1,1,0.0721,0.2313,1.0,0.0,0.2831,0
KM-105,32.39,60263,69.66,86.62,168117.9,31,1,2,0.1549,0.8138,0.0465,0.4748,0.3619,0
KM-122,11.67,22032,56.46,72.53,177137.4,162,1,1,0.0636,0.2245,0.5846,0.0722,0.2098,0
KM-120,53.68,36865,65.57,94.95,130091.9,17,3,0,0.4382,0.3128,0.0255,0.7129,0.3793,0
KM-109,42.21,72622,71.81,57.9,40803.9,84,0,1,0.1782,0.9449,0.126,0.0,0.3238,0
KM-112,21.94,76205,56.66,102.26,48286.5,86,1,0,0.0981,0.9297,0.4627,0.9217,0.5437,1
KM-113,76.88,68839,74.72,47.32,27448.4,91,0,3,0.5911,1.0,0.1365,0.0,0.4842,0
KM-125,16.97,14698,45.8,103.92,21843.1,69,2,0,0.1288,0.0788,0.8715,0.9692,0.4329,0
KM-107,30.85,74905,71.43,59.55,66799.1,25,0,0,0.0952,0.906,0.0375,0.0,0.2673,0
KM-114,34.62,4260,74.89,61.07,153970.1,155,1,1,0.1698,0.0923,0.2325,0.0,0.129,0
KM-123,59.95,24384,69.98,73.93,142063.8,52,1,0,0.4094,0.1683,0.078,0.1122,0.2234,0
KM-110,72.69,36548,62.98,46.11,150580.4,112,1,0,0.5784,0.3088,0.2489,0.0,0.3294,0
KM-110,70.21,6008,62.63,55.96,136341.7,53,0,0,0.493,0.0206,0.1744,0.0,0.2126,0
KM-109,68.45,13204,48.83,60.63,118013.3,37,1,1,0.5186,0.1471,0.7024,0.0,0.3588,0
KM-105,5.2,58954,47.49,45.35,57667.6,16,0,0,0.0027,0.6326,0.7245,0.0,0.304,0
KM-102,50.22,74346,51.11,66.64,122133.0,174,1,1,0.3022,0.9759,0.8164,0.0,0.513,0
KM-105,68.65,21096,46.07,65.45,76485.3,103,0,2,0.4713,0.2954,0.9118,0.0,0.4212,0
KM-111,89.81,71902,43.1,62.48,70170.1,166,2,0,0.9066,0.8521,1.0,0.0,0.7303,1
KM-105,68.51,44722,62.24,54.35,131393.5,20,1,0,0.5193,0.418,0.1404,0.0,0.3143,1
KM-109,67.77,24397,57.75,65.58,37243.7,38,1,0,0.5093,0.1684,0.3469,0.0,0.2897,0
KM-121,54.41,40309,41.53,79.02,74686.7,15,2,1,0.396,0.4377,0.9612,0.2576,0.4918,1
KM-120,16.91,35094,41.88,75.06,70618.8,133,0,0,0.0286,0.2905,1.0,0.1445,0.3115,0
KM-105,68.79,5959,57.88,78.41,76969.7,56,1,1,0.5231,0.1003,0.3689,0.2402,0.33,0
KM-119,23.45,33735,58.38,67.12,16522.4,135,2,1,0.155,0.3538,0.4674,0.0,0.2362,1
KM-104,12.33,21773,61.01,75.82,126544.8,19,1,1,0.0652,0.222,0.1882,0.1663,0.1492,0
KM-102,80.1,42205,56.85,76.88,57980.8,74,0,0,0.6416,0.3832,0.4368,0.1967,0.4471,0
KM-124,65.12,73489,67.65,84.37,111532.7,5,0,2,0.424,1.0,0.0075,0.4107,0.482,1
KM-113,63.62,37807,50.29,60.23,113494.1,82,0,0,0.4047,0.3249,0.7115,0.0,0.3652,0
KM-115,69.51,28293,63.75,45.6,89178.3,148,0,1,0.4832,0.2903,0.2721,0.0,0.2961,0
KM-119,28.04,22971,53.0,57.53,140650.6,32,1,2,0.1286,0.3139,0.5279,0.0,0.2291,1
KM-121,64.55,29106,73.81,99.71,171104.8,11,0,1,0.4167,0.2995,0.0165,0.8488,0.3938,0
KM-125,21.84,4992,70.62,96.53,75624.8,42,2,1,0.1477,0.0956,0.063,0.7579,0.2398,0
KM-118,56.92,38403,46.81,68.44,170648.7,164,4,1,0.524,0.4126,0.9735,0.0,0.4813,0
KM-112,37.12,36934,47.48,47.27,12527.4,153,4,1,0.3378,0.3937,0.9301,0.0,0.4027,0
KM-115,51.61,5090,58.66,53.27,108467.5,127,0,1,0.2663,0.096,0.4443,0.0,0.2061,0
KM-103,94.43,48801,63.65,102.62,49392.2,10,2,1,0.9916,0.5564,0.069,0.9319,0.6864,0
KM-123,8.78,54619,42.51,87.37,10945.0,68,0,1,0.0077,0.6441,1.0,0.4964,0.463,1
KM-101,5.22,4692,54.63,50.14,21479.7,142,1,2,0.0527,0.1742,0.6278,0.0,0.1876,0
KM-124,89.82,67600,50.89,74.42,140230.2,160,0,0,0.8067,0.7768,0.8044,0.1263,0.6627,1
KM-101,82.93,10711,74.59,65.78,109891.4,151,1,0,0.7377,0.049,0.2265,0.0,0.3157,0
KM-106,69.86,73036,62.79,58.28,19325.8,102,1,0,0.538,0.8723,0.2413,0.0,0.4547,0
KM-102,9.1,56822,58.59,69.49,52922.4,158,0,0,0.0083,0.5986,0.4934,0.0,0.2512,0
KM-115,39.35,8925,53.72,99.3,103000.7,156,4,0,0.3548,0.0373,0.6852,0.837,0.4379,0
KM-124,68.02,25583,40.39,48.58,178751.1,144,3,0,0.6126,0.1808,1.0,0.0,0.4596,0
KM-103,7.17,67912,58.18,73.01,155627.2,140,4,0,0.2051,0.7821,0.4828,0.086,0.3811,0
KM-115,38.14,53756,62.2,46.09,131430.7,134,3,4,0.2955,0.8708,0.3131,0.0,0.3837,0
KM-124,37.81,62177,44.25,51.98,40779.7,78,0,1,0.143,0.7652,0.9468,0.0,0.4307,0
KM-122,75.39,42576,40.78,81.57,69370.6,114,1,0,0.6183,0.3883,1.0,0.3306,0.5796,0
KM-118,64.65,71640,42.52,79.77,162884.0,96,1,1,0.4679,0.9274,1.0,0.2791,0.6514,1
KM-115,12.74,42230,61.79,57.63,64279.7,42,3,0,0.1662,0.3835,0.1915,0.0,0.1924,0
KM-109,62.04,25550,60.43,85.28,178283.6,111,4,0,0.5849,0.1805,0.3491,0.4365,0.407,1
KM-108,16.54,59565,59.92,89.37,142136.7,24,1,0,0.0774,0.6425,0.2393,0.5534,0.3462,0
KM-122,93.92,29702,55.31,60.36,25981.3,156,1,2,0.9321,0.3862,0.6215,0.0,0.5471,0
KM-117,43.9,26511,72.61,62.16,79752.6,122,3,2,0.3427,0.3508,0.183,0.0,0.2442,0
KM-110,31.85,5544,43.87,82.66,37680.6,101,2,0,0.2015,0.0182,0.9967,0.3618,0.3468,0
KM-105,57.95,1511,54.91,56.23,140328.2,43,2,3,0.4358,0.2426,0.4683,0.0,0.3068,1
KM-121,7.24,20359,69.02,68.99,10957.8,8,1,0,0.0552,0.1284,0.012,0.0,0.0538,0
KM-123,23.72,16797,70.85,76.97,137843.6,144,1,0,0.1063,0.0962,0.216,0.1992,0.1443,0
KM-123,8.98,62339,68.59,90.68,50934.8,51,3,0,0.1581,0.6879,0.0765,0.5909,0.3608,0
KM-118,44.63,31932,56.63,58.44,154300.4,64,2,0,0.2992,0.2522,0.4309,0.0,0.2539,0
KM-114,22.79,22695,49.88,62.74,170376.0,174,0,0,0.0519,0.1511,0.8657,0.0,0.2291,0
KM-116,10.27,38146,73.07,91.78,110367.8,143,0,2,0.0105,0.4893,0.2145,0.6222,0.2933,1
KM-105,6.72,63497,62.25,53.9,139071.3,46,1,2,0.0545,0.8671,0.1791,0.0,0.2717,0
KM-108,19.19,46073,70.07,69.21,74745.2,104,3,0,0.1868,0.4371,0.156,0.0,0.2058,0
KM-109,20.96,14621,65.36,56.12,173759.1,79,2,0,0.1439,0.0781,0.1185,0.0,0.0936,0
KM-115,33.8,45345,66.92,70.73,137729.8,22,2,1,0.2143,0.5067,0.033,0.0209,0.2125,0
KM-108,88.97,5901,42.28,71.05,28664.9,49,0,3,0.7915,0.26,0.9823,0.0301,0.5445,1
KM-110,59.46,1594,65.36,65.99,59831.7,159,2,0,0.4535,0.0028,0.2385,0.0,0.2071,0
KM-122,62.07,55486,66.73,86.28,61492.5,109,4,2,0.5853,0.7376,0.1635,0.4651,0.515,0
KM-109,40.88,7589,67.7,50.97,148983.7,145,0,1,0.1671,0.1092,0.2175,0.0,0.1293,0
KM-112,52.72,63798,66.69,60.41,83095.9,6,2,1,0.378,0.7922,0.009,0.0,0.3321,0
KM-120,77.74,73657,73.7,83.09,160208.7,63,3,1,0.7543,0.9635,0.0945,0.374,0.5986,0
KM-124,79.85,8532,54.61,90.48,73815.4,178,0,1,0.6376,0.1148,0.6825,0.5853,0.5054,0
KM-108,63.33,11431,54.83,63.43,163390.4,116,1,0,0.4511,0.054,0.5808,0.0,0.2875,0
KM-117,66.5,40244,64.02,57.74,155077.8,116,0,1,0.4422,0.4368,0.2131,0.0,0.3066,0
KM-120,41.64,73656,65.41,63.87,150057.0,15,1,0,0.2234,0.8834,0.0225,0.0,0.3036,0
KM-104,41.25,70939,48.74,79.42,170066.0,53,3,0,0.3201,0.835,0.7299,0.269,0.5206,0
KM-119,40.87,53813,56.05,86.82,179570.9,116,2,2,0.2671,0.7117,0.532,0.4806,0.4739,0
KM-107,60.91,8169,72.59,66.69,74463.1,110,2,2,0.471,0.1926,0.165,0.0,0.246,1
KM-116,77.36,76569,59.96,90.39,24351.4,15,1,0,0.6485,0.9364,0.224,0.5825,0.6224,1
KM-113,16.35,63175,47.85,66.17,117932.9,167,3,1,0.1767,0.7818,0.9364,0.0,0.4446,0
KM-118,60.15,13420,73.08,77.89,171806.1,120,3,1,0.5118,0.1487,0.18,0.2255,0.2974,0
KM-120,16.01,69206,51.74,65.24,26497.0,95,2,0,0.1256,0.8046,0.6728,0.0,0.3797,0
KM-115,84.92,10901,49.66,71.62,20230.9,39,0,1,0.7212,0.1303,0.672,0.0462,0.4286,0
KM-120,32.5,46986,43.81,60.04,161544.3,95,2,0,0.2056,0.4501,0.9899,0.0,0.3825,0
KM-124,52.55,48924,71.49,65.17,56506.3,116,1,0,0.3262,0.4782,0.174,0.0,0.2685,0
KM-106,64.06,5111,44.52,64.1,14587.8,27,2,0,0.5104,0.0161,0.8596,0.0,0.3546,1
KM-121,80.46,52163,48.36,57.39,174718.6,99,0,1,0.6473,0.6065,0.8139,0.0,0.541,0
KM-123,54.66,28326,42.45,92.47,110324.0,46,0,1,0.2988,0.2907,0.971,0.642,0.4998,0
KM-116,57.54,68561,42.72,53.71,127356.1,125,4,1,0.5311,0.8734,1.0,0.0,0.6042,0
KM-114,29.26,46678,53.4,76.58,123713.0,114,2,0,0.1856,0.4457,0.635,0.1881,0.341,1
KM-104,43.64,62724,73.26,104.93,70075.5,143,1,2,0.2404,0.8542,0.2145,0.9979,0.5402,1
KM-106,56.68,6840,64.08,46.27,63923.5,1,2,0,0.4213,0.025,0.0381,0.0,0.1613,0
KM-103,53.07,34368,42.81,98.22,39712.4,94,2,0,0.3816,0.2816,1.0,0.8063,0.5652,0
KM-107,45.22,3596,59.98,91.33,167401.5,137,0,0,0.2045,0.0095,0.4065,0.6094,0.2771,1
KM-123,86.12,18245,59.31,73.09,177281.8,74,1,3,0.7917,0.3489,0.3387,0.0882,0.4497,0
KM-104,6.43,24707,64.13,69.53,41075.6,97,1,1,0.0541,0.2516,0.1801,0.0,0.1179,0
KM-103,10.39,69787,59.93,69.63,38692.7,31,1,0,0.0608,0.8148,0.2493,0.0,0.2748,0
KM-121,67.9,46076,68.18,61.47,158813.3,25,1,0,0.511,0.4371,0.0375,0.0,0.2956,0
KM-101,32.95,68507,68.49,54.88,5979.0,50,0,2,0.1085,0.9524,0.075,0.0,0.2911,0
KM-121,24.4,32174,72.76,97.06,63213.3,175,3,1,0.2096,0.335,0.2625,0.7731,0.3642,0
KM-116,64.6,45942,73.46,75.86,144736.5,42,1,1,0.4673,0.5152,0.063,0.1674,0.3384,1
KM-116,19.41,3365,50.68,103.52,128271.0,108,4,2,0.2377,0.1686,0.7346,0.9576,0.4638,0
KM-107,57.86,8008,70.52,58.5,88439.2,125,1,0,0.3848,0.0317,0.1875,0.0,0.1801,0
KM-124,85.63,34701,44.02,88.56,14055.5,163,0,2,0.7332,0.4457,1.0,0.5302,0.6741,1
KM-108,78.48,44724,59.94,58.3,137409.0,100,0,0,0.6159,0.418,0.3524,0.0,0.3906,0
KM-116,76.09,56892,68.21,52.84,47391.2,22,0,1,0.579,0.6797,0.033,0.0,0.3792,0
KM-114,80.52,78661,43.5,80.32,141219.2,18,1,1,0.6983,1.0,0.8869,0.2949,0.7308,1
KM-125,93.38,64783,61.91,46.83,174731.0,121,3,1,1.0,0.8087,0.305,0.0,0.6132,1
KM-108,55.79,21426,67.73,90.49,164357.2,126,3,2,0.4613,0.2986,0.189,0.5854,0.391,0
KM-116,40.82,21455,41.16,59.46,32048.7,97,3,0,0.3167,0.1389,1.0,0.0,0.3456,1
KM-107,15.7,57790,73.55,102.53,82343.7,106,2,0,0.1246,0.614,0.159,0.9293,0.4148,0
KM-117,26.67,74356,42.35,98.74,126068.3,26,3,0,0.2211,0.8961,0.9452,0.8212,0.6547,0
KM-119,75.2,11965,47.96,51.11,77583.8,149,3,0,0.7155,0.0578,0.905,0.0,0.4459,1
KM-112,26.86,38117,68.81,58.86,22226.6,132,0,1,0.0721,0.4089,0.198,0.0,0.1671,0
KM-115,46.93,27583,58.13,89.6,147727.0,152,0,0,0.2202,0.2025,0.5028,0.5601,0.3403,1
KM-104,51.61,43348,43.27,74.06,20896.7,32,0,0,0.2664,0.3989,0.9172,0.116,0.3996,0
KM-120,79.36,6543,43.44,64.64,28823.9,48,0,0,0.6299,0.0234,0.9343,0.0,0.4131,0
KM-102,81.04,6769,73.39,75.66,164917.6,91,0,0,0.6568,0.0246,0.1365,0.1617,0.2957,0
KM-121,45.77,51526,54.78,82.12,82667.2,49,0,0,0.2095,0.5169,0.4825,0.3463,0.3683,0
KM-104,80.74,38739,54.05,46.7,126673.8,85,1,0,0.7019,0.337,0.5656,0.0,0.443,0
KM-108,41.14,34691,73.87,88.44,77062.9,4,0,2,0.1692,0.4456,0.006,0.5267,0.2772,0
KM-107,5.42,50079,74.52,77.96,17367.4,156,1,0,0.0529,0.4953,0.234,0.2275,0.2346,0
KM-103,14.59,43734,71.65,76.55,143525.6,77,4,1,0.2213,0.4842,0.1155,0.1872,0.259,0
KM-102,11.37,50703,64.69,85.54,146148.5,134,0,1,0.0129,0.5846,0.2134,0.4441,0.2822,0
KM-103,27.73,7304,51.85,90.42,100181.4,155,0,0,0.0769,0.0276,0.7583,0.5834,0.3022,0
KM-123,23.62,14601,62.49,72.48,143650.7,131,4,0,0.2558,0.078,0.2969,0.071,0.1826,0
KM-103,63.53,27761,65.43,75.58,75628.2,97,1,1,0.4536,0.2844,0.1455,0.1596,0.2909,0
KM-103,63.21,29330,51.6,103.63,156102.5,134,1,0,0.4496,0.222,0.737,0.961,0.5525,0
KM-103,87.84,68699,46.63,77.87,9193.2,40,0,1,0.7716,0.8758,0.7949,0.2249,0.693,1
KM-124,11.69,19940,41.89,49.18,82091.3,53,1,0,0.0637,0.1244,1.0,0.0,0.2534,1
KM-123,71.65,78714,52.08,65.39,162491.5,96,1,2,0.5633,1.0,0.6606,0.0,0.5793,0
KM-104,81.47,38204,73.89,102.25,140323.3,100,1,1,0.7137,0.41,0.15,0.9214,0.5666,0
KM-110,76.01,77922,70.72,62.98,149103.9,147,1,0,0.6277,0.9613,0.2205,0.0,0.5041,0
KM-119,65.32,46111,67.85,82.9,60608.1,66,0,0,0.4267,0.4376,0.099,0.3685,0.3523,0
KM-110,77.41,12330,43.53,80.24,84132.0,58,0,1,0.5992,0.1405,0.9458,0.2926,0.4925,1
KM-117,75.09,71815,64.16,70.4,166574.4,111,2,0,0.6638,0.8505,0.2002,0.0114,0.4873,1
KM-118,80.47,38664,73.13,59.79,145541.6,164,3,0,0.7975,0.336,0.246,0.0,0.4123,0
KM-124,36.28,49503,74.58,84.86,124199.1,127,3,1,0.2816,0.5668,0.1905,0.4246,0.3633,0
KM-103,69.27,3076,62.37,94.25,15325.6,133,1,2,0.5298,0.1675,0.3047,0.6928,0.4268,0
KM-105,19.55,42516,63.78,63.93,143687.8,93,8,1,0.4382,0.4674,0.1882,0.0,0.3079,0
KM-110,44.86,63126,63.73,77.99,62918.5,79,0,0,0.2012,0.7009,0.1695,0.2284,0.3252,0
KM-103,39.13,52567,51.74,49.94,101301.7,41,2,0,0.2531,0.5326,0.5918,0.0,0.3401,0
KM-104,74.46,23821,58.54,90.74,11851.3,7,0,2,0.5545,0.3225,0.2691,0.5925,0.447,1
KM-106,12.41,36200,40.32,91.56,118852.4,65,3,0,0.1654,0.3044,1.0,0.616,0.4572,0
KM-123,31.95,16064,74.36,69.66,138593.4,119,2,0,0.2021,0.09,0.1785,0.0,0.1289,0
KM-117,15.73,23233,69.32,102.64,12155.2,134,2,1,0.1248,0.2365,0.201,0.9327,0.3295,0
KM-115,70.58,41821,74.5,57.83,109629.9,6,1,0,0.5481,0.378,0.009,0.0,0.2881,0
KM-121,85.03,79313,48.97,98.47,90936.9,18,2,0,0.823,0.9871,0.668,0.8135,0.8312,1
KM-115,61.31,46950,74.62,98.33,62391.2,96,0,1,0.3759,0.5296,0.144,0.8093,0.4546,0
KM-122,82.15,24908,56.17,45.74,74894.2,74,0,1,0.6748,0.2537,0.4642,0.0,0.3925,0
KM-102,5.74,52030,47.03,92.4,142148.0,128,2,0,0.1033,0.5245,0.9106,0.6401,0.4774,1
KM-122,91.09,37230,64.1,94.85,76542.4,167,0,1,0.8298,0.3975,0.2866,0.71,0.5891,0
KM-101,64.57,35720,45.46,92.4,16241.2,119,1,2,0.467,0.4584,0.9602,0.6399,0.5981,0
KM-106,74.63,57831,56.23,91.49,64032.7,148,0,1,0.5569,0.6946,0.5726,0.614,0.6059,0
KM-109,42.85,79142,69.43,48.01,74406.5,85,1,4,0.2336,1.0,0.1275,0.0,0.3573,1
KM-102,56.67,68982,57.13,72.37,40985.2,129,5,1,0.5712,0.8807,0.5081,0.0676,0.5352,0
KM-112,59.01,49720,40.13,60.64,99185.1,35,1,1,0.3982,0.57,1.0,0.0,0.4819,1
KM-110,24.55,14418,44.21,52.37,103928.0,36,1,0,0.1103,0.0765,0.8854,0.0,0.2348,1
KM-102,56.58,75385,52.83,103.67,81023.5,24,3,1,0.4701,0.9947,0.5227,0.9621,0.7102,0
KM-124,21.99,73436,59.68,60.13,172105.7,143,2,0,0.1483,0.8795,0.4273,0.0,0.3573,1
KM-104,87.19,19640,61.57,54.31,105917.8,111,2,2,0.8602,0.2816,0.3037,0.0,0.4322,0
KM-120,37.25,56438,65.55,97.27,174761.3,91,3,0,0.2887,0.5925,0.1365,0.7791,0.4323,1
KM-119,34.4,37171,61.19,87.33,124037.3,29,3,0,0.2684,0.3167,0.1959,0.4951,0.3113,1
KM-108,12.95,71886,69.86,58.19,16335.1,144,0,1,0.0168,0.9318,0.216,0.0,0.282,0
KM-105,34.11,30473,43.29,82.26,165409.6,153,4,0,0.3163,0.2351,1.0,0.3504,0.4396,1
KM-102,38.82,67909,63.29,102.39,40253.1,179,1,0,0.2007,0.7821,0.3369,0.9255,0.5183,1
KM-107,94.0,24412,42.5,97.34,115828.1,61,2,0,0.9835,0.1686,0.9915,0.7813,0.7409,0
KM-123,5.11,42646,48.25,64.85,172063.7,173,0,0,0.0026,0.3892,0.9294,0.0,0.2841,1
KM-121,22.4,3919,65.24,60.31,20618.7,133,2,0,0.1502,0.0108,0.1995,0.0,0.0952,0
KM-105,66.19,75711,40.69,89.01,78097.9,149,1,1,0.4881,1.0,1.0,0.5432,0.7295,0
KM-109,75.66,59906,60.51,91.72,48523.8,65,3,0,0.7224,0.648,0.2771,0.6205,0.5944,0
KM-114,64.36,27352,57.31,63.65,93153.2,157,1,1,0.4642,0.2799,0.543,0.0,0.341,1
KM-105,12.69,10179,69.47,99.41,17580.7,136,3,1,0.1661,0.1254,0.204,0.8404,0.2984,1
KM-118,11.78,46167,56.58,91.52,145290.1,33,1,1,0.0639,0.5184,0.3863,0.6148,0.3522,0
KM-108,52.73,78712,71.34,96.97,160823.9,43,0,0,0.278,0.9759,0.0645,0.7707,0.5083,0
KM-110,93.77,37085,68.92,79.59,157965.2,154,2,0,0.9793,0.3156,0.231,0.2739,0.5226,1
KM-122,87.32,38832,42.76,62.21,61355.6,96,0,1,0.7625,0.4182,1.0,0.0,0.5714,1
KM-125,77.96,8398,65.01,79.07,175981.8,136,0,0,0.6078,0.034,0.204,0.2592,0.3139,0
KM-121,19.91,9657,48.56,96.32,107016.8,57,0,0,0.0396,0.0419,0.7429,0.752,0.3233,0
KM-118,26.02,9172,57.68,59.84,75235.9,167,2,0,0.1677,0.0388,0.5431,0.0,0.177,0
KM-117,19.34,23135,43.61,49.31,21498.3,38,2,1,0.1374,0.2355,0.9128,0.0,0.2895,0
KM-121,27.12,6948,44.48,71.42,160349.1,134,3,1,0.2236,0.1056,1.0,0.0406,0.3128,0
KM-110,51.35,78857,44.14,60.04,29454.6,72,1,1,0.3136,1.0,0.9422,0.0,0.5482,0
KM-110,23.18,15242,70.7,55.86,144520.3,59,2,1,0.1537,0.1632,0.0885,0.0,0.1123,0
KM-122,15.14,63002,41.97,76.5,19591.1,25,1,0,0.0729,0.6989,0.9586,0.1858,0.4291,1
KM-103,71.09,73369,47.74,64.64,43163.4,24,1,0,0.5554,0.8783,0.7262,0.0,0.5592,1
KM-119,25.97,24636,72.31,89.89,121624.7,6,2,1,0.1675,0.2509,0.009,0.5682,0.2368,1
KM-107,20.81,38760,43.87,93.71,150147.4,163,0,2,0.0433,0.4972,1.0,0.6775,0.475,0
KM-108,51.26,22248,45.28,82.23,78477.2,53,1,1,0.3128,0.2267,0.8685,0.3495,0.4097,0
KM-102,79.07,48376,61.4,55.71,70825.8,107,0,0,0.6252,0.4702,0.3047,0.0,0.3973,0
KM-123,23.57,66911,63.8,98.84,28830.5,149,2,1,0.1556,0.8449,0.2714,0.8239,0.4847,0
KM-106,92.92,66029,67.71,102.32,77387.8,179,1,0,0.9135,0.7498,0.2685,0.9236,0.7456,1
KM-125,43.76,79352,64.37,48.17,147989.9,29,1,1,0.2415,1.0,0.0687,0.0,0.3483,0
KM-104,9.99,68875,46.25,103.95,70826.2,6,1,1,0.06,0.8788,0.7589,0.9699,0.5865,0
KM-109,94.91,30369,45.21,92.59,110079.7,151,1,1,0.9508,0.3139,1.0,0.6454,0.7403,0
KM-103,66.93,13442,46.73,61.24,154450.1,15,5,1,0.698,0.1489,0.7532,0.0,0.4321,0
KM-115,65.34,46168,58.46,65.05,41380.5,15,1,4,0.4769,0.7584,0.284,0.0,0.4133,1
KM-124,75.11,78332,60.47,84.91,129725.7,73,1,2,0.6141,1.0,0.2906,0.4261,0.6083,0
KM-117,54.19,57143,66.43,93.23,101770.7,28,1,0,0.3436,0.6037,0.042,0.6636,0.4123,1
KM-102,90.83,10808,63.1,76.06,34289.3,112,1,1,0.875,0.1297,0.2441,0.1731,0.4221,0
KM-110,35.47,29174,49.5,47.34,153363.3,44,2,1,0.2258,0.3002,0.6859,0.0,0.2913,0
KM-116,92.09,61616,69.73,74.99,72824.1,147,3,2,0.998,0.8359,0.2205,0.1426,0.6309,0
KM-114,44.65,57147,44.39,64.5,103875.0,174,2,2,0.2993,0.7637,1.0,0.0,0.4957,1
KM-110,52.72,26061,49.89,85.41,8211.0,102,0,0,0.2779,0.1859,0.7573,0.4401,0.3832,0
KM-102,24.43,47668,46.62,81.2,10481.3,21,1,0,0.1097,0.4599,0.7665,0.32,0.3707,1
KM-117,85.38,49974,40.12,46.66,149172.1,146,1,1,0.779,0.5737,1.0,0.0,0.6161,0
KM-107,26.39,22760,43.98,97.09,27590.9,173,1,1,0.1196,0.2317,1.0,0.774,0.4546,0
KM-102,20.46,59618,72.23,65.64,163923.1,57,1,2,0.0918,0.8033,0.0855,0.0,0.2501,1
KM-120,89.14,39930,64.25,97.06,69129.9,160,4,0,0.9946,0.3526,0.2699,0.7731,0.6449,0
KM-103,91.91,77521,74.81,89.11,42771.4,67,1,3,0.8947,1.0,0.1005,0.546,0.6924,1
KM-105,57.39,21113,73.37,85.52,101064.3,86,1,1,0.3794,0.2156,0.129,0.4435,0.3012,0
KM-121,37.41,24461,50.48,64.39,50568.8,99,2,1,0.2399,0.2491,0.7293,0.0,0.2921,0
KM-108,23.69,79411,62.57,55.62,103091.4,170,1,2,0.1061,1.0,0.3524,0.0,0.3576,1
KM-119,57.81,26966,53.47,59.77,106046.7,118,2,1,0.4342,0.2757,0.6381,0.0,0.3485,0
KM-115,12.88,63878,72.01,85.47,75653.3,88,1,0,0.0666,0.7135,0.132,0.4419,0.3165,0
KM-102,63.82,67141,48.87,66.38,38473.8,90,2,0,0.5073,0.7689,0.7802,0.0,0.5258,0
KM-122,58.68,44739,48.85,103.54,155937.7,99,2,0,0.4443,0.4182,0.7943,0.9582,0.6106,1
KM-103,36.69,12969,68.85,90.97,70623.6,61,3,0,0.2846,0.0653,0.0915,0.5992,0.2541,0
KM-103,12.9,18839,65.5,79.01,39375.6,138,1,1,0.0666,0.1943,0.207,0.2575,0.1648,1
KM-109,50.14,60261,40.78,55.29,103848.6,23,3,0,0.4014,0.6538,1.0,0.0,0.5039,1
KM-101,94.55,51629,52.37,93.52,46271.3,72,2,0,0.9941,0.5184,0.6133,0.6719,0.7346,1
KM-102,89.99,1888,53.03,85.37,166799.8,68,1,0,0.8598,0.0036,0.5809,0.439,0.5058,1
KM-110,52.72,37163,64.62,62.95,137724.3,51,0,0,0.2779,0.3166,0.0918,0.0,0.1948,1
KM-102,55.55,79993,58.62,71.05,72783.3,152,2,1,0.4085,1.0,0.483,0.0301,0.4956,0
KM-114,13.39,5629,60.05,97.08,167636.0,5,1,4,0.0679,0.3387,0.2056,0.7737,0.3043,1
KM-112,78.94,1792,51.08,102.98,31792.9,37,1,0,0.6731,0.0034,0.6124,0.9423,0.5474,1
KM-107,50.41,6171,47.69,84.01,163262.0,84,1,0,0.3041,0.0214,0.8183,0.4002,0.3555,0
KM-106,48.77,49122,50.97,84.9,151935.1,145,1,0,0.2879,0.4811,0.7786,0.4258,0.4619,0
KM-109,44.49,28410,49.72,79.22,48839.0,146,1,0,0.2479,0.2116,0.8303,0.2635,0.3584,0
KM-109,23.67,4239,62.63,61.32,72218.7,76,2,0,0.156,0.0122,0.2087,0.0,0.0994,0
KM-108,35.53,28260,45.94,79.85,89644.1,136,1,0,0.1762,0.21,0.9663,0.2813,0.3637,1
KM-112,80.24,42911,44.51,47.06,77514.7,51,4,3,0.8439,0.6328,0.8963,0.0,0.6328,1
KM-109,17.39,14698,51.1,77.37,125911.1,13,1,0,0.0802,0.0788,0.5756,0.2106,0.205,0
KM-120,26.18,42997,65.19,46.33,103847.9,162,1,1,0.1185,0.474,0.243,0.0,0.2086,0
KM-108,92.41,37214,69.33,63.79,104768.1,153,0,1,0.854,0.3973,0.2295,0.0,0.4441,0
KM-114,68.36,38597,72.45,100.91,94726.6,124,1,1,0.5174,0.4151,0.186,0.8833,0.4987,1
KM-102,16.35,42400,71.07,78.98,124268.6,41,2,0,0.1267,0.3858,0.0615,0.2567,0.2045,0
KM-109,63.64,73551,73.63,55.96,59467.9,106,4,0,0.605,0.8816,0.159,0.0,0.4639,0
KM-111,39.59,59535,50.79,85.76,103952.6,13,1,0,0.2067,0.642,0.5877,0.4504,0.4405,0
KM-102,28.48,1570,69.9,51.14,28016.9,148,1,1,0.1311,0.0827,0.222,0.0,0.111,0
KM-113,37.06,38443,71.35,84.12,134069.2,176,2,0,0.2373,0.3331,0.264,0.4036,0.2998,0
KM-108,25.94,58320,71.48,103.2,116029.3,165,1,1,0.1173,0.7024,0.2475,0.9484,0.4558,0
KM-117,32.77,5539,46.48,82.61,35414.8,34,1,2,0.1574,0.1782,0.7918,0.3604,0.3301,0
KM-117,48.3,63758,65.57,69.64,53940.7,28,1,0,0.2833,0.7115,0.042,0.0,0.2854,0
KM-115,74.09,12301,46.44,95.42,26272.4,164,0,0,0.549,0.0603,0.9882,0.7263,0.5501,0
KM-102,70.37,23778,73.59,97.74,137069.4,175,1,0,0.5451,0.162,0.2625,0.7926,0.4423,0
KM-118,76.72,79059,67.1,60.75,62503.6,150,0,1,0.5886,1.0,0.225,0.0,0.501,0
KM-114,91.39,37775,67.25,96.32,81231.1,35,1,0,0.8853,0.3245,0.0525,0.7521,0.5519,1
KM-108,84.95,37180,68.62,72.34,144954.6,44,3,0,0.8716,0.3168,0.066,0.0668,0.4108,0
KM-123,53.92,22383,74.14,55.95,68191.5,78,1,0,0.3407,0.148,0.117,0.0,0.1796,0
KM-104,26.15,23942,48.77,65.03,87468.9,117,0,1,0.0684,0.2437,0.8247,0.0,0.2498,0
KM-108,8.09,57305,70.28,79.78,24476.7,63,1,0,0.0565,0.6063,0.0945,0.2794,0.2461,0
KM-105,64.54,65808,55.59,87.73,70779.7,134,0,0,0.4166,0.7461,0.5774,0.5067,0.5491,0
KM-102,27.06,9039,41.13,83.82,102001.7,66,2,1,0.1732,0.118,1.0,0.3947,0.3691,0
KM-113,19.54,35710,41.62,77.98,86723.5,19,2,4,0.1382,0.6182,0.9636,0.228,0.4412,1
KM-104,30.38,35171,51.12,104.47,78907.4,89,1,1,0.1423,0.3715,0.6887,0.9848,0.4774,0
KM-115,39.32,10958,50.65,73.14,157918.5,115,1,1,0.2046,0.1307,0.7466,0.0897,0.2716,0
KM-119,85.99,55327,43.9,87.25,132463.2,150,2,1,0.8394,0.6551,1.0,0.4928,0.7562,0
KM-120,57.57,12093,51.07,74.03,147459.6,145,1,2,0.3815,0.2188,0.7749,0.1153,0.3662,1
KM-119,52.41,77475,67.33,63.88,89333.8,102,1,0,0.3247,0.953,0.153,0.0,0.3825,1
KM-118,92.46,76265,40.75,101.65,34699.8,23,3,0,1.0,0.9308,1.0,0.9043,0.9636,1
KM-106,54.95,66667,52.58,48.45,116940.8,129,0,1,0.302,0.8407,0.6904,0.0,0.454,1
KM-115,84.66,31996,63.93,58.71,79027.5,144,1,3,0.7667,0.4929,0.2588,0.0,0.4433,0
KM-121,6.6,27022,56.9,62.89,152893.8,154,1,1,0.0544,0.2763,0.5549,0.0,0.1991,0
KM-115,42.61,13552,44.21,53.61,120679.7,16,2,1,0.2815,0.1497,0.8555,0.0,0.3071,0
KM-111,39.32,4323,52.44,65.25,92371.5,49,2,0,0.2546,0.0126,0.5761,0.0,0.2075,0
KM-109,54.21,12255,52.65,68.65,40314.9,27,1,0,0.3438,0.06,0.5344,0.0,0.2422,1
KM-110,47.41,41122,58.85,60.27,17648.0,101,1,0,0.2748,0.3685,0.3976,0.0,0.2678,1
KM-117,76.84,60949,44.5,82.34,14792.3,115,3,1,0.7404,0.745,0.9925,0.3525,0.7144,1
KM-124,5.06,72279,50.18,92.66,90833.7,156,2,1,0.1026,0.9388,0.8267,0.6475,0.5654,0
KM-105,25.38,71990,66.46,49.38,156404.6,139,2,1,0.1644,0.9336,0.2085,0.0,0.3327,0
KM-108,89.32,20693,71.3,63.66,59511.7,59,0,1,0.7979,0.2116,0.0885,0.0,0.3498,0
KM-118,14.2,25240,66.18,58.3,43486.8,100,1,0,0.0702,0.1772,0.15,0.0,0.0989,0
KM-114,24.08,66623,72.39,78.51,48785.8,81,1,2,0.108,0.92,0.1215,0.2431,0.3407,0
KM-102,75.67,14580,62.88,50.7,60799.1,172,2,0,0.6726,0.0778,0.3427,0.0,0.3234,0
KM-119,73.71,1042,46.75,79.49,62418.1,129,0,1,0.5434,0.0815,0.9236,0.271,0.4495,0
KM-121,10.03,6776,53.15,61.93,155652.3,40,0,1,0.0101,0.1047,0.534,0.0,0.1365,0
KM-118,74.14,58995,48.41,60.79,64168.9,32,1,1,0.5997,0.7133,0.7116,0.0,0.5305,1
KM-118,30.29,75159,54.97,94.16,142349.4,155,2,0,0.1918,0.9106,0.6339,0.6903,0.5596,0
KM-102,16.27,38489,49.19,89.74,176091.9,34,1,2,0.0765,0.4937,0.6835,0.5639,0.3997,1
KM-114,32.18,59735,50.21,52.4,146008.7,67,1,1,0.1535,0.7252,0.6922,0.0,0.3735,0
KM-104,48.95,42196,73.28,95.55,72882.3,164,3,1,0.3896,0.4631,0.246,0.7299,0.4473,1
KM-123,5.67,74246,44.79,86.26,178758.1,49,1,0,0.0532,0.8941,0.8819,0.4645,0.5114,0
KM-124,71.37,62518,49.77,54.67,79599.2,128,1,0,0.5594,0.6908,0.8013,0.0,0.5288,0
KM-115,17.58,47806,47.03,69.69,110147.4,41,1,2,0.0809,0.6219,0.7805,0.0,0.3399,0
KM-124,79.96,8802,65.33,85.18,144781.1,58,1,0,0.6894,0.0365,0.087,0.4338,0.3546,0
KM-113,62.89,45069,58.46,58.74,40188.7,11,2,1,0.4955,0.5028,0.278,0.0,0.3547,0
KM-123,75.74,16029,45.17,72.36,11752.6,78,1,2,0.6237,0.2497,0.9103,0.0675,0.4763,0
KM-103,58.71,57249,73.71,52.37,49604.3,50,3,1,0.4946,0.6854,0.075,0.0,0.3595,0
KM-119,68.89,74306,44.87,79.81,160418.9,69,2,1,0.5746,0.9752,0.9086,0.2804,0.6827,1
KM-102,27.18,39769,61.91,69.95,173831.7,31,0,2,0.0739,0.5105,0.17,0.0,0.1875,0
KM-107,67.68,26407,66.72,70.76,155785.7,59,2,2,0.5581,0.3496,0.0885,0.0217,0.3048,0
KM-118,52.92,50008,69.77,87.17,20180.1,33,3,0,0.43,0.4942,0.0495,0.4907,0.3821,0
KM-110,50.58,33202,60.21,101.01,11121.8,12,1,1,0.3059,0.3474,0.2096,0.886,0.413,0
KM-118,23.38,38242,51.83,89.65,137966.2,115,0,1,0.0547,0.4105,0.6992,0.5614,0.3739,1
KM-110,40.71,50876,49.05,62.08,172988.9,135,0,0,0.1657,0.5071,0.8406,0.0,0.3529,1
KM-113,11.97,30605,46.63,66.67,155853.1,68,2,1,0.1143,0.3166,0.8369,0.0,0.2866,1
KM-118,48.82,43873,42.6,46.25,171517.6,77,4,1,0.4384,0.4861,1.0,0.0,0.475,1
KM-114,56.86,22017,45.22,94.17,53286.4,166,1,1,0.3733,0.2244,1.0,0.6905,0.5249,1
KM-101,49.05,36268,68.52,98.29,47841.9,1,1,0,0.2906,0.3052,0.0015,0.8083,0.34,0
KM-105,45.43,20369,45.35,82.61,17883.2,143,1,1,0.2564,0.2085,1.0,0.3603,0.4139,0
KM-125,39.6,47380,59.2,56.98,8554.3,15,2,1,0.2568,0.5358,0.2544,0.0,0.2747,0
KM-119,47.63,24212,70.81,102.85,61796.6,64,1,0,0.2769,0.1665,0.096,0.9385,0.3454,0
KM-115,88.82,14105,68.19,64.81,61036.4,148,1,0,0.8389,0.074,0.222,0.0,0.3565,0
KM-115,92.31,41955,65.35,79.5,24108.1,97,0,1,0.8522,0.4598,0.1455,0.2715,0.4966,0
KM-108,67.51,59764,74.11,86.33,161630.7,78,2,0,0.5558,0.6457,0.117,0.4666,0.4727,0
KM-123,55.65,37498,43.87,94.77,110477.7,164,0,1,0.3097,0.4009,1.0,0.7076,0.5501,0
KM-110,10.7,43817,44.94,52.55,84237.7,175,2,1,0.1114,0.4853,1.0,0.0,0.3603,0
KM-104,73.04,62717,54.52,71.01,86755.5,90,0,0,0.5335,0.6941,0.5542,0.0289,0.4769,1
KM-106,66.81,69835,71.04,88.91,103162.3,101,2,1,0.5464,0.8956,0.1515,0.5404,0.5535,1
KM-109,88.39,52410,70.55,69.57,34666.0,132,3,2,0.9312,0.6903,0.198,0.0,0.5381,0
KM-119,11.26,17192,50.87,97.22,34825.8,69,0,4,0.0127,0.4196,0.6685,0.7778,0.3986,1
KM-125,57.77,59630,49.03,50.65,60157.8,121,1,0,0.3838,0.6435,0.8205,0.0,0.4593,0
KM-107,88.68,23064,40.64,52.71,91817.0,36,1,0,0.8365,0.1548,1.0,0.0,0.5315,1
KM-114,26.03,22676,59.78,73.09,160457.0,22,3,2,0.2177,0.3109,0.242,0.0884,0.22,1
KM-111,9.17,75667,71.3,76.47,28974.4,3,0,0,0.0084,0.9199,0.0045,0.1848,0.2708,0
KM-117,41.96,17506,55.45,76.09,96317.7,83,1,0,0.2261,0.1024,0.5064,0.174,0.2408,1
KM-121,68.44,35980,71.31,100.72,175781.3,164,1,0,0.5184,0.3016,0.246,0.8776,0.4816,0
KM-115,90.28,28397,55.17,90.52,22076.4,58,1,1,0.8651,0.2915,0.4803,0.5863,0.589,0
KM-125,53.04,40278,72.06,62.87,171214.9,66,1,0,0.3313,0.3572,0.099,0.0,0.2251,0
KM-104,69.69,35930,47.33,101.93,15636.7,179,1,0,0.5357,0.301,0.9753,0.9124,0.6403,0
KM-112,37.23,10888,64.23,75.37,99207.6,43,4,1,0.3386,0.1302,0.0954,0.1536,0.2009,0
KM-115,82.39,46638,64.63,94.88,12043.2,175,0,0,0.6788,0.4451,0.2771,0.711,0.5465,0
KM-119,25.26,23592,40.16,75.07,128346.3,91,1,0,0.1138,0.1601,1.0,0.145,0.3089,0
KM-113,63.82,49426,46.48,57.27,46772.6,137,2,2,0.5073,0.6456,0.9462,0.0,0.5282,1
KM-110,12.18,48219,40.77,82.7,106914.8,126,0,1,0.0148,0.5479,1.0,0.3629,0.4148,0
KM-118,16.91,41950,55.43,98.3,146662.2,78,2,1,0.1286,0.4597,0.4998,0.8085,0.4216,1
KM-116,77.69,24267,41.57,54.02,79116.7,61,1,1,0.6536,0.2471,1.0,0.0,0.4905,0
KM-108,77.09,65930,74.41,64.73,158375.1,58,0,2,0.5943,0.9082,0.087,0.0,0.4524,0
KM-115,46.65,34762,67.13,69.29,171421.2,165,4,2,0.4177,0.4464,0.2475,0.0,0.3073,1
KM-117,64.48,10895,50.44,53.95,150166.6,135,2,0,0.5158,0.0503,0.7851,0.0,0.3501,1
KM-116,12.87,76974,66.66,51.4,25452.5,40,0,1,0.0166,1.0,0.06,0.0,0.2678,1
KM-101,85.89,48361,67.62,76.77,10081.8,40,2,1,0.8376,0.55,0.06,0.1935,0.4814,0
KM-123,44.9,66524,61.99,89.05,113653.0,150,2,0,0.3016,0.7583,0.3454,0.5442,0.473,0
KM-121,21.49,70483,64.74,47.41,100654.0,77,1,1,0.0962,0.907,0.1258,0.0,0.2856,0
KM-109,36.82,50874,55.47,84.31,64555.5,179,1,1,0.1856,0.5871,0.6496,0.409,0.4234,0
KM-116,79.23,15694,45.89,53.63,93091.1,65,2,0,0.7278,0.0869,0.862,0.0,0.4488,1
KM-109,62.15,47972,75.0,66.84,15770.0,30,0,1,0.3862,0.5444,0.045,0.0,0.2803,0
KM-115,88.01,11621,47.52,98.35,178838.1,60,2,2,0.8746,0.2154,0.7892,0.8099,0.6798,1
KM-117,55.56,65366,54.42,49.4,75914.5,57,1,0,0.3587,0.7386,0.5088,0.0,0.412,0
KM-116,26.2,1018,61.59,64.12,123503.5,147,1,1,0.1186,0.0814,0.3571,0.0,0.1333,0
KM-101,52.17,26280,70.98,66.7,168178.8,139,2,0,0.3722,0.1883,0.2085,0.0,0.219,0
KM-104,20.31,35528,45.39,99.59,169209.0,150,2,1,0.1412,0.376,1.0,0.8454,0.5125,0
KM-103,37.47,19165,64.55,88.12,82062.9,17,0,1,0.1404,0.1973,0.0433,0.5176,0.2106,0
KM-102,25.65,13836,51.72,100.17,119401.0,135,0,0,0.0658,0.0719,0.7337,0.8621,0.3602,0
KM-116,52.29,56779,60.99,79.0,119479.5,4,5,1,0.5234,0.6779,0.1665,0.2571,0.4374,0
KM-124,69.93,53062,56.39,94.66,83962.7,140,1,0,0.5391,0.5402,0.5544,0.7046,0.5755,0
KM-116,89.73,11691,64.48,65.5,80806.0,127,2,0,0.9051,0.0559,0.2114,0.0,0.373,0
KM-114,46.63,63580,67.28,66.3,176946.0,57,1,3,0.2674,0.9485,0.0855,0.0,0.3478,0
KM-108,24.18,42876,54.54,56.19,22922.9,84,1,0,0.1085,0.3924,0.5444,0.0,0.245,0
KM-116,21.34,75397,57.99,87.52,73395.9,98,1,0,0.0955,0.9149,0.4274,0.5006,0.4478,1
KM-112,11.0,52901,50.95,80.25,123880.2,77,2,0,0.1121,0.5377,0.6773,0.293,0.3677,0
KM-108,63.79,1799,46.72,85.03,105544.1,85,1,0,0.457,0.0034,0.8585,0.4293,0.4183,0
KM-111,27.06,12408,58.63,91.1,137639.1,112,4,0,0.2732,0.0611,0.4229,0.603,0.3161,0
KM-116,53.82,77949,52.12,98.95,131549.8,78,2,3,0.3896,1.0,0.632,0.827,0.6782,0
KM-106,41.44,66402,47.09,100.1,155199.0,66,2,1,0.2717,0.8362,0.8153,0.8599,0.6392,1
KM-115,73.85,23435,44.09,69.27,12341.3,106,1,1,0.5954,0.2385,0.9954,0.0,0.4671,0
KM-104,90.88,20329,73.53,54.47,73624.5,111,1,0,0.8759,0.1281,0.1665,0.0,0.3719,1
KM-114,62.96,46643,40.42,77.46,105391.7,69,2,0,0.4964,0.4452,1.0,0.213,0.5276,0
KM-106,41.78,42596,67.37,76.97,114344.0,88,0,2,0.1746,0.5485,0.132,0.1991,0.2644,0
KM-116,36.1,59639,61.34,61.46,127250.0,153,4,0,0.3303,0.6437,0.3759,0.0,0.3517,0
KM-107,33.03,10796,42.17,98.28,157052.4,110,1,2,0.1591,0.2096,1.0,0.8081,0.4697,0
KM-115,46.16,45470,73.32,95.53,108860.1,137,0,1,0.213,0.5085,0.2055,0.7293,0.3887,0
KM-106,17.67,66615,66.65,74.86,53102.5,145,1,0,0.0812,0.7598,0.2175,0.1388,0.2897,0
KM-107,50.68,20439,64.93,74.07,44299.5,101,2,2,0.3569,0.2891,0.1542,0.1164,0.2513,1
KM-120,82.3,20330,73.47,97.77,106507.6,35,3,1,0.8274,0.2081,0.0525,0.7935,0.5108,0
KM-120,65.65,60592,46.53,69.38,132848.0,121,0,2,0.4309,0.8192,0.9201,0.0,0.5396,1
KM-101,31.13,27709,73.98,60.29,90012.2,87,1,0,0.1469,0.2038,0.1305,0.0,0.1285,0
KM-116,72.79,50151,58.27,65.11,5231.0,16,2,1,0.6298,0.5763,0.2931,0.0,0.4231,0
KM-109,77.34,54424,55.78,85.19,52054.5,148,1,1,0.6481,0.6411,0.5909,0.4339,0.5921,1
KM-124,64.9,53079,48.06,79.76,144679.9,54,2,1,0.5212,0.6204,0.7585,0.279,0.545,0
KM-118,36.95,35247,56.39,96.71,93206.7,78,2,0,0.2365,0.2924,0.4613,0.7631,0.4008,0
KM-121,67.12,17017,48.15,100.42,134688.8,158,0,0,0.4505,0.0981,0.9111,0.869,0.5382,1
KM-121,27.53,14851,65.84,91.45,111230.0,20,1,1,0.1258,0.16,0.03,0.6129,0.2126,0
KM-121,57.13,37343,57.29,50.13,157019.0,76,4,1,0.5264,0.3989,0.4224,0.0,0.3684,1
KM-110,40.65,37748,40.27,70.39,29013.0,100,0,1,0.1653,0.4041,1.0,0.0111,0.3611,0
KM-101,50.59,6277,59.28,51.88,169991.0,71,2,0,0.3559,0.022,0.3351,0.0,0.1971,0
KM-120,71.24,39092,63.58,80.33,105849.1,135,2,1,0.6076,0.4216,0.2592,0.2952,0.4289,1
KM-116,53.2,7073,59.64,65.27,17538.9,158,3,0,0.4331,0.0263,0.4512,0.0,0.2484,0
KM-101,91.27,36983,44.81,104.9,13608.1,126,2,0,0.9331,0.3143,0.9964,0.997,0.8038,1
KM-121,34.92,15932,70.53,64.95,28219.4,102,2,2,0.2219,0.2489,0.153,0.0,0.1705,0
KM-105,50.19,35370,51.63,69.68,110497.8,111,2,3,0.3519,0.534,0.7014,0.0,0.3969,1
KM-123,45.97,26757,53.1,90.65,84226.9,160,2,1,0.3114,0.2734,0.716,0.5899,0.4385,0
KM-101,40.88,22157,74.9,78.96,12770.4,54,1,1,0.2171,0.2258,0.081,0.2561,0.1998,0
KM-111,71.85,20290,59.79,75.24,40553.0,33,2,0,0.6163,0.1277,0.2579,0.1497,0.3291,1
KM-124,51.04,13822,71.68,86.88,69917.1,159,0,1,0.2605,0.1518,0.2385,0.4822,0.2733,0
KM-115,29.43,63239,48.09,99.98,76057.7,139,0,3,0.0866,0.9428,0.8848,0.8566,0.6143,0
KM-101,84.01,25886,40.71,54.52,117295.1,86,1,1,0.7557,0.2641,1.0,0.0,0.5305,0
KM-106,83.33,57050,58.89,48.14,134990.8,8,1,1,0.7444,0.6822,0.2566,0.0,0.4824,0
KM-101,14.9,51054,43.22,59.38,22503.2,160,0,1,0.0222,0.5898,1.0,0.0,0.3552,0
KM-104,50.28,59676,61.5,46.68,168063.0,14,1,1,0.3028,0.7243,0.1608,0.0,0.3192,0
KM-125,47.29,18875,44.17,59.7,22525.1,176,0,0,0.2236,0.1146,1.0,0.0,0.3069,0
KM-118,25.34,14346,42.67,84.32,90475.6,88,1,1,0.1142,0.1559,1.0,0.4091,0.3608,1
KM-115,10.19,18400,45.71,93.73,44502.9,29,0,0,0.0104,0.1103,0.8151,0.6779,0.3298,0
KM-106,45.13,14217,56.97,73.14,50783.5,29,3,1,0.3537,0.1549,0.3646,0.0896,0.2534,1
KM-104,44.69,39655,47.82,83.53,171409.5,103,2,2,0.2997,0.509,0.8419,0.3866,0.4778,0
KM-113,64.6,44118,49.58,61.16,148380.8,108,0,1,0.4173,0.4895,0.7788,0.0,0.4242,0
KM-117,68.91,27622,72.84,51.82,128337.3,79,2,1,0.5749,0.2829,0.1185,0.0,0.2956,0
KM-123,28.18,46420,55.45,76.75,83639.0,45,1,0,0.1294,0.442,0.4494,0.1929,0.2843,0
KM-118,39.83,69850,45.92,51.51,136125.8,63,2,0,0.2586,0.8159,0.8576,0.0,0.466,0
KM-123,12.12,4159,45.82,61.87,96233.5,66,0,0,0.0147,0.0119,0.8663,0.0,0.1814,0
KM-101,54.66,28924,42.57,62.04,47524.6,125,3,1,0.4488,0.2974,1.0,0.0,0.4314,1
KM-118,44.07,1972,61.54,104.71,36106.8,89,0,2,0.1942,0.1639,0.272,0.9916,0.3617,1
KM-121,77.54,1975,70.12,50.86,47078.0,26,2,2,0.7013,0.1639,0.039,0.0,0.2942,0
KM-114,36.4,65927,71.24,56.21,113441.2,53,8,3,0.5325,0.9881,0.0795,0.0,0.4493,1
KM-125,28.47,10680,52.69,54.11,62138.2,53,0,2,0.0811,0.2088,0.5721,0.0,0.195,0
KM-118,77.01,58602,44.49,74.94,119386.4,133,2,0,0.6931,0.627,1.0,0.1411,0.6276,0
KM-119,41.84,54730,73.4,100.0,45821.5,152,1,1,0.2251,0.6459,0.228,0.8572,0.4573,0
KM-102,81.32,53330,53.79,77.38,20264.2,129,1,1,0.7113,0.6243,0.6418,0.2108,0.5756,0
KM-122,67.79,47002,69.64,59.5,126055.5,174,3,3,0.6095,0.6903,0.261,0.0,0.4381,0
KM-116,88.81,37817,42.37,104.6,127277.2,111,1,0,0.8387,0.325,1.0,0.9887,0.7725,0
KM-125,25.98,52095,54.26,74.11,122076.9,10,0,1,0.0675,0.6055,0.4445,0.1173,0.2874,0
KM-107,54.18,20112,49.69,65.14,116803.6,33,2,1,0.3936,0.2061,0.6617,0.0,0.3216,0
KM-112,35.44,21249,53.78,61.36,5591.3,142,1,0,0.1756,0.1369,0.6619,0.0,0.2281,0
KM-119,61.0,60893,62.55,100.09,71733.8,70,1,1,0.4221,0.7441,0.2031,0.8598,0.5463,0
KM-123,9.43,11040,60.02,104.22,149526.1,34,1,1,0.0589,0.1313,0.2503,0.9777,0.299,0
KM-108,66.14,40758,69.3,83.65,74566.4,147,2,1,0.5375,0.4437,0.2205,0.39,0.4211,1
KM-116,57.6,44386,69.02,88.01,10701.2,176,1,1,0.3818,0.4933,0.264,0.5145,0.4126,0
KM-115,30.73,9265,68.08,76.77,124778.6,67,0,1,0.0944,0.1194,0.1005,0.1934,0.1217,0
KM-101,44.3,25718,49.96,64.07,59250.3,135,2,2,0.2963,0.3423,0.804,0.0,0.3501,0
KM-125,16.73,67865,55.59,50.51,113351.2,59,1,1,0.078,0.8613,0.4649,0.0,0.3356,0
KM-103,84.23,79156,65.36,71.72,15564.0,144,3,1,0.8594,1.0,0.216,0.0491,0.6038,0
KM-113,46.18,19088,51.4,102.56,171133.9,84,1,0,0.2633,0.1165,0.6699,0.9303,0.4413,0
KM-122,19.98,78222,56.7,96.98,8816.2,42,3,4,0.1899,1.0,0.3951,0.771,0.5497,0
KM-116,80.28,76017,42.67,84.16,97147.2,113,0,1,0.6445,1.0,1.0,0.4047,0.7565,0
KM-109,48.99,74703,47.41,81.84,131463.7,8,2,0,0.34,0.9023,0.7158,0.3384,0.5554,0
KM-109,68.5,48582,59.34,69.45,73256.7,8,0,0,0.4693,0.4732,0.2382,0.0,0.3302,0
KM-113,82.06,33238,64.09,66.86,169255.1,138,2,1,0.7734,0.3478,0.2432,0.0,0.4063,0
KM-124,75.03,16624,41.22,86.44,97405.9,175,2,1,0.663,0.1747,1.0,0.4696,0.5696,0
KM-103,76.1,25689,64.84,76.65,95046.8,47,3,0,0.7292,0.182,0.0767,0.1899,0.354,1
KM-105,63.85,32351,60.87,69.95,57498.5,46,2,3,0.5077,0.4972,0.2341,0.0,0.3488,1
KM-123,32.62,14714,72.86,70.64,140477.4,43,5,1,0.3564,0.1589,0.0645,0.0183,0.181,0
KM-114,15.91,39082,51.26,54.25,84305.3,160,0,1,0.0253,0.4215,0.7894,0.0,0.2721,0
KM-124,56.8,48367,56.88,47.98,92420.4,146,2,1,0.4226,0.5501,0.5438,0.0,0.3942,0
KM-121,46.02,46200,40.45,81.53,16456.3,142,2,0,0.3118,0.4389,1.0,0.3294,0.4847,1
KM-101,56.27,25090,47.05,65.48,174157.6,141,0,1,0.3166,0.2556,0.9294,0.0,0.3606,1
KM-113,66.29,40931,59.73,89.14,52250.4,169,4,0,0.6394,0.366,0.4645,0.5469,0.5176,0
KM-104,88.41,15244,56.64,88.1,63954.3,147,1,0,0.8317,0.0832,0.5551,0.5171,0.5263,0
KM-105,48.82,12252,54.25,46.56,103942.4,102,0,0,0.2384,0.0599,0.5829,0.0,0.215,0
KM-116,64.69,52899,50.1,59.94,169359.6,39,2,0,0.5184,0.5377,0.6547,0.0,0.4468,1
KM-101,74.68,76886,46.97,57.09,12356.4,4,2,0,0.6577,0.9422,0.7271,0.0,0.6111,0
KM-124,39.08,8855,70.58,76.02,30244.3,10,2,0,0.2527,0.0368,0.015,0.172,0.1351,0
KM-109,87.0,31615,74.64,63.13,53567.5,10,2,0,0.8569,0.2484,0.015,0.0,0.365,0
KM-107,76.01,16674,45.61,62.36,112559.3,166,0,1,0.5777,0.1752,1.0,0.0,0.446,1
KM-111,57.81,56569,64.76,82.31,91805.8,115,0,0,0.3342,0.5946,0.1819,0.3518,0.3724,1
KM-122,89.46,31359,54.65,47.66,108085.5,123,1,0,0.8503,0.2454,0.5985,0.0,0.4786,0
KM-104,5.03,77935,41.2,84.19,35034.1,162,2,2,0.1025,1.0,1.0,0.4055,0.567,1
KM-120,70.07,41167,54.19,56.03,67855.4,55,1,0,0.541,0.3691,0.515,0.0,0.3846,0
KM-118,72.56,79764,52.2,55.78,99500.3,111,3,0,0.6765,0.9956,0.6783,0.0,0.6213,1
KM-124,12.76,7799,68.9,63.78,72228.0,105,2,0,0.1163,0.0304,0.1575,0.0,0.0798,1
KM-122,36.38,8447,63.33,86.93,161868.2,142,2,0,0.2324,0.0343,0.2797,0.4837,0.2426,0
KM-115,9.3,1638,71.88,65.82,22860.8,100,1,1,0.0587,0.0829,0.15,0.0,0.0713,0
KM-110,70.96,16642,62.61,71.19,48845.6,80,3,0,0.6535,0.0949,0.2157,0.034,0.3024,0
KM-103,60.32,33734,64.37,59.69,118548.5,145,1,1,0.4138,0.3538,0.2429,0.0,0.2819,1
KM-112,91.44,47479,71.01,59.08,24855.6,18,2,2,0.9361,0.6172,0.027,0.0,0.4873,0
KM-110,22.31,61237,52.75,84.01,155793.6,87,0,0,0.0498,0.6697,0.6206,0.4003,0.389,0
KM-104,73.46,31339,50.47,72.14,27341.7,37,2,1,0.6396,0.3252,0.6368,0.0612,0.4448,1
KM-114,89.05,48511,51.87,62.9,12242.2,138,1,1,0.843,0.5522,0.7322,0.0,0.5795,0
KM-109,86.37,58155,44.86,51.92,57490.1,44,2,0,0.8461,0.6198,0.8717,0.0,0.6254,0
KM-117,55.73,20622,41.55,47.84,163767.1,126,1,1,0.3606,0.2109,1.0,0.0,0.3789,0
KM-120,5.87,57808,62.0,98.12,144540.3,103,1,1,0.0534,0.6943,0.2744,0.8033,0.4078,0
KM-114,19.71,16396,41.31,75.02,154524.0,133,1,2,0.0889,0.2528,1.0,0.1433,0.323,1
KM-110,25.95,34443,61.9,74.41,29994.9,93,1,0,0.1173,0.2825,0.2634,0.1259,0.1896,0
KM-104,46.56,31580,67.64,51.29,151354.2,131,0,0,0.2168,0.248,0.1965,0.0,0.1772,1
KM-104,75.08,58367,41.32,62.44,77395.1,173,0,1,0.5637,0.7032,1.0,0.0,0.5731,0
KM-123,94.01,38471,50.09,74.62,30077.2,145,1,0,0.9339,0.3335,0.8138,0.132,0.5994,1
KM-109,68.39,17411,55.26,61.43,108134.2,42,1,0,0.5177,0.1015,0.4525,0.0,0.2971,1
KM-122,49.23,71509,41.76,55.39,29412.6,161,0,1,0.2424,0.9251,1.0,0.0,0.5161,1
KM-104,53.4,19651,72.14,88.0,79545.3,162,1,0,0.3351,0.1217,0.243,0.5142,0.2992,0
KM-102,39.31,26402,48.32,80.05,72747.9,108,4,0,0.3545,0.1896,0.8292,0.2872,0.3948,0
KM-105,26.62,34724,62.53,76.53,62993.8,7,2,1,0.1709,0.366,0.1093,0.1866,0.2105,0
KM-110,14.6,3838,60.04,88.03,135389.0,131,2,1,0.1213,0.0905,0.3948,0.5152,0.2471,0
KM-102,12.3,57042,58.27,67.8,12815.5,46,1,1,0.0651,0.6821,0.3381,0.0,0.2609,0
KM-109,76.28,75828,73.89,74.37,126865.8,58,1,1,0.6319,1.0,0.087,0.1249,0.5135,0
KM-111,27.81,2431,56.09,57.61,156447.8,88,4,0,0.2774,0.0053,0.4882,0.0,0.196,1
KM-119,85.59,36070,45.52,89.18,11515.7,143,1,1,0.7826,0.3828,0.9938,0.548,0.6779,0
KM-106,35.77,79033,66.51,95.46,138317.3,125,0,1,0.1279,1.0,0.1875,0.7275,0.4778,0
KM-101,80.6,69633,49.85,48.2,125489.6,99,2,0,0.7497,0.8121,0.7544,0.0,0.6163,1
KM-112,91.82,32489,70.87,66.08,101717.0,120,0,1,0.8431,0.3388,0.18,0.0,0.4158,0
KM-110,17.96,11272,74.58,62.34,30130.5,146,3,1,0.1823,0.1329,0.219,0.0,0.1408,0
KM-119,44.51,18178,53.67,73.32,154228.9,44,1,1,0.2482,0.1883,0.5191,0.0948,0.2567,0
KM-108,81.39,28785,41.63,54.51,74643.1,55,0,1,0.6624,0.2958,1.0,0.0,0.5058,0
KM-120,88.62,3512,50.4,59.04,150270.5,113,0,1,0.7853,0.0892,0.7536,0.0,0.4479,0
KM-108,84.99,52253,65.13,57.43,32829.4,151,2,0,0.8223,0.5279,0.2265,0.0,0.4651,0
KM-110,32.55,30655,54.8,102.85,77000.4,149,3,2,0.256,0.3972,0.6315,0.9387,0.5029,0
KM-109,19.09,13291,45.32,68.61,14847.2,87,3,0,0.1865,0.0677,0.9177,0.0,0.2657,1
KM-111,80.08,26793,48.03,70.11,145252.6,128,0,4,0.6413,0.5138,0.871,0.003,0.5277,0
KM-104,93.82,11256,45.51,96.37,164174.6,70,2,0,0.9802,0.0528,0.8846,0.7534,0.6838,1
KM-109,63.11,65042,41.2,61.46,178240.5,132,3,0,0.5483,0.7331,1.0,0.0,0.5752,0
KM-107,29.18,48431,74.14,104.71,18229.3,42,1,0,0.1352,0.471,0.063,0.9917,0.376,0
KM-125,27.03,15570,54.98,64.56,117968.4,132,0,2,0.073,0.2459,0.5987,0.0,0.2068,0
KM-117,34.24,1535,41.6,101.72,30162.4,26,0,1,0.1172,0.0827,0.975,0.9063,0.438,1
KM-117,35.04,58544,59.43,51.53,168122.8,154,3,3,0.2728,0.866,0.4539,0.0,0.4028,1
KM-119,67.15,10402,54.41,50.81,46282.7,145,1,0,0.5009,0.0469,0.641,0.0,0.3152,0
KM-109,69.74,59824,62.17,86.31,120224.5,112,0,2,0.4863,0.8067,0.2813,0.466,0.5214,0
KM-106,36.17,70343,72.47,82.74,143223.4,122,0,1,0.1309,0.9045,0.183,0.364,0.3813,0
KM-108,86.69,21948,64.36,80.18,115773.0,118,2,0,0.8515,0.1437,0.2028,0.2909,0.4327,0
KM-115,78.17,78627,48.09,99.21,22024.2,33,3,1,0.7611,1.0,0.726,0.8345,0.8285,1
KM-112,84.44,32126,50.27,53.96,69500.9,101,3,1,0.8629,0.3345,0.7406,0.0,0.5338,0
KM-119,49.61,5094,60.81,98.03,164368.6,100,2,1,0.3461,0.0961,0.3177,0.8009,0.3689,0
KM-121,89.37,66185,50.3,78.48,167080.5,133,2,0,0.8987,0.7525,0.7874,0.2423,0.7086,0
KM-124,20.04,44726,66.31,89.82,65378.6,81,2,0,0.1402,0.418,0.1215,0.5662,0.2911,0
KM-117,72.99,66436,71.17,71.04,59425.5,158,0,1,0.5328,0.8368,0.237,0.0297,0.449,0
KM-107,79.26,14341,70.01,67.48,7945.8,130,2,0,0.7282,0.0759,0.195,0.0,0.3128,1
KM-120,73.07,56833,73.08,57.36,71890.4,95,0,1,0.5339,0.6788,0.1425,0.0,0.385,0
KM-118,15.99,77459,58.43,75.97,157802.9,66,1,0,0.0756,0.9527,0.3619,0.1707,0.3712,0
KM-106,27.62,3590,69.57,73.51,33414.6,124,1,1,0.1263,0.0895,0.186,0.1003,0.1238,0
KM-122,68.08,14820,51.83,63.16,156917.2,77,0,1,0.4635,0.1597,0.6422,0.0,0.3306,0
KM-113,31.43,67481,54.09,103.02,111982.9,160,2,0,0.1988,0.7747,0.6766,0.9435,0.5872,0
KM-104,66.49,12004,55.54,80.82,55904.0,79,3,3,0.5922,0.2981,0.497,0.3091,0.443,0
KM-107,27.93,17585,70.59,64.61,27449.4,143,4,0,0.278,0.1031,0.2145,0.0,0.166,1
KM-104,69.67,28946,74.6,85.49,136853.7,116,0,0,0.4854,0.2176,0.174,0.4425,0.3476,0
KM-108,20.27,4837,51.65,96.35,158083.4,76,3,0,0.1911,0.0149,0.6479,0.7527,0.3507,0
KM-106,78.41,46635,69.52,79.7,161041.6,134,2,0,0.7147,0.4451,0.201,0.277,0.457,0
KM-116,71.4,47266,74.54,63.13,10401.9,167,2,2,0.6098,0.6141,0.2505,0.0,0.4171,1
KM-107,38.04,42182,64.99,81.72,79756.7,173,4,1,0.3447,0.4629,0.26,0.3349,0.3553,0
KM-115,49.14,35018,61.8,60.58,106806.0,104,1,0,0.2914,0.2896,0.284,0.0,0.2312,0
KM-111,29.71,63395,59.41,82.92,81845.3,134,3,2,0.2383,0.8654,0.4248,0.369,0.4585,0
KM-112,92.63,23098,53.78,68.7,79226.4,42,3,1,1.0,0.2351,0.512,0.0,0.5112,0
KM-109,52.14,50830,53.41,54.33,173645.3,133,1,0,0.3218,0.5065,0.6632,0.0,0.3719,1
KM-122,22.39,57268,66.71,89.81,94201.5,166,0,2,0.0501,0.7657,0.249,0.566,0.372,0
KM-116,21.45,52845,47.75,54.29,57914.6,41,0,1,0.046,0.6169,0.7516,0.0,0.3206,0
KM-107,65.0,13741,61.18,50.8,86604.6,27,1,0,0.4725,0.0712,0.1932,0.0,0.2218,0
KM-104,63.78,69776,58.27,81.48,71927.6,147,1,0,0.4568,0.8146,0.4897,0.3279,0.527,1
KM-106,66.56,63146,54.53,57.89,115409.3,39,1,1,0.493,0.7813,0.4774,0.0,0.4634,0
KM-125,57.03,50506,60.04,65.15,36839.7,154,1,1,0.3752,0.5816,0.4294,0.0,0.3626,1
KM-119,48.5,6301,44.97,83.89,156036.9,164,1,1,0.2852,0.1021,1.0,0.3967,0.4047,1
KM-120,51.33,19368,42.66,65.91,148964.8,89,1,1,0.3135,0.1991,1.0,0.0,0.3595,0
KM-122,90.24,53299,46.15,60.2,161021.3,95,2,1,0.9143,0.6238,0.8966,0.0,0.6553,0
KM-111,24.4,55334,66.41,53.74,157083.2,56,1,2,0.1095,0.7352,0.084,0.0,0.2389,0
KM-111,32.97,18421,67.48,75.76,147286.5,23,1,0,0.1587,0.1105,0.0345,0.1647,0.123,0
KM-101,54.64,8923,65.16,50.06,74118.1,61,1,1,0.3486,0.1173,0.0915,0.0,0.1696,0
KM-116,16.34,79682,63.23,85.99,89271.8,64,0,1,0.0267,1.0,0.1667,0.4569,0.3841,1
KM-105,23.75,35409,72.23,103.42,111041.3,104,0,2,0.0564,0.4545,0.156,0.9548,0.3555,0
KM-109,88.44,41131,48.14,62.86,82229.4,150,1,2,0.8321,0.5287,0.8995,0.0,0.6033,0
KM-125,76.96,76019,58.66,79.69,14202.7,109,4,1,0.7922,1.0,0.4172,0.2768,0.6661,0
KM-111,22.76,65046,42.64,95.13,81610.9,12,3,0,0.2018,0.7332,0.9124,0.7179,0.58,0
KM-123,66.37,13054,48.5,103.36,31427.3,179,1,1,0.4905,0.1459,0.9286,0.953,0.5845,0
KM-107,72.89,13777,66.59,78.86,154795.8,107,3,2,0.6813,0.2315,0.1605,0.2532,0.3791,0
KM-111,37.74,10872,42.57,74.91,91505.0,46,1,2,0.1924,0.2101,0.966,0.1402,0.3411,0
KM-116,92.23,61217,51.76,53.83,30098.3,39,0,0,0.8507,0.6694,0.5882,0.0,0.5827,0
KM-117,68.0,61240,62.8,74.33,98958.9,156,1,2,0.5124,0.8298,0.322,0.1238,0.4759,0
KM-105,51.65,10832,40.43,64.92,15892.7,160,2,3,0.3668,0.2898,1.0,0.0,0.4008,1
KM-116,74.6,36470,59.25,80.48,10072.7,62,2,1,0.6565,0.3878,0.323,0.2996,0.4512,1
KM-109,81.98,75745,40.87,99.19,17390.6,79,4,0,0.8721,0.9213,1.0,0.8339,0.9023,0
KM-117,45.89,12055,73.42,87.37,178934.6,121,0,1,0.2106,0.1385,0.1815,0.4964,0.2439,1
KM-125,33.09,18565,55.1,67.73,115834.3,91,1,1,0.1595,0.1918,0.5325,0.0,0.2103,0
KM-112,6.44,58194,59.63,101.17,146808.2,58,4,1,0.2041,0.7004,0.3017,0.8906,0.485,1
KM-102,63.89,41409,48.89,58.81,111986.8,76,2,1,0.5082,0.4524,0.7584,0.0,0.4427,0
KM-123,89.18,43523,45.95,67.04,107550.3,173,3,0,0.9454,0.4013,1.0,0.0,0.6312,0
KM-107,56.39,12683,63.26,101.5,39940.4,96,0,0,0.318,0.0631,0.2136,0.9,0.3498,0
KM-105,91.19,56541,61.72,92.68,160678.4,98,3,0,0.9815,0.5942,0.2783,0.648,0.6774,1
KM-103,35.78,4554,51.02,54.83,12025.9,98,1,0,0.178,0.0136,0.7061,0.0,0.2069,0
KM-102,51.36,17838,74.05,71.6,170893.2,115,4,3,0.4638,0.3453,0.1725,0.0456,0.2923,0
KM-102,19.65,49101,71.14,99.7,111378.9,143,4,0,0.2386,0.4808,0.2145,0.8486,0.4163,0
KM-119,92.34,24039,43.78,75.37,97244.2,77,1,0,0.9026,0.1647,0.9641,0.1533,0.5806,0
KM-120,36.94,26785,47.46,82.5,146912.9,18,1,2,0.1865,0.3537,0.7286,0.3572,0.3708,0
KM-118,7.91,5447,51.1,77.16,120708.4,143,2,0,0.1063,0.0178,0.7706,0.2047,0.2367,1
KM-112,82.92,16689,53.34,100.97,130153.8,78,2,0,0.7876,0.0953,0.5834,0.8848,0.5931,0
KM-116,37.62,2027,64.76,89.04,54955.1,17,1,0,0.1915,0.004,0.0349,0.544,0.1838,1
KM-118,81.84,78795,61.38,55.79,100614.5,135,1,1,0.7198,1.0,0.3473,0.0,0.5714,0
KM-118,53.86,30404,60.57,75.59,96552.3,175,1,1,0.3401,0.3143,0.4396,0.1596,0.3175,0
KM-109,30.64,39941,47.13,46.87,94826.4,61,3,0,0.2439,0.3528,0.8062,0.0,0.3348,0
KM-125,7.16,53282,40.37,79.67,173313.4,46,1,0,0.0551,0.5435,1.0,0.2764,0.4105,1
KM-125,80.31,67652,48.28,53.6,70444.8,37,3,2,0.7949,0.9377,0.7242,0.0,0.6575,0
KM-114,52.28,1076,41.56,102.37,79227.9,83,3,0,0.4234,0.0016,1.0,0.9249,0.5335,0
KM-102,17.42,8799,44.79,62.15,49337.3,167,6,0,0.3304,0.0365,1.0,0.0,0.3247,0
KM-109,69.87,16977,45.5,61.68,5308.6,67,0,1,0.4882,0.1778,0.8806,0.0,0.3914,0
KM-124,75.99,60643,51.27,64.84,103621.5,80,1,1,0.6274,0.74,0.669,0.0,0.5384,0
KM-101,67.75,36516,41.76,94.8,163601.9,38,3,1,0.6091,0.3884,0.9867,0.7086,0.6493,1
KM-106,90.75,74746,55.95,104.83,111961.5,167,1,0,0.8736,0.9031,0.6125,0.9951,0.8531,0
KM-114,31.5,59084,62.19,80.35,165158.9,153,0,0,0.0992,0.6347,0.3418,0.2956,0.3209,0
KM-103,79.92,28802,55.17,102.78,73377.6,6,0,1,0.6388,0.296,0.4023,0.9365,0.5653,1
KM-118,38.56,20941,74.14,83.52,85767.6,54,0,1,0.1487,0.2139,0.081,0.3863,0.199,0
KM-118,5.08,6618,56.61,49.16,14217.8,36,1,0,0.0526,0.0238,0.3896,0.0,0.1023,0
KM-120,13.81,50630,71.01,57.55,33502.6,163,3,1,0.1691,0.5835,0.2445,0.0,0.2539,0
KM-117,60.99,4590,66.3,59.31,5351.2,31,2,0,0.4719,0.0137,0.0465,0.0,0.1779,0
KM-115,80.71,56943,74.01,53.19,104453.4,75,2,3,0.7514,0.8405,0.1125,0.0,0.4956,1
KM-113,24.42,41739,67.16,102.21,18815.7,141,0,0,0.0596,0.3769,0.2115,0.9202,0.3414,0
KM-103,59.55,29370,64.45,74.49,159952.1,166,1,1,0.4046,0.3024,0.2709,0.1283,0.2971,1
KM-108,61.84,50354,66.29,90.62,73085.6,92,3,0,0.5324,0.4994,0.138,0.5892,0.4566,0
KM-124,22.69,63771,58.31,66.75,48353.8,46,1,3,0.1015,0.9517,0.3365,0.0,0.3407,1
KM-123,28.37,27165,56.13,71.0,91796.1,104,2,0,0.1805,0.1979,0.5106,0.0287,0.2205,0
KM-105,55.24,66430,68.62,81.09,136807.8,178,1,1,0.3551,0.8367,0.267,0.317,0.4503,0
KM-111,20.25,73138,71.14,68.7,130590.3,44,2,1,0.141,0.9541,0.066,0.0,0.3011,1
KM-122,41.13,39458,61.87,52.01,139822.0,55,1,1,0.2192,0.4264,0.2078,0.0,0.2249,0
KM-120,36.36,20300,71.68,57.04,178177.7,129,1,1,0.1822,0.2078,0.1935,0.0,0.1544,0
KM-117,66.86,10028,63.07,71.39,127032.0,118,0,2,0.4471,0.2044,0.2542,0.0396,0.2663,1
KM-117,47.24,10605,49.8,58.67,145937.6,81,0,1,0.2232,0.1283,0.7296,0.0,0.2561,0
KM-117,76.55,50089,45.66,46.81,133212.4,1,1,2,0.6359,0.6554,0.775,0.0,0.5414,1
KM-122,35.2,8131,49.37,48.18,109126.5,71,1,1,0.1739,0.1124,0.7317,0.0,0.2353,0
KM-112,72.83,77749,41.35,74.71,31020.4,112,3,3,0.6804,1.0,1.0,0.1347,0.7151,0
KM-124,49.85,30784,50.22,74.38,24326.0,26,2,0,0.3485,0.2387,0.6303,0.1252,0.3328,0
KM-112,87.79,66199,55.64,104.11,66504.6,92,1,0,0.8207,0.7527,0.5122,0.9745,0.7728,0
KM-101,33.57,2573,45.17,46.58,178236.5,98,2,2,0.2127,0.1658,0.9403,0.0,0.304,0
KM-119,72.25,62463,58.72,86.62,161884.9,41,1,2,0.572,0.8499,0.3129,0.475,0.5702,0
KM-124,93.42,44232,54.61,92.76,99964.5,129,2,0,0.9728,0.4111,0.609,0.6503,0.6951,1
KM-125,37.36,46267,44.72,87.69,71087.2,19,1,0,0.1896,0.4398,0.8397,0.5054,0.4453,0
KM-116,39.96,43680,44.75,57.15,59470.6,52,2,1,0.2597,0.4834,0.8881,0.0,0.3894,0
KM-109,32.14,22891,55.0,93.55,20511.3,52,0,0,0.1033,0.1531,0.478,0.6728,0.3046,1
KM-104,28.92,16973,68.32,80.22,116110.0,131,2,1,0.1836,0.1777,0.1965,0.292,0.2064,0
KM-114,57.39,78355,56.83,50.35,22878.6,29,0,1,0.3294,1.0,0.3704,0.0,0.4394,0
KM-105,44.72,50634,72.64,73.71,103211.0,82,2,1,0.3,0.5835,0.123,0.1059,0.2967,0
KM-121,86.61,37088,62.51,68.65,86931.1,84,1,2,0.8002,0.4757,0.2256,0.0,0.4441,0
KM-113,16.77,58109,74.77,72.34,129940.0,133,3,0,0.1781,0.6191,0.1995,0.0669,0.2704,0
KM-113,87.92,5019,66.97,47.46,150130.6,118,3,0,0.9229,0.0157,0.177,0.0,0.3623,0
KM-116,84.08,32688,68.26,85.83,163327.3,24,2,1,0.8069,0.3412,0.036,0.4522,0.4653,1
KM-110,70.51,33640,65.59,75.07,69557.1,144,2,1,0.5972,0.3527,0.216,0.1449,0.3694,0
KM-122,83.48,43380,57.42,80.7,152105.1,154,3,0,0.8469,0.3993,0.5343,0.3056,0.5642,0
KM-118,75.66,38880,53.71,49.49,88150.8,12,2,1,0.6724,0.4188,0.4698,0.0,0.434,1
KM-103,79.74,69197,59.74,102.04,24050.6,128,2,0,0.7359,0.8044,0.4026,0.9155,0.7223,1
KM-125,63.05,6213,64.85,71.69,34575.2,70,1,1,0.4475,0.1016,0.1112,0.0484,0.2139,0
KM-102,20.67,5909,68.79,61.72,96462.6,112,1,0,0.0927,0.0201,0.168,0.0,0.0711,0
KM-116,10.52,50240,59.88,95.11,38690.8,122,1,0,0.0611,0.4977,0.388,0.7174,0.3669,1
KM-110,49.17,7503,43.38,96.41,36115.6,153,0,1,0.2418,0.1087,1.0,0.7546,0.4627,0
KM-120,66.26,65940,68.37,83.9,158483.2,92,2,2,0.5391,0.9083,0.138,0.397,0.5228,1
KM-118,15.7,2363,73.25,86.94,94180.3,168,1,0,0.0747,0.0051,0.252,0.4839,0.1746,0
KM-106,10.67,47233,74.96,102.18,119644.1,159,0,1,0.0114,0.5337,0.2385,0.9195,0.369,0
KM-121,42.56,62895,45.35,79.94,110413.7,173,0,0,0.1811,0.6971,1.0,0.2841,0.4945,0
KM-125,80.44,75873,50.12,66.08,65005.6,25,2,0,0.747,0.9236,0.6328,0.0,0.6189,0
KM-118,80.47,74916,72.58,54.93,30244.0,75,2,0,0.7476,0.9062,0.1125,0.0,0.5107,0
KM-114,35.87,61539,63.78,72.07,63379.9,128,3,0,0.2787,0.6747,0.2408,0.0592,0.3262,0
KM-122,93.81,16847,49.46,77.55,178641.9,5,2,0,0.98,0.0966,0.6293,0.2156,0.5362,0
KM-122,61.43,77730,45.72,83.44,147347.7,12,3,1,0.5273,1.0,0.7893,0.3841,0.6693,0
KM-113,68.75,39280,55.37,81.9,45423.2,145,2,0,0.5727,0.3441,0.6028,0.3399,0.475,0
KM-101,36.54,29194,40.62,59.16,54838.6,104,1,0,0.1835,0.2204,1.0,0.0,0.3193,0
KM-114,47.04,34428,73.99,52.66,35638.6,67,2,3,0.3213,0.5223,0.1005,0.0,0.2631,0
KM-110,63.97,66519,44.9,54.68,122493.4,12,4,0,0.6092,0.7582,0.822,0.0,0.5672,0
KM-114,81.39,49093,49.36,75.82,120851.7,100,1,1,0.7124,0.5607,0.7756,0.1662,0.5779,1
KM-102,37.9,79183,66.01,72.38,10006.8,142,1,0,0.1937,0.9847,0.213,0.0679,0.3701,0
KM-115,23.54,69683,70.13,45.57,174123.4,2,1,0,0.1054,0.8129,0.003,0.0,0.2407,0
KM-109,37.02,45537,61.47,72.8,20762.9,64,1,1,0.187,0.5094,0.2371,0.0799,0.2562,0
KM-123,19.98,61914,74.94,55.96,126475.1,162,0,0,0.0399,0.6808,0.243,0.0,0.2328,0
KM-105,65.73,39918,73.51,102.17,53887.4,70,0,0,0.432,0.3525,0.105,0.9192,0.4442,0
KM-120,49.2,73868,67.35,90.73,143202.8,127,1,1,0.2921,0.9673,0.1905,0.5923,0.5006,0
KM-110,34.17,14531,61.57,60.41,97951.7,114,0,1,0.1168,0.1574,0.3081,0.0,0.1418,0
KM-120,85.45,23066,42.0,67.85,163061.2,75,0,0,0.7302,0.1548,1.0,0.0,0.4943,0
KM-125,43.54,34556,44.21,52.15,168600.8,13,2,0,0.2895,0.2839,0.851,0.0,0.3425,0
KM-111,29.23,21810,44.01,49.27,154087.9,25,2,0,0.1855,0.1423,0.8769,0.0,0.2759,1
KM-115,49.05,58993,68.69,67.84,97325.1,72,0,2,0.2406,0.7932,0.108,0.0,0.3041,0
KM-103,63.0,23972,46.36,50.88,137503.1,147,1,1,0.4469,0.244,0.9661,0.0,0.4106,0
KM-104,59.11,76969,62.76,79.2,128133.3,23,1,0,0.3994,0.9437,0.1243,0.2629,0.4531,1
KM-115,5.82,3859,41.74,74.51,87011.3,23,2,0,0.1034,0.0106,0.965,0.1288,0.2576,1
KM-119,18.4,20046,52.84,72.12,32471.2,9,0,0,0.0339,0.1254,0.5001,0.0607,0.1554,0
KM-124,12.28,10874,65.33,56.21,134246.2,153,3,0,0.1651,0.0501,0.2295,0.0,0.1162,0
KM-111,68.46,52315,64.38,101.2,46526.5,111,2,0,0.5686,0.5288,0.1913,0.8915,0.5478,0
KM-123,35.11,39057,51.97,100.84,106239.6,14,2,1,0.2233,0.4211,0.5421,0.8813,0.4681,1
KM-105,52.32,34488,50.34,98.79,58328.8,155,4,3,0.4737,0.5231,0.8187,0.8227,0.6249,0
KM-109,41.73,39459,41.26,73.97,155452.2,110,3,0,0.3241,0.3464,1.0,0.1134,0.4227,0
KM-108,12.64,36411,41.08,101.06,30852.5,10,1,2,0.066,0.4671,0.9719,0.8875,0.5117,1
KM-108,42.22,77169,44.82,59.69,38794.3,178,3,1,0.3282,1.0,1.0,0.0,0.5649,0
KM-122,89.46,48373,71.53,52.73,51426.6,43,1,1,0.8503,0.5502,0.0645,0.0,0.4481,0
KM-109,87.06,2374,55.77,68.27,46961.5,13,3,3,0.9079,0.2451,0.3887,0.0,0.4568,0
KM-124,29.78,45456,57.24,57.03,129446.6,36,0,0,0.0887,0.4283,0.3645,0.0,0.211,0
KM-118,50.52,24826,46.76,46.9,154153.3,98,0,1,0.2553,0.2529,0.8765,0.0,0.3279,1
KM-106,37.69,45293,68.86,49.71,106955.3,169,0,1,0.142,0.506,0.2535,0.0,0.2269,0
KM-107,94.55,54651,68.37,80.15,142906.1,35,1,0,0.9439,0.5646,0.0525,0.2901,0.54,0
KM-118,10.68,31311,74.46,50.7,63658.9,102,1,0,0.0614,0.2449,0.153,0.0,0.1133,0
KM-124,68.92,43635,62.03,84.61,133403.8,141,2,1,0.575,0.4828,0.3301,0.4173,0.4715,1
KM-103,33.42,46221,63.48,88.9,147066.9,82,4,0,0.3117,0.4392,0.1838,0.5401,0.3637,1
KM-115,21.08,44255,59.87,70.78,148169.7,73,2,1,0.1445,0.4914,0.3146,0.0223,0.2408,1
KM-101,93.95,50615,57.98,55.65,103960.1,156,3,0,1.0,0.5033,0.515,0.0,0.5788,0
KM-114,61.91,27998,66.52,85.24,83597.8,36,0,1,0.3833,0.287,0.054,0.4355,0.3038,0
KM-109,33.85,30288,52.71,56.66,68889.9,76,1,0,0.1646,0.233,0.6057,0.0,0.237,0
KM-109,20.03,48838,61.48,48.13,22376.3,102,0,1,0.0401,0.557,0.294,0.0,0.2121,1
KM-121,20.5,7732,65.69,91.44,142318.3,165,1,1,0.092,0.11,0.2475,0.6125,0.2317,0
KM-103,69.51,66375,40.5,97.86,66881.1,93,1,0,0.5331,0.7557,1.0,0.796,0.7347,1
KM-107,72.07,58607,59.62,52.19,42032.7,9,3,2,0.6694,0.787,0.2286,0.0,0.4768,0
KM-111,32.52,9390,74.76,70.51,35790.1,69,3,0,0.2557,0.0402,0.1035,0.0145,0.1232,0
KM-121,20.52,78381,62.02,91.93,124882.9,16,2,2,0.1421,1.0,0.1432,0.6267,0.4537,0
KM-114,47.8,38669,43.14,69.24,148645.6,45,1,1,0.2785,0.4161,0.9418,0.0,0.3898,0
KM-108,80.11,25489,42.07,102.46,30862.2,147,3,0,0.7918,0.1798,1.0,0.9273,0.7075,1
KM-102,50.37,20332,56.77,62.24,68592.1,17,1,0,0.3037,0.1281,0.3546,0.0,0.2092,0
KM-101,10.01,48576,66.55,64.36,144565.0,101,1,0,0.06,0.4731,0.1515,0.0,0.1696,0
KM-115,58.82,10515,42.98,63.83,120123.3,64,1,0,0.396,0.0477,0.9767,0.0,0.3458,0
KM-111,74.13,79886,47.11,51.66,136395.4,88,3,0,0.6995,0.9979,0.8478,0.0,0.6638,1
KM-111,91.08,78154,55.27,60.38,15372.7,173,2,1,0.9295,1.0,0.6488,0.0,0.7051,1
KM-101,6.1,60379,71.95,81.52,11941.4,165,2,2,0.1037,0.8157,0.2475,0.3292,0.3556,0
KM-120,47.63,64874,74.62,94.86,108070.2,139,1,0,0.2768,0.7302,0.2085,0.7102,0.4632,0
KM-110,55.9,63453,47.16,91.57,53260.2,119,1,1,0.3624,0.7864,0.8919,0.6164,0.6251,0
KM-122,59.3,50577,59.92,67.47,119470.6,81,1,0,0.4016,0.5027,0.3247,0.0,0.3312,0
KM-116,38.48,3170,61.63,74.38,174253.7,60,3,0,0.298,0.0079,0.2248,0.125,0.1762,0
KM-106,73.76,75279,70.97,59.83,163270.9,147,2,0,0.644,0.9128,0.2205,0.0,0.4977,0
KM-102,19.73,74396,65.89,45.58,69680.8,29,2,1,0.1389,0.9768,0.0435,0.0,0.3015,0
KM-116,69.59,12170,57.69,64.01,161888.9,34,0,1,0.4843,0.1393,0.3434,0.0,0.273,1
KM-106,12.15,15610,73.22,64.75,126439.3,20,2,0,0.1148,0.0862,0.03,0.0,0.0677,0
KM-118,92.27,39568,53.05,59.56,95556.5,141,1,2,0.9014,0.5078,0.6896,0.0,0.5804,1
KM-120,56.83,4794,64.6,104.68,120335.5,156,2,0,0.423,0.0147,0.2502,0.9908,0.3999,0
KM-114,66.19,68852,49.18,57.2,97042.5,69,1,0,0.4881,0.7984,0.7362,0.0,0.5177,1
KM-107,38.54,34379,66.05,96.58,42575.8,49,2,0,0.2485,0.2817,0.0735,0.7595,0.324,0
KM-117,77.05,26642,68.19,70.58,179886.8,109,1,0,0.6436,0.1922,0.1635,0.0166,0.3093,1
KM-115,46.41,26939,69.57,93.81,120101.7,106,1,0,0.2654,0.1954,0.159,0.6804,0.3096,0
KM-101,46.01,46858,72.68,56.7,152663.5,179,2,2,0.3117,0.6083,0.2685,0.0,0.3149,0
KM-102,29.47,20654,63.3,47.83,28754.1,154,3,0,0.2368,0.1312,0.299,0.0,0.1755,0
KM-104,28.89,45894,48.55,99.31,132009.7,115,0,0,0.0835,0.4345,0.8305,0.8373,0.4714,1
KM-107,72.47,65108,62.83,75.42,31244.9,93,2,0,0.6251,0.7342,0.2263,0.1549,0.4786,0
KM-103,46.34,23622,65.07,84.37,153500.9,55,1,1,0.2647,0.2405,0.0825,0.4107,0.2514,0
KM-112,72.33,7500,45.52,59.19,69027.5,47,2,0,0.6232,0.0287,0.8499,0.0,0.3953,0
KM-123,35.07,11605,62.49,64.51,115725.1,49,0,0,0.123,0.0553,0.1737,0.0,0.0916,0
KM-111,88.06,41558,49.69,60.34,86224.8,117,2,0,0.8755,0.3744,0.788,0.0,0.5576,0
KM-116,44.52,32174,57.01,54.72,151542.9,32,0,3,0.1982,0.495,0.3676,0.0,0.2667,0
KM-114,34.15,20564,66.16,89.85,95612.9,159,4,1,0.3166,0.2103,0.2385,0.5673,0.3245,0
KM-103,25.14,42280,69.61,57.38,129394.8,3,5,1,0.3132,0.4642,0.0045,0.0,0.2266,0
KM-120,8.24,17640,58.9,81.67,179597.8,163,3,1,0.1568,0.1835,0.4883,0.3335,0.2651,0
KM-119,91.94,43581,55.39,96.33,134312.9,65,2,0,0.9453,0.4021,0.4819,0.7524,0.6782,1
KM-120,9.85,76998,72.28,46.73,5001.6,22,1,1,0.0597,1.0,0.033,0.0,0.2775,0
KM-102,72.1,59989,63.75,96.14,98758.0,163,1,2,0.5699,0.8093,0.2945,0.7468,0.6101,0
KM-102,92.06,53919,73.48,104.01,40362.3,119,0,0,0.8476,0.5533,0.1785,0.9717,0.665,0
KM-108,76.9,11002,40.36,62.27,10359.2,179,1,0,0.6413,0.051,1.0,0.0,0.4372,0
KM-118,45.04,6565,51.67,102.22,17008.6,54,2,0,0.3029,0.0235,0.6143,0.9206,0.4189,0
KM-120,32.84,77280,71.49,45.24,68739.9,3,1,1,0.1579,1.0,0.0045,0.0,0.3062,1
KM-115,82.17,52025,67.02,52.61,163709.3,88,1,0,0.7252,0.5244,0.132,0.0,0.4113,0
KM-122,75.89,23360,64.75,47.57,39594.7,167,4,1,0.776,0.2378,0.2606,0.0,0.3832,0
KM-120,78.99,67918,45.59,65.03,10048.5,170,3,0,0.774,0.7822,1.0,0.0,0.6665,1
KM-112,74.95,3704,59.0,50.33,87287.1,146,6,0,0.8618,0.01,0.4589,0.0,0.3959,0
KM-110,61.57,4573,41.96,93.93,113540.3,21,3,0,0.5291,0.0137,0.9529,0.6838,0.516,1
KM-109,14.55,78551,73.9,75.28,84906.2,142,2,0,0.1212,0.973,0.213,0.151,0.3584,1
KM-109,85.1,43861,49.71,97.8,99757.7,1,1,0,0.7742,0.406,0.6133,0.7944,0.654,1
KM-108,89.74,63391,42.32,56.28,67759.2,50,3,0,0.9553,0.7054,0.9821,0.0,0.7071,0
KM-107,17.51,53878,60.85,92.63,10841.6,147,2,0,0.1306,0.5527,0.3865,0.6464,0.3905,0
KM-102,18.47,40215,50.52,79.52,109842.7,43,0,0,0.0341,0.3564,0.6438,0.2719,0.2842,1
KM-102,22.1,67107,57.11,63.6,33293.5,162,2,0,0.1489,0.7683,0.5584,0.0,0.3558,0
KM-114,36.79,54830,69.29,88.0,66278.3,86,0,0,0.1353,0.5674,0.129,0.5142,0.3179,0
KM-109,51.23,39221,63.35,83.71,106118.8,62,1,2,0.3125,0.5033,0.1588,0.3916,0.3453,1
KM-103,90.37,5286,67.3,75.8,48709.6,22,3,0,0.9667,0.017,0.033,0.1658,0.3824,0
KM-114,94.52,57153,42.38,85.95,13162.3,111,0,1,0.8934,0.6838,1.0,0.4558,0.7748,1
KM-103,60.52,12766,72.26,74.97,129070.7,134,1,0,0.4162,0.0637,0.201,0.1421,0.2302,0
KM-125,46.07,51736,72.98,71.16,177445.8,36,2,0,0.3123,0.5201,0.054,0.033,0.2567,0
KM-115,85.64,75174,56.96,76.15,28531.8,135,3,0,0.8834,0.9109,0.5241,0.1758,0.6769,0
KM-108,33.31,33206,54.24,46.45,165782.2,84,2,1,0.2109,0.3474,0.5566,0.0,0.272,0
KM-122,62.96,46939,49.71,45.04,156440.7,140,1,0,0.4464,0.4494,0.8217,0.0,0.433,0
KM-113,82.43,41225,73.79,52.48,89036.3,47,6,0,0.9795,0.3699,0.0705,0.0,0.4494,0
KM-102,10.85,13410,66.6,71.69,132081.7,109,1,1,0.0618,0.1486,0.1635,0.0482,0.1011,0
KM-104,11.97,57068,74.5,48.85,111377.6,29,1,0,0.0643,0.6025,0.0435,0.0,0.1818,0
KM-101,14.68,46047,52.1,85.63,40821.0,20,1,2,0.0715,0.5967,0.5458,0.4465,0.3727,0
KM-108,47.56,33691,64.71,78.95,166937.1,125,3,5,0.3762,0.6733,0.199,0.2557,0.391,1
KM-105,5.39,43973,73.02,74.02,179134.1,39,1,0,0.0529,0.4075,0.0585,0.1148,0.1551,1
KM-122,80.89,66526,57.68,46.8,174690.8,94,0,0,0.6543,0.7583,0.4337,0.0,0.5053,0
KM-103,37.78,44087,55.6,65.41,86840.2,59,2,0,0.2427,0.4091,0.4643,0.0,0.2801,0
KM-119,19.86,51637,69.01,100.43,116209.5,61,2,0,0.1395,0.5186,0.0915,0.8695,0.3706,1
KM-117,17.42,20689,50.77,62.15,58302.9,44,2,1,0.1303,0.2115,0.6351,0.0,0.2255,0
KM-120,46.37,56283,74.01,70.55,45455.6,36,4,0,0.415,0.5901,0.054,0.0156,0.3067,0
KM-110,21.2,70105,63.74,95.34,130910.3,68,2,0,0.145,0.8203,0.1524,0.7241,0.4311,0
KM-118,61.37,13202,58.09,76.35,110038.4,58,5,0,0.6267,0.067,0.3635,0.1815,0.3451,1
KM-110,89.46,41185,43.86,61.14,172740.8,60,0,1,0.8004,0.4494,0.9357,0.0,0.5796,1
KM-108,62.81,65213,60.84,58.2,58214.8,136,1,0,0.4445,0.736,0.3705,0.0,0.4137,1
KM-118,9.39,46321,64.47,60.65,132604.2,176,2,0,0.1088,0.4406,0.2853,0.0,0.2053,0
KM-111,29.46,4413,54.13,81.5,136774.9,149,1,3,0.1368,0.253,0.6583,0.3287,0.3085,0
KM-122,55.75,40266,73.55,72.71,104087.1,68,2,0,0.4108,0.3571,0.102,0.0774,0.2689,0
KM-105,52.39,35850,54.77,102.02,11198.3,160,3,0,0.4244,0.3,0.6492,0.9149,0.5364,0
KM-122,61.34,76864,74.72,90.19,173345.1,132,0,1,0.3763,1.0,0.198,0.5767,0.5367,1
KM-116,37.56,7971,51.62,78.82,132132.4,103,3,1,0.2911,0.1115,0.6897,0.252,0.3181,0
KM-107,81.34,16993,63.17,75.76,132002.9,23,2,0,0.7616,0.0979,0.1075,0.1646,0.3455,0
KM-115,85.03,74622,41.49,83.99,124741.9,153,3,0,0.873,0.9009,1.0,0.3998,0.8107,1
KM-119,63.99,44375,46.7,103.39,55145.5,147,1,1,0.4595,0.4931,0.9527,0.9539,0.6654,0
KM-116,34.39,74098,70.87,54.7,36685.9,60,1,3,0.1683,1.0,0.09,0.0,0.3269,0
KM-102,20.22,67586,73.3,54.07,92102.3,75,2,0,0.1409,0.7765,0.1125,0.0,0.2659,0
KM-102,28.34,61712,52.63,94.85,173508.4,171,0,0,0.0803,0.6775,0.7511,0.7101,0.4897,0
KM-117,24.8,24853,53.35,103.38,5985.8,106,4,0,0.2615,0.1732,0.6248,0.9536,0.4505,1
KM-117,30.42,23612,59.11,49.54,55119.4,73,2,1,0.1925,0.2403,0.3451,0.0,0.1965,0
KM-101,43.87,53445,69.61,83.67,145229.6,158,2,1,0.2924,0.626,0.237,0.3906,0.3844,1
KM-105,7.75,2420,46.38,90.95,45227.0,37,1,0,0.056,0.0053,0.8003,0.5987,0.3007,0
KM-121,83.92,9323,51.89,67.79,172669.9,44,2,1,0.8043,0.1198,0.5905,0.0,0.4295,0
KM-111,51.02,60432,60.34,62.2,133470.2,86,0,2,0.2603,0.8165,0.3155,0.0,0.3584,0
KM-109,68.25,54179,54.55,71.97,161650.8,73,4,0,0.6658,0.5573,0.5274,0.0562,0.4891,0
KM-112,38.47,71278,48.09,83.97,47495.2,49,1,2,0.198,1.0,0.75,0.399,0.5491,1
KM-114,50.88,17972,45.16,49.73,161953.9,86,1,2,0.3089,0.2665,0.9225,0.0,0.3592,0
KM-121,74.55,70551,56.0,45.49,82570.0,68,2,0,0.6557,0.8282,0.4622,0.0,0.529,0
KM-111,28.27,25774,70.56,55.24,43455.7,119,2,0,0.1799,0.1829,0.1785,0.0,0.1444,0
KM-124,25.05,14531,49.31,68.04,114070.3,65,0,0,0.0628,0.0774,0.725,0.0,0.1863,0
KM-123,12.1,2076,70.31,48.58,132009.6,40,4,1,0.2146,0.0842,0.06,0.0,0.1082,0
KM-109,60.98,14952,74.14,53.31,64655.0,105,5,1,0.6218,0.1608,0.1575,0.0,0.2893,0
KM-120,25.91,64475,60.62,53.12,119801.3,63,2,1,0.1671,0.8035,0.2698,0.0,0.3133,0
KM-115,87.31,73604,61.44,104.95,119193.6,59,2,0,0.8623,0.8825,0.231,0.9987,0.7684,0
KM-124,68.94,12112,44.18,63.61,81001.8,31,0,0,0.4753,0.0589,0.8793,0.0,0.3569,0
KM-121,5.87,7780,73.03,69.57,9458.9,163,2,1,0.1034,0.1103,0.2445,0.0,0.1127,0
KM-124,91.39,46995,47.5,65.64,158051.4,128,1,0,0.8853,0.4502,0.892,0.0,0.6008,1
KM-105,24.72,69275,55.62,78.69,5058.3,139,1,1,0.1111,0.8858,0.5836,0.2483,0.4267,0
KM-111,58.73,56878,70.79,71.68,168026.1,13,4,3,0.5449,0.8395,0.0195,0.048,0.4141,0
KM-115,38.14,29022,42.9,80.47,89331.0,4,3,1,0.2955,0.2985,0.8902,0.299,0.4159,0
KM-112,82.26,61951,57.15,90.06,95176.7,55,1,1,0.7267,0.7615,0.3964,0.5733,0.6386,1
KM-121,72.68,5370,45.75,49.25,60984.9,32,3,0,0.6783,0.0174,0.8181,0.0,0.4054,1
KM-113,64.71,40583,74.94,66.52,161863.8,93,1,0,0.4688,0.3613,0.1395,0.0,0.2823,0
KM-121,6.87,65414,50.47,63.32,89206.4,58,2,1,0.1047,0.8194,0.6682,0.0,0.3751,0
KM-111,51.13,50179,50.14,56.04,122986.8,16,4,0,0.4614,0.4968,0.6183,0.0,0.4093,0
KM-102,41.5,75423,51.08,63.31,23118.4,34,3,2,0.3222,1.0,0.6077,0.0,0.4843,0
KM-115,40.35,74465,48.49,77.09,124817.5,152,0,1,0.1628,0.978,0.8884,0.2026,0.5197,0
KM-123,75.13,31373,62.02,73.59,26854.6,34,4,0,0.7644,0.2456,0.1701,0.1025,0.3835,0
KM-122,33.0,24091,73.37,95.69,50595.4,167,3,0,0.2589,0.1653,0.2505,0.734,0.3288,0
KM-108,39.26,16740,73.06,55.2,175097.7,95,1,1,0.2041,0.1757,0.1425,0.0,0.1439,0
KM-118,66.64,64829,51.79,82.15,176123.2,146,0,2,0.4441,0.8895,0.7476,0.3471,0.5967,0
KM-111,39.94,40884,54.06,51.34,9251.2,7,1,1,0.2095,0.4453,0.448,0.0,0.2743,0
KM-103,82.76,77084,64.51,52.59,14287.7,142,3,0,0.835,0.9458,0.2324,0.0,0.5752,0
KM-116,49.97,51486,57.03,80.65,48934.0,113,1,1,0.2997,0.5963,0.4883,0.3044,0.4125,0
KM-102,85.88,1100,69.68,49.84,177105.9,135,0,0,0.7375,0.0016,0.2025,0.0,0.299,0
KM-125,42.58,32051,50.89,67.11,61088.1,85,3,0,0.3313,0.2536,0.6921,0.0,0.3178,0
KM-122,49.29,58254,71.89,64.35,79564.9,157,0,1,0.2429,0.7014,0.2355,0.0,0.3075,0
KM-111,34.22,31697,61.27,72.19,105147.1,62,0,1,0.1171,0.3294,0.2423,0.0627,0.1843,0
KM-120,85.87,48782,67.14,55.05,32334.4,166,0,2,0.7374,0.6362,0.249,0.0,0.4669,1
KM-105,35.83,25463,42.36,89.82,93723.8,30,1,1,0.1784,0.2596,0.9508,0.5663,0.4307,0
KM-104,93.66,21700,71.4,62.55,99687.4,23,3,1,1.0,0.2213,0.0345,0.0,0.4122,0
KM-101,66.24,44315,63.11,101.19,37865.9,7,2,1,0.5387,0.4923,0.0859,0.8913,0.5071,1
KM-107,39.9,4518,61.88,92.86,66215.6,45,3,0,0.3092,0.0134,0.1923,0.6532,0.2807,1
KM-119,37.13,16468,53.73,59.46,16305.8,135,0,0,0.1379,0.0934,0.6532,0.0,0.2022,0
KM-105,80.83,49311,60.57,52.06,110039.4,28,0,3,0.6533,0.7239,0.2191,0.0,0.4535,0
KM-120,80.68,60529,64.67,49.94,67238.5,6,0,0,0.6508,0.6581,0.022,0.0,0.3967,1
KM-104,37.97,13785,73.25,87.84,23051.7,18,2,1,0.2442,0.1515,0.027,0.5097,0.2307,0
KM-118,81.57,17908,63.13,47.59,145133.7,14,0,1,0.6654,0.1859,0.096,0.0,0.2986,0
KM-121,29.45,21386,47.6,51.39,27830.9,137,3,0,0.2367,0.1382,0.9015,0.0,0.2977,0
KM-122,52.76,18340,64.84,66.77,19988.8,130,1,0,0.3283,0.1098,0.2013,0.0,0.1826,0
KM-101,39.84,52850,65.67,48.79,108835.1,132,3,1,0.3087,0.6169,0.198,0.0,0.3019,0
KM-106,27.25,6456,43.67,76.38,105211.0,155,3,1,0.2242,0.1029,1.0,0.1823,0.3407,1
KM-107,74.26,79735,55.42,87.14,28679.1,17,3,1,0.7014,1.0,0.4088,0.4898,0.6752,0
KM-122,86.27,41916,73.98,78.13,51947.5,136,2,1,0.8442,0.4593,0.204,0.2323,0.4976,0
KM-117,83.17,28948,42.45,61.12,32044.4,105,2,0,0.7918,0.2177,1.0,0.0,0.5315,0
KM-104,90.34,45023,51.99,86.03,146322.5,17,0,1,0.8162,0.5022,0.5459,0.458,0.612,0
KM-103,93.08,25941,55.52,55.34,132749.7,132,1,0,0.9164,0.1846,0.5774,0.0,0.4824,0
KM-123,91.51,1234,62.09,90.43,44728.6,19,1,0,0.8874,0.0019,0.145,0.5836,0.4568,0
KM-123,71.76,65430,46.66,46.6,170847.0,87,3,1,0.665,0.8197,0.864,0.0,0.6105,1
KM-108,75.69,44671,50.58,78.89,26910.5,105,2,1,0.6729,0.4973,0.7341,0.2539,0.5574,1
KM-113,94.95,77629,50.12,48.72,155163.7,22,2,2,1.0,1.0,0.628,0.0,0.7256,0
KM-117,71.97,18660,71.34,99.34,175304.1,112,2,3,0.6179,0.3527,0.168,0.8384,0.5057,1
KM-116,56.42,18674,54.7,54.18,87149.7,147,1,0,0.3683,0.1128,0.6325,0.0,0.2836,0
KM-104,75.77,76066,50.01,80.98,173936.0,23,1,0,0.6241,0.9272,0.6342,0.3136,0.6398,1
KM-123,38.25,25054,64.74,89.69,132363.5,92,1,1,0.1963,0.2553,0.1483,0.5624,0.2747,0
KM-101,22.36,45561,67.37,83.15,91689.6,166,4,1,0.25,0.5098,0.249,0.3758,0.3399,1
KM-124,93.07,29787,60.58,64.86,85864.8,24,2,1,0.9663,0.3072,0.2129,0.0,0.4576,0
KM-104,21.71,10934,42.47,62.08,121963.6,29,1,0,0.0972,0.0505,0.9446,0.0,0.2356,0
KM-125,11.73,30684,74.43,80.92,158561.7,72,0,1,0.0138,0.3175,0.108,0.3119,0.1682,0
KM-116,62.13,41910,44.06,98.57,116937.9,16,0,0,0.3861,0.3792,0.8615,0.8164,0.5655,0
KM-112,22.12,5490,52.9,86.73,129718.4,176,4,0,0.2489,0.018,0.7481,0.4779,0.3368,0
KM-102,46.75,66310,61.27,90.54,80204.7,31,0,0,0.2186,0.7546,0.1958,0.5868,0.4217,1
KM-103,8.27,10642,59.06,71.18,77711.9,20,2,0,0.1068,0.0485,0.2677,0.0338,0.1098,0
KM-125,79.25,56652,41.8,81.49,117360.0,152,3,3,0.7781,0.8359,1.0,0.3282,0.747,0
KM-107,83.09,3018,66.22,59.11,158716.0,83,0,0,0.6905,0.0073,0.1245,0.0,0.2684,1
KM-107,43.41,67219,67.24,61.94,36869.1,102,2,2,0.2884,0.9302,0.153,0.0,0.3641,0
KM-112,63.78,30136,42.45,77.13,178307.1,81,2,0,0.5067,0.2312,1.0,0.2037,0.4759,1
KM-122,61.16,22443,50.33,62.11,143751.4,22,2,0,0.4741,0.1486,0.6197,0.0,0.327,0
KM-106,5.31,3936,69.18,67.9,149226.1,116,1,1,0.0528,0.0909,0.174,0.0,0.076,0
KM-118,82.92,57200,72.21,82.68,158751.6,123,1,1,0.7376,0.6846,0.1845,0.3623,0.5387,0
KM-124,58.41,60977,44.97,96.35,24104.7,120,2,0,0.4412,0.6654,0.9812,0.7528,0.6676,0
KM-101,24.72,36391,66.24,53.63,22341.9,116,5,0,0.3111,0.3068,0.174,0.0,0.2204,0
KM-124,32.29,56902,40.83,76.22,177941.3,84,0,1,0.1043,0.6799,1.0,0.1777,0.442,0
KM-107,87.51,18139,51.32,60.15,53813.7,60,0,0,0.7659,0.108,0.637,0.0,0.4225,0
KM-117,67.93,45874,61.58,69.97,93032.7,58,1,0,0.5115,0.4342,0.224,0.0,0.3324,1
KM-109,31.17,61464,61.32,58.11,118954.5,130,2,1,0.1971,0.7534,0.3423,0.0,0.3258,0
KM-109,23.43,62401,72.31,53.76,131727.8,178,1,2,0.1049,0.8489,0.267,0.0,0.3023,0
KM-106,58.94,7087,49.24,97.45,25007.0,6,1,1,0.3974,0.1064,0.6394,0.7843,0.4504,0
KM-120,17.05,24270,72.81,61.62,63348.4,6,1,0,0.0791,0.1671,0.009,0.0,0.0713,0
KM-123,55.11,77159,69.97,63.5,148792.5,162,2,0,0.4037,0.9472,0.243,0.0,0.4267,0
KM-107,87.83,53362,72.2,47.78,64957.0,22,1,0,0.8214,0.5448,0.033,0.0,0.4303,0
KM-115,42.52,65051,66.92,74.15,137994.2,17,2,1,0.2808,0.8132,0.0255,0.1187,0.3304,0
KM-110,42.53,78467,48.57,88.27,67928.2,19,0,3,0.1809,1.0,0.6858,0.5221,0.5549,0
KM-115,93.99,49747,59.18,100.6,98804.4,115,3,0,1.0,0.4904,0.4054,0.8742,0.7285,0
KM-108,81.08,23975,61.33,62.79,150934.0,66,2,0,0.7575,0.1641,0.2457,0.0,0.3553,0
KM-118,24.6,29735,48.37,98.07,140472.8,17,5,0,0.3105,0.2266,0.6907,0.8021,0.4639,0
KM-114,84.34,1485,58.33,52.7,67910.4,72,1,1,0.7613,0.0825,0.375,0.0,0.3621,1
KM-122,15.43,6379,55.34,93.4,107544.6,35,2,1,0.1238,0.1025,0.439,0.6685,0.2905,1
KM-116,80.34,57955,43.52,51.62,141512.5,60,2,0,0.7455,0.6166,0.9493,0.0,0.6049,0
KM-111,75.5,17198,54.17,46.52,110506.9,172,2,0,0.67,0.0997,0.6911,0.0,0.3976,0
KM-116,69.13,24665,62.75,97.8,49551.0,37,2,3,0.5779,0.4112,0.1455,0.7944,0.493,0
KM-119,49.71,39011,46.0,104.75,97456.6,135,1,3,0.2971,0.5805,0.9626,0.9928,0.6402,1
KM-121,36.94,69861,46.25,51.37,72714.4,178,2,1,0.2365,0.8961,1.0,0.0,0.5068,1
KM-116,74.87,7458,41.2,99.38,165729.0,142,3,0,0.7106,0.0285,1.0,0.8396,0.6237,1
KM-112,66.52,66097,44.65,53.38,12967.0,52,1,1,0.4925,0.831,0.8919,0.0,0.5585,1
KM-120,55.54,70260,40.46,80.77,169916.7,95,0,1,0.3085,0.9031,1.0,0.3078,0.5953,0
KM-124,79.17,1860,64.17,69.12,94552.1,59,2,1,0.7268,0.0835,0.1219,0.0,0.2996,0
KM-102,74.38,15705,63.85,50.14,36260.5,89,4,2,0.7533,0.247,0.1793,0.0,0.3613,0
KM-116,27.71,19559,45.57,92.87,67481.2,86,3,0,0.2268,0.1209,0.9062,0.6534,0.4215,0
KM-123,78.62,2691,70.94,81.24,126393.5,26,1,0,0.6681,0.0062,0.039,0.321,0.3074,0
KM-112,89.93,21936,61.02,53.06,73463.2,140,1,2,0.8588,0.3036,0.3692,0.0,0.4503,0
KM-122,15.72,71949,42.85,47.42,62749.3,160,3,0,0.1747,0.8529,1.0,0.0,0.4744,0
KM-106,6.75,77604,57.04,59.92,34418.7,121,0,0,0.0046,0.9554,0.4999,0.0,0.3404,1
KM-125,92.0,70700,74.13,80.37,96470.4,58,0,0,0.8464,0.8308,0.087,0.2962,0.5806,0
KM-110,61.76,72135,45.29,67.03,26858.2,42,1,1,0.4315,0.9362,0.8515,0.0,0.5554,0
KM-111,64.45,16674,57.82,63.97,150285.1,4,2,3,0.5154,0.3352,0.2934,0.0,0.3229,0
KM-113,30.85,68750,51.52,69.42,163598.2,62,0,0,0.0952,0.7967,0.6323,0.0,0.3589,0
KM-103,8.06,79498,59.31,60.32,81233.5,122,0,1,0.0065,1.0,0.4107,0.0,0.3344,0
KM-123,5.12,22565,74.91,62.52,115391.8,133,0,2,0.0026,0.3098,0.1995,0.0,0.1183,0
KM-123,90.6,51627,72.81,45.77,132039.0,6,1,0,0.8708,0.5184,0.009,0.0,0.4362,1
KM-105,58.9,49215,62.9,97.68,162721.8,153,1,0,0.3969,0.4825,0.3134,0.7908,0.4804,0
KM-117,55.39,25488,71.73,55.88,66712.9,31,4,0,0.5069,0.1798,0.0465,0.0,0.2317,0
KM-124,39.27,30825,48.24,100.88,148772.2,12,0,0,0.1542,0.2392,0.6884,0.8824,0.4279,1
KM-114,41.39,28279,46.38,76.66,6491.2,15,3,0,0.3213,0.2102,0.7672,0.1904,0.3565,0
KM-109,76.55,46176,57.57,91.85,43286.6,167,2,3,0.686,0.6785,0.5476,0.6243,0.6441,0
KM-105,52.27,22903,44.72,87.45,147389.8,24,0,2,0.2732,0.3132,0.8472,0.4986,0.4431,0
KM-106,23.45,69109,40.1,66.94,29288.3,132,1,1,0.105,0.8829,1.0,0.0,0.4575,0
KM-115,15.36,10109,57.9,82.14,57956.0,178,2,0,0.1236,0.0449,0.5511,0.3468,0.2341,1
KM-108,94.13,64908,51.53,86.23,153768.2,30,2,0,0.9861,0.7308,0.5838,0.4638,0.7374,0
KM-125,63.9,40601,73.4,101.43,146947.3,159,0,3,0.4083,0.6016,0.2385,0.8981,0.5206,0
KM-118,87.68,48543,72.61,70.85,167424.5,44,1,0,0.8188,0.4727,0.066,0.0242,0.4228,0
KM-114,14.26,32356,70.82,98.8,157554.3,27,1,0,0.0703,0.2572,0.0405,0.8229,0.2616,0
KM-124,6.23,25570,65.88,66.9,57441.5,173,1,2,0.0539,0.3407,0.2595,0.0,0.1559,0
KM-121,6.33,66783,70.95,69.05,150732.5,30,0,0,0.004,0.7627,0.045,0.0,0.2011,1
KM-101,26.97,2835,64.23,94.13,160306.2,16,1,1,0.1228,0.0867,0.0549,0.6896,0.2135,0
KM-114,75.62,57203,43.92,87.58,178729.0,45,0,1,0.5718,0.6846,0.9105,0.5024,0.6539,0
KM-113,44.35,4347,47.82,101.53,126916.6,108,1,0,0.2467,0.0127,0.8493,0.9009,0.4396,0
KM-101,8.45,22215,63.34,101.68,164949.7,178,4,0,0.2071,0.1463,0.3333,0.9052,0.3568,0
KM-103,55.79,38429,63.3,89.12,52561.3,82,3,1,0.4613,0.4129,0.1908,0.5463,0.4121,1
KM-124,28.32,23016,45.06,68.82,22932.3,103,1,2,0.1302,0.3143,0.952,0.0,0.3146,0
KM-110,45.95,14302,45.38,50.69,158457.8,99,2,0,0.3111,0.0756,0.9333,0.0,0.3144,1
KM-119,55.68,28509,49.06,100.22,145967.2,156,1,0,0.36,0.2127,0.8715,0.8633,0.5262,0
KM-120,54.27,35337,48.37,81.17,118291.1,118,1,1,0.3445,0.3736,0.8424,0.319,0.4462,0
KM-111,58.28,40875,53.14,87.58,147070.3,58,1,1,0.3896,0.4452,0.5615,0.5024,0.4604,0
KM-113,19.09,41090,48.95,90.81,129326.3,128,0,0,0.0364,0.3681,0.834,0.5947,0.3905,0
KM-106,75.19,1063,73.03,65.46,129804.5,49,0,2,0.5654,0.1615,0.0735,0.0,0.253,0
KM-107,28.2,8631,49.36,85.86,176832.3,135,0,0,0.0795,0.0354,0.8281,0.4531,0.2929,0
KM-124,15.18,27965,56.82,83.33,158330.1,75,5,1,0.273,0.2867,0.4397,0.3808,0.3313,0
KM-115,16.06,73230,56.33,79.55,101418.4,44,2,0,0.1258,0.8758,0.413,0.2727,0.4001,1
KM-113,68.57,53073,60.95,79.81,116376.2,61,1,1,0.5202,0.6204,0.2536,0.2803,0.4439,0
KM-121,11.53,25003,67.14,82.86,21994.9,17,0,0,0.0133,0.1747,0.0255,0.3673,0.1269,0
KM-105,89.53,29439,72.37,64.78,17690.2,136,0,2,0.8016,0.3832,0.204,0.0,0.4172,0
KM-124,23.0,29923,44.08,91.51,137240.7,67,0,1,0.0529,0.3088,0.9374,0.6145,0.4061,0
KM-114,42.67,24513,61.92,102.71,83993.2,28,1,2,0.2321,0.3296,0.1651,0.9344,0.3835,0
KM-105,94.9,62187,45.27,70.37,145410.2,60,0,0,0.9007,0.6854,0.8791,0.0107,0.6645,0
KM-117,51.28,42478,42.05,74.18,53332.6,127,2,0,0.363,0.3869,1.0,0.1193,0.4476,0
KM-107,20.85,66738,54.07,93.37,25127.1,122,1,0,0.0935,0.7619,0.62,0.6677,0.4807,0
KM-102,50.77,76772,53.77,91.43,175512.8,111,1,0,0.3077,0.9401,0.6156,0.6124,0.5883,1
KM-112,25.14,20171,63.49,46.0,36232.6,1,0,0,0.0632,0.1266,0.062,0.0,0.0662,0
KM-115,57.55,54492,51.36,72.44,42741.1,146,1,0,0.3813,0.5622,0.7645,0.0697,0.4408,0
KM-116,32.15,1513,64.63,69.73,58761.5,41,3,2,0.2533,0.1626,0.0762,0.0,0.1446,0
KM-113,89.03,57750,49.59,103.42,135022.8,21,1,3,0.8426,0.8533,0.648,0.955,0.8288,1
KM-111,15.71,48188,60.46,57.79,20841.0,1,1,0,0.0747,0.4675,0.1833,0.0,0.1797,0
KM-114,28.71,1348,68.35,81.63,24404.1,41,0,1,0.0824,0.0822,0.0615,0.3323,0.1282,0
KM-115,72.57,79711,63.74,60.03,171920.9,169,0,0,0.5267,0.9946,0.3038,0.0,0.4937,0
KM-116,13.5,35902,66.83,97.96,148472.8,18,1,0,0.0682,0.3006,0.027,0.7989,0.2642,0
KM-121,76.85,70064,40.39,66.14,92311.7,87,1,1,0.6406,0.8996,1.0,0.0,0.6491,0
KM-104,5.54,45884,60.82,75.9,32392.0,35,0,2,0.0031,0.5944,0.2199,0.1686,0.2274,0
KM-111,88.88,50273,62.48,75.3,29853.9,125,3,0,0.9399,0.4982,0.2884,0.1514,0.5415,0
KM-113,36.74,75852,71.73,45.14,51661.8,83,3,2,0.285,1.0,0.1245,0.0,0.3746,1
KM-117,33.1,57972,51.55,56.38,146198.9,147,1,0,0.1595,0.6169,0.7586,0.0,0.3618,0
KM-114,16.6,20504,67.94,51.07,144943.8,68,0,2,0.0275,0.2898,0.102,0.0,0.1025,0
KM-110,48.82,30577,61.45,90.27,45624.3,82,2,0,0.3383,0.2363,0.2649,0.579,0.3463,0
KM-105,46.55,52996,58.58,103.13,163049.5,71,2,0,0.3166,0.5392,0.3633,0.9466,0.5076,0
KM-106,6.22,44358,64.01,46.34,14456.9,95,0,1,0.0039,0.4929,0.182,0.0,0.161,0
KM-121,86.21,8069,69.03,104.88,151727.8,7,2,2,0.8432,0.192,0.0105,0.9967,0.5446,1
KM-105,41.59,54849,47.24,103.29,8256.9,98,1,1,0.223,0.6477,0.8574,0.951,0.6017,0
KM-106,20.18,34193,50.31,76.72,152022.1,171,3,1,0.1907,0.3594,0.8443,0.1921,0.3639,1
KM-107,14.86,18061,42.93,78.92,101581.6,126,1,1,0.0721,0.1873,1.0,0.2548,0.323,0
KM-110,14.87,22264,69.33,94.97,31699.5,67,1,0,0.0721,0.1468,0.1005,0.7135,0.2247,0
KM-108,27.18,48674,58.5,62.48,175208.4,162,3,0,0.2239,0.4746,0.5029,0.0,0.2976,0
KM-106,73.35,16141,52.64,46.17,179491.1,105,1,0,0.588,0.0906,0.652,0.0,0.3589,0
KM-121,59.67,78273,45.24,102.08,38517.0,141,2,1,0.456,1.0,1.0,0.9166,0.7929,1
KM-119,87.59,44562,68.17,63.65,38266.5,144,0,2,0.7672,0.5757,0.216,0.0,0.4557,0
KM-111,86.42,8196,57.75,58.96,73957.9,66,1,2,0.7969,0.1928,0.3889,0.0,0.4049,1
KM-117,50.66,52544,66.13,88.21,120416.0,130,2,0,0.3566,0.5323,0.195,0.5204,0.401,0
KM-112,72.16,43179,40.87,48.96,118511.5,77,2,0,0.6207,0.3965,1.0,0.0,0.5164,1
KM-117,21.31,55848,44.86,78.56,121409.7,22,2,1,0.1454,0.6633,0.8385,0.2446,0.4333,0
KM-122,72.94,44051,65.52,58.97,79918.0,30,0,0,0.532,0.4086,0.045,0.0,0.2974,0
KM-124,16.71,76287,49.18,98.08,126008.9,163,2,0,0.1279,0.9312,0.8773,0.8024,0.6135,1
KM-109,59.03,65308,43.82,50.74,169566.0,85,0,1,0.3485,0.8176,0.9747,0.0,0.5213,1
KM-111,61.21,52450,61.09,96.04,13382.2,87,3,2,0.5247,0.6909,0.2871,0.7439,0.5625,0
KM-119,46.8,25320,60.57,58.45,107898.2,137,0,3,0.2191,0.4181,0.3827,0.0,0.2577,0
KM-125,28.8,41431,59.91,60.45,82048.9,84,0,0,0.0829,0.3727,0.3296,0.0,0.1881,0
KM-115,24.81,79121,46.13,70.47,25099.8,131,0,0,0.0615,0.9836,0.9512,0.0133,0.4603,0
KM-117,47.7,31796,64.81,51.17,83208.4,145,3,1,0.3775,0.3306,0.2253,0.0,0.2598,0
KM-116,93.4,72979,55.89,97.25,43645.7,168,0,2,0.8724,1.0,0.6162,0.7787,0.8343,0
KM-118,63.97,8426,69.76,103.84,175842.2,68,3,0,0.5593,0.0342,0.102,0.9668,0.4181,0
KM-106,49.07,5161,53.66,65.22,96636.4,21,1,2,0.2908,0.1764,0.4849,0.0,0.2429,0
KM-115,87.1,70053,56.7,50.73,38950.3,58,1,0,0.8087,0.8194,0.4192,0.0,0.5717,0
KM-125,83.12,53238,61.98,93.62,108384.4,29,1,0,0.7409,0.5429,0.1645,0.6748,0.5629,1
KM-125,19.25,22645,48.4,103.21,109525.9,177,1,2,0.087,0.3106,0.9297,0.9488,0.4838,0
KM-111,44.8,74749,63.47,83.82,43288.0,14,2,0,0.3007,0.9032,0.0821,0.3947,0.4264,0
KM-123,19.3,72991,45.62,91.0,15306.9,49,2,0,0.1372,0.8715,0.8487,0.5999,0.5556,0
KM-118,24.58,42022,59.4,66.08,160910.5,36,0,0,0.0604,0.3807,0.2781,0.0,0.1719,0
KM-113,68.48,41685,61.74,73.78,55501.3,154,1,2,0.519,0.5361,0.3614,0.1079,0.4095,0
KM-106,79.13,26083,54.92,60.55,139245.0,152,3,2,0.7762,0.3462,0.6313,0.0,0.4845,0
KM-104,73.52,39315,50.75,72.93,156374.9,172,1,0,0.5905,0.3445,0.8278,0.0837,0.4751,0
KM-115,84.3,42474,57.26,71.98,96099.8,87,1,1,0.7607,0.4669,0.44,0.0567,0.4823,0
KM-105,75.75,12944,55.25,103.52,139073.9,99,3,0,0.7238,0.0651,0.5386,0.9578,0.5689,0
KM-124,67.18,67247,40.92,71.46,162872.6,15,2,0,0.5513,0.7707,0.9859,0.0418,0.5912,1
KM-120,47.9,22416,59.58,90.06,39249.2,82,0,0,0.2294,0.1483,0.3397,0.5733,0.3,0
KM-105,10.69,65566,73.44,68.52,97086.5,37,2,1,0.1114,0.822,0.0555,0.0,0.2556,0
KM-112,37.11,41573,61.01,57.99,115922.3,13,3,0,0.2877,0.3746,0.1792,0.0,0.2302,0
KM-105,42.93,39245,73.09,88.77,102675.0,1,2,1,0.2843,0.4236,0.0015,0.5361,0.3129,0
KM-101,47.3,30107,40.65,84.97,107850.7,149,2,1,0.3237,0.3109,1.0,0.4278,0.4766,1
KM-121,5.25,22539,40.2,93.81,66318.7,172,1,0,0.0528,0.1495,1.0,0.6802,0.3919,0
KM-111,51.15,37759,56.67,45.84,7258.2,64,1,0,0.3116,0.3243,0.4292,0.0,0.276,0
KM-115,94.02,37091,66.22,59.75,61309.8,131,0,0,0.884,0.3157,0.1965,0.0,0.4276,0
KM-107,92.75,70745,54.22,68.38,90501.7,102,0,2,0.8602,0.9916,0.5842,0.0,0.6658,0
KM-113,30.07,62579,42.06,76.77,12871.7,16,2,1,0.1904,0.7718,0.9417,0.1934,0.4866,0
KM-102,21.27,51666,47.82,81.26,163236.8,103,3,1,0.1953,0.599,0.8417,0.3218,0.4508,0
KM-105,73.24,70588,51.95,90.88,116593.2,17,2,1,0.6364,0.9088,0.5477,0.5965,0.6788,0
KM-112,52.55,51352,55.27,84.29,127549.8,157,0,1,0.2762,0.5943,0.6246,0.4082,0.4518,0
KM-125,37.19,13686,65.72,49.36,12259.0,105,2,0,0.2383,0.0708,0.1575,0.0,0.1326,0
KM-111,63.76,16096,48.47,78.11,167802.5,119,1,0,0.4565,0.0902,0.8398,0.2317,0.3967,0
KM-111,50.96,7704,69.48,77.94,152806.1,39,2,1,0.3597,0.1099,0.0585,0.2268,0.2104,1
KM-114,21.16,21134,49.83,87.98,160032.9,61,2,1,0.1448,0.2158,0.6982,0.5138,0.347,0
KM-105,14.74,49049,67.0,65.81,125800.7,100,0,0,0.0217,0.4801,0.15,0.0,0.1576,0
KM-108,64.82,16648,69.99,81.58,163858.0,102,1,1,0.4702,0.1749,0.153,0.3309,0.3051,1
KM-114,11.77,17035,73.67,70.32,138864.4,173,4,0,0.2138,0.0983,0.2595,0.009,0.1531,0
KM-119,93.88,7285,54.77,60.97,82131.1,35,0,0,0.8813,0.0275,0.4617,0.0,0.4077,0
KM-112,28.15,51218,72.03,68.52,81001.1,163,2,0,0.1792,0.5123,0.2445,0.0,0.2397,0
KM-122,21.32,18259,56.38,72.27,162491.3,26,3,2,0.1954,0.269,0.3838,0.0649,0.2254,0
KM-111,34.9,49258,60.07,47.25,70533.6,112,2,1,0.2218,0.5631,0.3653,0.0,0.2915,0
KM-115,68.07,6538,43.39,76.22,97539.1,105,3,3,0.6134,0.2634,1.0,0.1776,0.516,0
KM-113,57.66,49033,60.15,103.62,175504.9,57,3,1,0.4825,0.5598,0.2794,0.9607,0.5568,0
KM-107,57.73,18881,56.06,71.6,110798.5,45,2,0,0.4333,0.1147,0.4253,0.0458,0.2745,0
KM-118,29.74,41278,65.28,49.83,117606.3,147,2,0,0.1884,0.3706,0.2205,0.0,0.2027,0
KM-112,39.09,79868,55.62,95.9,64131.1,116,0,0,0.1528,0.9975,0.5491,0.7399,0.5607,1
KM-112,26.93,20290,51.51,94.16,33122.4,80,2,0,0.1725,0.1277,0.6597,0.6902,0.3623,0
KM-115,84.01,55863,61.38,88.13,59786.9,84,1,1,0.7558,0.6635,0.2708,0.518,0.5882,1
KM-111,85.78,66047,62.86,55.29,70034.8,8,5,3,0.9858,0.9901,0.0976,0.0,0.6121,0
KM-105,7.16,53762,45.64,56.23,81353.5,131,2,0,0.1051,0.5509,0.971,0.0,0.3687,0
KM-103,32.44,21994,47.35,55.37,117071.1,111,1,0,0.1552,0.1442,0.8724,0.0,0.2648,0
KM-119,58.09,11884,67.14,72.32,115262.8,119,2,0,0.4374,0.0573,0.1785,0.0664,0.2164,0
KM-121,56.52,21614,42.23,102.83,114246.1,117,1,1,0.3694,0.2204,1.0,0.9381,0.572,0
KM-115,53.22,64196,40.14,56.84,91832.5,106,1,0,0.3333,0.7188,1.0,0.0,0.4963,0
KM-120,88.77,60413,51.91,89.51,158446.9,152,2,1,0.888,0.7362,0.7515,0.5573,0.7566,1
KM-124,25.73,61494,53.63,58.8,42715.2,16,1,2,0.1162,0.8339,0.4789,0.0,0.3449,0
KM-109,10.81,72442,55.79,102.24,88244.7,165,2,0,0.1117,0.8617,0.6158,0.9212,0.5619,0
KM-101,10.28,44087,46.89,87.34,106076.1,116,1,1,0.0606,0.4891,0.8984,0.4956,0.4223,0
KM-112,37.83,54100,48.07,75.5,120442.3,39,1,3,0.1931,0.7961,0.7358,0.1573,0.4452,1
KM-118,53.65,19160,59.38,65.15,164375.0,52,2,0,0.3878,0.1172,0.3029,0.0,0.2256,0
KM-121,60.31,73364,43.76,47.88,142359.6,61,1,3,0.4137,1.0,0.9412,0.0,0.583,0
KM-117,54.51,43040,66.27,97.72,120935.3,141,3,1,0.4472,0.4746,0.2115,0.7919,0.4758,1
KM-104,66.27,3812,59.59,69.95,160453.4,58,3,2,0.5892,0.1704,0.3032,0.0,0.3095,1
KM-119,49.84,51442,44.04,54.55,136420.3,56,0,1,0.2484,0.5956,0.9226,0.0,0.4203,0
KM-103,38.22,62387,53.35,65.83,152237.9,154,1,2,0.1961,0.8487,0.6971,0.0,0.4202,0
KM-101,93.66,41510,54.55,71.21,146603.9,75,1,0,0.9272,0.3738,0.5306,0.0345,0.531,0
KM-101,12.33,38924,61.53,75.13,7962.9,166,1,0,0.0652,0.3394,0.3878,0.1467,0.2146,0
KM-106,29.27,9151,71.48,54.5,165033.1,26,2,1,0.1857,0.1187,0.039,0.0,0.1025,0
KM-125,87.62,53418,49.87,90.87,23670.8,77,0,1,0.7677,0.6256,0.7207,0.5963,0.6885,0
KM-107,44.43,46076,74.57,64.98,107432.8,146,1,0,0.2474,0.4371,0.219,0.0,0.2397,0
KM-124,59.49,74366,56.94,63.6,167827.7,42,5,0,0.6039,0.8962,0.3853,0.0,0.5125,0
KM-121,8.21,67355,55.4,55.51,174471.9,59,2,2,0.1067,0.9325,0.4724,0.0,0.365,0
KM-105,48.93,15699,69.98,56.61,47329.8,65,0,2,0.2394,0.2469,0.0975,0.0,0.165,1
KM-108,87.42,1388,50.54,59.71,118780.2,84,0,1,0.7642,0.0823,0.7044,0.0,0.4289,1
KM-110,86.24,9209,55.63,84.95,150866.6,63,2,2,0.8438,0.1991,0.4692,0.4272,0.5244,1
KM-109,66.01,8461,73.04,84.53,88316.6,106,1,0,0.4858,0.0344,0.159,0.4151,0.2934,1
KM-108,57.89,72827,54.97,78.97,127955.2,63,2,1,0.4352,0.9486,0.4957,0.2561,0.5398,0
KM-102,72.5,19579,47.96,98.42,155772.1,47,2,3,0.6256,0.3611,0.7519,0.8121,0.622,0
KM-115,63.22,5069,46.31,100.8,121126.1,3,1,1,0.4497,0.0959,0.7522,0.8799,0.5078,0
KM-109,92.67,45659,63.43,93.73,106181.2,29,2,0,0.9588,0.4312,0.1061,0.6779,0.6002,0
KM-125,61.59,34581,67.87,99.28,123134.1,38,1,2,0.4294,0.4442,0.057,0.8364,0.44,0
KM-111,90.71,45857,66.72,55.03,49256.8,45,1,1,0.8729,0.514,0.0675,0.0,0.4475,0
KM-118,32.43,12191,44.56,64.23,38904.2,32,2,1,0.2052,0.1395,0.8655,0.0,0.2798,0
KM-102,69.33,35604,67.94,49.11,41768.5,113,0,0,0.4807,0.2969,0.1695,0.0,0.2764,0
KM-114,80.91,59271,72.94,81.65,111983.9,88,4,2,0.8547,0.7977,0.132,0.3328,0.5915,0
KM-109,30.22,39635,53.67,66.04,80529.2,25,3,1,0.2413,0.4287,0.4908,0.0,0.2898,0
KM-105,90.22,53515,71.0,87.77,101747.0,149,3,2,0.9639,0.7071,0.2235,0.5077,0.6604,1
KM-105,30.09,55497,73.13,94.07,168722.1,111,2,1,0.1906,0.6578,0.1665,0.6876,0.402,0
KM-110,66.14,64818,48.09,103.76,91975.5,143,1,0,0.4874,0.7293,0.8909,0.9645,0.724,0
KM-101,86.43,34370,73.92,58.4,43568.2,90,2,4,0.847,0.6016,0.135,0.0,0.4739,1
KM-102,54.86,45401,67.1,45.03,93379.7,67,2,1,0.401,0.5075,0.1005,0.0,0.2873,0
KM-125,26.64,7607,69.6,48.39,108603.4,5,2,4,0.171,0.3493,0.0075,0.0,0.1487,0
KM-116,6.42,46820,48.26,86.55,56184.6,101,0,1,0.0041,0.5277,0.8213,0.4729,0.3922,0
KM-113,64.75,30590,42.09,73.33,95433.1,116,1,0,0.4693,0.2364,1.0,0.0952,0.4424,0
KM-121,22.91,18615,74.45,75.88,134829.4,85,1,2,0.1025,0.2722,0.1275,0.1679,0.163,0
KM-102,71.36,32989,41.61,79.79,139005.7,133,1,2,0.5593,0.4248,1.0,0.2798,0.5579,0
KM-123,72.85,67430,55.21,86.5,146938.8,50,5,1,0.7806,0.8538,0.4665,0.4715,0.6743,0
KM-115,87.95,11655,63.55,66.7,106501.2,143,1,0,0.8234,0.0556,0.2726,0.0,0.3566,1
KM-125,77.01,68151,59.21,99.37,164727.2,167,1,1,0.643,0.8663,0.4822,0.8391,0.7059,0
KM-122,57.9,29693,74.3,53.78,56762.6,160,2,0,0.4352,0.2261,0.24,0.0,0.2568,1
KM-103,52.65,21010,56.2,58.26,134277.9,96,2,4,0.3772,0.4546,0.496,0.0,0.3449,0
KM-106,42.73,66796,45.46,60.26,161080.2,35,1,1,0.2326,0.8429,0.834,0.0,0.459,0
KM-110,72.59,63052,73.31,64.99,97291.1,56,3,0,0.677,0.6997,0.084,0.0,0.4287,0
KM-120,80.06,16373,72.12,66.55,154839.7,15,3,1,0.7909,0.1726,0.0225,0.0,0.3245,0
KM-106,43.07,56119,62.32,102.27,125005.2,65,0,0,0.1855,0.5875,0.2047,0.922,0.4372,0
KM-112,34.23,77418,55.82,45.54,143692.9,158,0,1,0.1172,1.0,0.6044,0.0,0.4119,0
KM-109,87.32,25124,72.7,54.88,100029.2,76,1,0,0.8125,0.176,0.114,0.0,0.3512,0
KM-105,46.85,69260,55.52,80.86,10616.5,75,1,1,0.2695,0.8855,0.4916,0.3102,0.4761,0
KM-125,53.21,42456,61.73,95.82,48156.2,110,1,0,0.3331,0.3866,0.2956,0.7378,0.4199,0
KM-123,47.02,43162,57.25,59.27,21928.3,115,2,0,0.3211,0.3963,0.4826,0.0,0.308,0
KM-122,35.63,56443,41.05,62.43,111490.8,133,0,0,0.1269,0.5926,1.0,0.0,0.3926,0
KM-123,18.13,34025,45.91,64.58,58033.2,122,3,1,0.1829,0.3574,0.9465,0.0,0.3426,0
KM-108,65.84,69907,47.76,69.94,65272.8,129,1,2,0.4835,0.9769,0.8832,0.0,0.5901,1
KM-113,94.72,38333,61.44,49.74,132179.3,119,2,4,0.9971,0.6517,0.321,0.0,0.5761,1
KM-102,62.0,79802,74.8,79.04,35415.3,103,1,0,0.4344,0.9963,0.1545,0.2584,0.4837,0
KM-113,70.26,9513,50.6,58.26,122284.9,126,4,3,0.6937,0.281,0.7649,0.0,0.466,0
KM-115,44.1,62262,49.5,94.63,37733.3,138,1,3,0.2445,0.9266,0.8269,0.7037,0.6233,1
KM-115,15.72,63473,51.33,80.14,57765.0,124,1,0,0.0747,0.7067,0.7327,0.2896,0.4073,0
KM-121,35.47,9985,53.53,77.15,118564.8,129,2,1,0.2258,0.1241,0.6524,0.2042,0.2814,1
KM-125,33.86,46777,50.31,50.41,41126.8,168,0,2,0.1147,0.6071,0.8395,0.0,0.3598,0
KM-120,12.53,77037,49.42,100.55,55706.4,132,1,2,0.0657,1.0,0.8211,0.8729,0.6118,0
KM-106,16.96,32586,67.87,60.14,15244.7,13,2,2,0.1288,0.42,0.0195,0.0,0.154,0
KM-122,82.77,71880,43.97,57.73,113737.2,118,1,1,0.735,0.9317,1.0,0.0,0.6902,1
KM-122,15.95,1860,72.86,104.48,97165.5,137,4,1,0.2254,0.0835,0.2055,0.9853,0.3379,1
KM-106,58.75,58470,47.74,67.79,138602.9,113,1,0,0.3951,0.6248,0.8597,0.0,0.4664,1
KM-109,74.45,29853,42.87,63.62,65100.5,4,1,2,0.6043,0.388,0.8914,0.0,0.4867,0
KM-125,15.82,4371,51.32,73.71,94647.0,51,2,0,0.125,0.0128,0.6238,0.1061,0.1929,0
KM-115,48.69,1783,73.29,98.37,85033.9,148,1,1,0.2871,0.0833,0.222,0.8107,0.3279,0
KM-115,54.16,76567,74.39,45.74,160071.0,44,1,1,0.3434,1.0,0.066,0.0,0.3834,0
KM-121,88.59,46221,66.63,81.44,112732.6,139,1,0,0.8347,0.4392,0.2085,0.3268,0.509,0
KM-106,37.29,4801,72.31,45.3,142509.9,125,0,1,0.1391,0.0947,0.1875,0.0,0.1099,0
KM-104,13.42,74111,64.66,72.27,85496.2,49,1,0,0.068,0.8916,0.0873,0.0648,0.2771,0
KM-119,13.64,26391,56.43,88.88,85069.0,179,3,1,0.1686,0.2695,0.6113,0.5393,0.3565,0
KM-105,74.3,22593,48.75,45.29,74406.8,136,1,0,0.6021,0.1501,0.8538,0.0,0.419,0
KM-104,38.0,78604,72.51,65.21,50039.5,28,3,0,0.2944,0.9739,0.042,0.0,0.3549,0
KM-120,15.75,38697,60.1,58.31,75587.5,159,2,1,0.1248,0.4164,0.4344,0.0,0.2347,0
KM-120,50.66,9491,66.86,73.99,170280.9,38,6,2,0.5567,0.2009,0.057,0.1139,0.2792,0
KM-105,94.77,79702,63.86,63.26,134332.1,64,1,1,0.9482,1.0,0.1418,0.0,0.6102,0
KM-115,81.38,56746,42.32,72.45,134101.1,39,2,1,0.7622,0.6774,0.9658,0.0699,0.6433,0
KM-110,59.99,22249,41.85,66.92,13285.2,26,0,0,0.3599,0.1467,0.965,0.0,0.3556,1
KM-117,86.29,12964,46.77,49.85,132665.0,140,1,1,0.7946,0.1452,0.9392,0.0,0.5023,0
KM-121,76.84,27896,62.74,70.33,64797.2,114,0,0,0.5904,0.2059,0.2614,0.0094,0.3123,0
KM-105,43.93,55222,55.39,86.95,35560.6,18,0,1,0.193,0.6535,0.4115,0.4843,0.4101,0
KM-113,91.52,12106,60.02,70.22,15148.7,106,1,3,0.8875,0.2989,0.3582,0.0062,0.4582,0
KM-121,87.09,16205,43.4,99.16,82912.1,69,1,0,0.8084,0.0912,0.9676,0.8332,0.6659,0
KM-114,48.6,63025,56.17,55.84,135381.4,163,1,1,0.2862,0.7793,0.5978,0.0,0.4145,0
KM-113,10.24,17847,48.58,78.65,100078.5,143,3,0,0.1605,0.1054,0.8714,0.247,0.3062,0
KM-123,25.8,40986,44.32,73.04,170996.0,99,1,1,0.1166,0.4467,0.9759,0.0868,0.365,1
KM-104,48.72,40278,64.45,67.96,6941.2,24,0,0,0.2374,0.3572,0.058,0.0,0.184,0
KM-103,76.5,56180,54.91,104.28,31815.7,166,1,1,0.6352,0.6685,0.6526,0.9795,0.7159,1
KM-108,54.33,40237,63.91,84.33,102211.4,116,3,1,0.4452,0.4367,0.2175,0.4093,0.3903,0
KM-107,61.79,66032,53.87,86.42,134501.0,32,3,1,0.5318,0.8299,0.4932,0.469,0.586,0
KM-119,56.17,77891,67.3,92.18,32987.6,92,0,1,0.3155,1.0,0.138,0.6337,0.5148,0
KM-102,29.17,24557,46.38,74.27,65349.9,70,0,1,0.0851,0.2501,0.8496,0.122,0.2866,0
KM-119,92.46,46091,60.23,60.97,52871.8,35,0,1,0.855,0.5173,0.2434,0.0,0.4772,0
KM-102,48.51,14522,45.43,77.41,19107.0,91,0,0,0.2353,0.0773,0.9194,0.2116,0.3279,0
KM-124,54.23,46813,72.08,100.23,18612.4,97,6,2,0.5941,0.6076,0.1455,0.8637,0.5617,0
KM-105,49.21,63055,70.19,54.28,90405.8,13,2,2,0.3422,0.8598,0.0195,0.0,0.3386,0
KM-110,92.55,32245,71.82,99.68,105681.8,35,2,2,0.9565,0.4159,0.0525,0.848,0.6188,1
KM-122,76.16,64942,69.42,95.39,46363.8,141,0,1,0.58,0.8114,0.2115,0.7256,0.5933,0
KM-110,42.54,49906,63.6,53.0,62018.1,110,1,2,0.2309,0.6527,0.2211,0.0,0.2882,0
KM-107,56.95,13022,66.9,82.81,22754.9,138,1,0,0.3743,0.0657,0.207,0.3661,0.262,0
KM-109,34.56,22053,71.23,68.1,126083.9,15,1,0,0.1695,0.1447,0.0225,0.0,0.1,0
KM-116,52.98,69712,53.3,98.06,49129.9,18,3,1,0.4307,0.8934,0.495,0.8018,0.6335,1
KM-112,53.09,79229,41.08,80.15,109031.2,176,4,2,0.4819,1.0,1.0,0.2901,0.6767,1
KM-117,43.78,74923,53.38,68.62,179811.4,115,4,1,0.3917,0.9863,0.6371,0.0,0.5111,1
KM-116,43.91,74569,57.2,49.02,160781.8,25,1,0,0.2428,0.8999,0.3497,0.0,0.3799,0
KM-124,34.84,63398,60.56,99.02,87805.3,4,2,1,0.2214,0.7855,0.1837,0.8292,0.4764,0
KM-122,34.38,13464,72.47,96.5,56631.5,166,1,0,0.1682,0.069,0.249,0.7573,0.2774,0
KM-115,53.82,7577,70.44,85.34,68478.4,48,2,1,0.3896,0.1091,0.072,0.4382,0.2657,0
KM-123,58.83,21185,53.01,54.89,41607.3,80,0,0,0.3461,0.1363,0.5995,0.0,0.2751,0
KM-123,14.91,74251,69.87,68.28,164935.4,118,1,0,0.0722,0.8942,0.177,0.0,0.2842,0
KM-121,46.3,64976,69.56,60.2,54050.7,81,2,2,0.3143,0.892,0.1215,0.0,0.3573,0
KM-113,56.12,68680,74.99,75.77,101506.7,44,2,1,0.415,0.8754,0.066,0.1647,0.4103,1
KM-105,49.02,33291,58.94,62.63,53332.2,97,0,2,0.2403,0.4284,0.388,0.0,0.2688,0
KM-123,21.64,65591,56.61,89.15,61990.7,19,1,3,0.0968,0.9824,0.3642,0.5471,0.4618,1
KM-111,20.99,79603,60.57,83.13,77011.9,44,1,1,0.0941,1.0,0.2432,0.3751,0.4066,0
KM-123,14.54,27403,58.98,59.55,38541.3,49,4,2,0.2212,0.3605,0.3143,0.0,0.2304,0
KM-102,85.47,78557,64.4,100.57,129588.7,113,1,0,0.7805,0.9731,0.1934,0.8734,0.7298,0
KM-101,14.46,35134,41.03,90.2,175131.9,48,0,2,0.0209,0.451,1.0,0.5772,0.4355,0
KM-115,49.38,70345,64.31,104.28,94304.7,166,2,1,0.3438,0.9045,0.2764,0.9793,0.5976,0
KM-113,58.8,6291,66.3,90.66,131463.0,165,1,1,0.3958,0.1021,0.2475,0.5902,0.3316,0
KM-105,61.29,25224,64.33,74.5,140960.0,22,2,1,0.4757,0.257,0.0598,0.1287,0.2685,1
KM-118,88.42,65752,73.7,71.49,51864.3,99,0,0,0.7817,0.7451,0.1485,0.0426,0.4981,0
KM-122,69.09,8053,73.89,92.0,44227.0,94,1,0,0.5274,0.0319,0.141,0.6286,0.3465,0
KM-121,84.93,18048,52.4,51.97,80199.5,68,1,1,0.7713,0.1872,0.6062,0.0,0.438,0
KM-114,54.48,46078,67.94,102.23,144222.6,177,2,0,0.3968,0.4371,0.2655,0.9207,0.4854,1
KM-124,38.71,12452,42.21,98.31,167926.4,138,2,0,0.2499,0.0614,1.0,0.8088,0.4646,1
KM-108,17.72,71854,60.03,73.34,89515.6,12,1,1,0.0814,0.9312,0.2168,0.0955,0.3238,0
KM-102,82.34,5177,43.13,58.94,43866.2,30,2,0,0.778,0.0165,0.9196,0.0,0.4603,0
KM-119,55.2,29943,68.85,66.75,138528.1,19,2,1,0.4047,0.309,0.0285,0.0,0.2246,0
KM-103,19.32,34062,54.3,88.2,38667.1,46,6,0,0.3373,0.2778,0.4968,0.5199,0.3909,0
KM-116,70.31,62032,45.2,68.0,17059.6,134,1,1,0.5444,0.7628,0.9928,0.0,0.5798,1
KM-119,73.58,27230,50.51,86.11,145965.4,137,1,0,0.5914,0.1986,0.7852,0.4603,0.5057,0
KM-103,79.46,26177,61.81,53.25,60832.4,111,1,1,0.6814,0.2672,0.2943,0.0,0.3642,0
KM-123,32.87,5114,64.08,65.94,75889.7,110,0,2,0.108,0.1762,0.2018,0.0,0.1222,0
KM-103,22.52,8787,69.11,64.78,108703.3,79,2,3,0.1507,0.2764,0.1185,0.0,0.1455,0
KM-123,77.92,30184,62.54,55.68,143450.4,76,1,0,0.6571,0.2318,0.2123,0.0,0.3304,0
KM-112,76.33,23622,50.35,46.02,39295.2,23,3,1,0.7326,0.2405,0.6205,0.0,0.4406,0
KM-112,28.32,67116,51.98,52.5,110004.8,131,3,2,0.2302,0.9284,0.7173,0.0,0.4561,0
KM-122,93.93,37030,72.6,52.08,15740.3,95,2,1,0.9822,0.3949,0.1425,0.0,0.471,1
KM-115,84.04,53203,51.85,60.35,35943.0,65,1,2,0.7563,0.7023,0.6236,0.0,0.565,0
KM-115,51.83,9884,64.46,87.89,138343.5,85,1,0,0.3186,0.0434,0.1492,0.5112,0.2545,1
KM-107,12.02,54796,64.54,73.88,49655.7,173,1,1,0.0645,0.6469,0.278,0.111,0.2621,1
KM-121,62.02,8111,56.52,54.36,6351.9,143,3,1,0.5346,0.1123,0.5535,0.0,0.3259,0
KM-123,71.07,67112,55.98,82.21,46930.8,11,0,1,0.5051,0.8484,0.3773,0.3489,0.5341,1
KM-120,65.82,63647,69.36,76.34,101693.8,113,1,1,0.4832,0.7896,0.1695,0.1811,0.4366,0
KM-103,24.22,79740,42.55,65.9,134060.2,174,0,0,0.0586,0.9951,1.0,0.0,0.4693,1
KM-120,60.2,59719,50.82,57.44,76579.7,44,1,0,0.4124,0.645,0.6333,0.0,0.4323,0
KM-106,39.01,61753,66.61,84.31,45651.3,60,4,0,0.3522,0.6782,0.09,0.4088,0.3926,1
KM-111,57.92,11589,40.6,79.93,159135.1,68,0,1,0.3355,0.1351,1.0,0.2836,0.4079,1
KM-106,42.78,44463,70.59,82.11,76043.3,92,1,1,0.233,0.4943,0.138,0.3459,0.3019,1
KM-119,20.94,46428,54.74,47.98,119608.1,122,2,0,0.1439,0.4421,0.5935,0.0,0.2796,0
KM-121,94.82,74250,49.88,50.06,125914.8,100,1,0,0.949,0.8941,0.7548,0.0,0.7066,1
KM-103,10.25,38236,69.68,67.83,55166.2,8,4,1,0.2105,0.4104,0.012,0.0,0.1787,0
KM-117,5.69,71628,73.86,50.34,88572.4,52,3,0,0.1532,0.8472,0.078,0.0,0.281,0
KM-109,16.87,22708,74.28,51.62,22800.7,42,1,3,0.0785,0.3912,0.063,0.0,0.1379,0
KM-125,60.52,73939,49.23,59.42,112416.1,152,1,1,0.4163,0.9685,0.8587,0.0,0.5596,0
KM-110,19.95,57997,47.61,98.91,58132.3,52,1,0,0.0898,0.6173,0.7736,0.826,0.5057,0
KM-105,90.48,74169,46.91,47.89,141793.6,43,1,1,0.8687,0.9727,0.7883,0.0,0.7049,1
KM-105,94.03,35985,49.62,76.93,16639.0,131,0,0,0.8842,0.3017,0.8119,0.198,0.5869,0
KM-115,70.71,11943,61.54,80.62,164661.8,144,1,0,0.55,0.0577,0.3546,0.3033,0.3385,0
KM-125,8.83,17505,58.39,96.25,111018.6,149,2,1,0.1078,0.1824,0.488,0.7501,0.3309,0
KM-110,55.83,13413,74.25,91.73,8511.7,45,0,0,0.3117,0.0687,0.0675,0.6208,0.2639,1
KM-120,92.51,65560,65.4,71.48,151344.6,114,2,0,0.9558,0.7419,0.171,0.0422,0.5626,0
KM-107,51.69,23594,62.39,71.75,19252.2,95,1,2,0.3172,0.3202,0.2471,0.0501,0.2505,0
KM-109,30.49,78599,43.2,102.74,80652.6,66,1,2,0.143,1.0,0.9711,0.9355,0.6814,0
KM-116,88.97,15058,61.4,51.4,103072.0,56,3,0,0.9415,0.0817,0.2281,0.0,0.3956,0
KM-115,59.57,24778,55.8,56.36,107336.4,176,3,0,0.5049,0.1724,0.6321,0.0,0.3462,0
KM-122,35.95,35073,46.99,68.99,34323.5,68,2,0,0.2293,0.2903,0.8222,0.0,0.3173,0
KM-115,54.27,17390,56.39,69.64,45773.6,150,2,1,0.3945,0.1813,0.5694,0.0,0.2973,0
KM-110,41.44,38929,62.91,50.08,171289.3,128,1,2,0.2218,0.4994,0.2757,0.0,0.2576,1
KM-102,93.9,35838,58.99,69.17,153948.2,158,0,1,0.8816,0.3798,0.4775,0.0,0.499,0
KM-124,46.29,12858,69.22,77.34,5794.1,156,1,0,0.2643,0.0644,0.234,0.2096,0.1973,0
KM-102,9.78,40020,52.11,69.98,144566.6,82,2,1,0.1096,0.4338,0.6387,0.0,0.2745,0
KM-115,48.55,54886,43.32,78.57,24738.7,112,1,0,0.2857,0.5683,1.0,0.2448,0.491,0
KM-118,82.9,65411,63.45,74.38,81490.0,90,1,4,0.7372,1.0,0.1968,0.1252,0.5724,0
KM-109,18.72,71313,43.55,45.13,13432.6,146,0,1,0.035,0.9216,1.0,0.0,0.4427,0
KM-105,90.36,52694,49.67,101.34,11307.2,136,2,1,0.9165,0.6146,0.8171,0.8955,0.817,0
KM-118,85.03,2662,67.93,89.82,109803.7,46,1,0,0.7731,0.0061,0.069,0.5663,0.3992,0
KM-119,29.53,74769,74.25,88.04,48835.2,74,2,2,0.1872,1.0,0.111,0.5153,0.4408,1
KM-113,36.23,26940,64.3,61.11,164747.2,1,0,3,0.1313,0.4354,0.0293,0.0,0.1607,0
KM-104,34.33,74361,48.09,96.49,86613.7,30,7,1,0.4678,0.9762,0.7216,0.7569,0.7035,1
KM-108,17.37,13922,71.56,93.34,17532.1,43,1,2,0.0802,0.2326,0.0645,0.6669,0.2325,0
KM-115,27.53,77685,62.79,87.97,39161.6,31,1,1,0.1258,1.0,0.1349,0.5133,0.4237,0
KM-123,9.72,11473,68.17,88.85,142702.3,40,1,2,0.0595,0.2143,0.06,0.5387,0.1941,0
KM-104,86.88,18757,49.85,50.77,86717.7,53,0,0,0.7549,0.1135,0.6854,0.0,0.4297,1
KM-111,63.19,42472,44.87,55.97,145591.1,105,1,1,0.4493,0.4668,0.9629,0.0,0.4665,0
KM-109,41.37,59860,59.29,99.76,107747.3,16,1,3,0.2212,0.8872,0.2523,0.8502,0.5197,0
KM-124,57.52,52576,47.36,61.54,104179.9,89,2,1,0.4309,0.6128,0.839,0.0,0.4718,0
KM-121,63.21,67881,67.65,67.54,179203.2,178,2,1,0.4995,0.8616,0.267,0.0,0.4436,0
KM-123,5.64,49343,46.35,83.39,18338.3,49,2,1,0.1032,0.5644,0.8197,0.3824,0.4176,1
KM-123,82.8,1455,57.2,81.03,29898.8,128,3,3,0.8355,0.2425,0.5041,0.3152,0.5169,0
KM-120,61.69,65263,52.42,93.72,166510.3,94,1,0,0.4305,0.7368,0.6443,0.6778,0.5993,1
KM-104,46.59,24830,53.39,87.62,123025.3,24,1,1,0.2671,0.2529,0.5005,0.5033,0.3575,0
KM-125,70.71,59248,43.43,85.79,56332.5,82,3,1,0.65,0.7173,0.9858,0.451,0.6942,1
KM-115,31.37,52274,46.2,90.53,165154.8,8,3,0,0.2484,0.5282,0.7641,0.5866,0.4891,0
KM-105,72.66,11046,54.27,69.64,161514.4,80,0,0,0.528,0.0513,0.5491,0.0,0.3074,0
KM-120,76.3,58483,69.75,50.61,12328.1,29,0,0,0.5822,0.625,0.0435,0.0,0.3687,0
KM-112,68.54,36902,59.48,95.09,76657.0,95,2,1,0.5697,0.3933,0.3631,0.7169,0.5137,0
KM-116,63.66,33332,51.59,67.27,85845.5,29,0,0,0.4052,0.2689,0.5799,0.0,0.3251,1
KM-122,90.53,73701,50.27,73.29,46223.3,90,3,1,0.9697,0.9643,0.724,0.0941,0.7441,0
KM-117,35.97,2026,56.88,56.35,169044.9,70,2,0,0.2294,0.004,0.4298,0.0,0.1672,1
KM-103,49.82,7604,68.37,47.17,104161.0,17,0,0,0.2482,0.0293,0.0255,0.0,0.0993,0
KM-114,36.05,72520,65.08,51.03,114297.6,48,1,0,0.18,0.8631,0.072,0.0,0.2932,0
KM-114,55.72,12865,65.59,61.24,145947.9,158,0,2,0.3105,0.2245,0.237,0.0,0.2122,0
KM-125,19.3,59788,57.5,86.85,69332.8,142,2,0,0.1373,0.6461,0.513,0.4813,0.4084,0
KM-110,43.47,44636,73.74,85.76,176999.3,159,3,0,0.339,0.4168,0.2385,0.4504,0.3606,0
KM-107,44.79,4911,67.24,96.07,52592.5,13,4,2,0.4006,0.1752,0.0195,0.745,0.3369,0
KM-107,94.93,50557,66.87,73.05,107715.4,120,3,0,1.0,0.5024,0.18,0.087,0.529,0
KM-121,27.03,24391,40.61,67.97,146540.2,111,0,1,0.073,0.2483,1.0,0.0,0.2877,0
KM-105,41.42,13468,53.73,75.72,138402.4,107,1,1,0.2216,0.1491,0.6114,0.1634,0.2698,0
KM-118,80.41,39325,41.3,77.4,83739.3,132,1,0,0.6966,0.3446,1.0,0.2113,0.5722,0
KM-112,67.17,60485,53.53,72.8,57545.1,172,3,1,0.6012,0.7374,0.717,0.0799,0.5541,1
KM-111,19.26,40032,46.27,63.48,100175.6,48,1,2,0.0871,0.514,0.8211,0.0,0.3232,0
KM-121,68.95,78764,50.46,45.43,95237.0,59,0,2,0.4755,1.0,0.67,0.0,0.5504,0
KM-115,61.68,28230,63.3,56.98,52023.7,129,1,1,0.4305,0.2896,0.2613,0.0,0.2753,0
KM-112,47.33,54833,49.55,99.01,20537.4,176,6,1,0.524,0.6475,0.8822,0.8289,0.6875,1
KM-101,10.88,20643,41.96,80.49,70184.7,43,2,0,0.1118,0.1311,0.9862,0.2997,0.3291,0
KM-115,41.75,47599,56.08,94.51,166031.4,130,1,0,0.2243,0.4589,0.5518,0.7002,0.4436,0
KM-105,36.72,39658,58.94,97.22,140196.6,178,0,0,0.1348,0.349,0.5093,0.7777,0.3918,0
KM-110,29.93,79334,55.62,75.22,52163.3,96,1,0,0.1396,0.9875,0.5193,0.1493,0.4294,0
KM-114,79.51,62055,71.16,102.41,6343.4,106,0,1,0.6321,0.7632,0.159,0.9259,0.629,1
KM-105,77.63,15546,50.16,103.14,14029.7,59,0,3,0.6026,0.3257,0.6822,0.947,0.6182,1
KM-109,10.2,78024,48.01,53.33,40282.6,121,0,0,0.0104,0.9632,0.861,0.0,0.4166,0
KM-111,14.6,48736,68.77,71.3,115676.6,12,2,1,0.1213,0.5555,0.018,0.0371,0.1923,0
KM-106,55.3,78948,41.21,92.89,132036.4,106,1,1,0.3558,1.0,1.0,0.6541,0.7054,0
KM-124,48.9,41314,42.2,80.07,171195.0,147,0,1,0.2391,0.4511,1.0,0.2877,0.454,0
KM-122,46.56,50411,50.69,61.88,157858.2,77,1,0,0.2667,0.5002,0.6878,0.0,0.356,0
KM-107,26.61,20361,40.42,85.95,152794.4,23,1,2,0.1208,0.2884,1.0,0.4558,0.4055,1
KM-125,63.37,55492,58.66,103.25,67516.2,95,0,1,0.4016,0.6577,0.3962,0.9501,0.5743,0
KM-111,10.06,34388,71.09,94.39,70918.2,33,3,1,0.1601,0.3618,0.0495,0.697,0.2958,0
KM-117,88.56,26209,63.78,58.69,50390.2,68,0,0,0.7843,0.1875,0.1508,0.0,0.3516,1
KM-112,80.31,5263,53.41,69.59,86086.4,113,2,1,0.7449,0.0969,0.6331,0.0,0.4116,0
KM-114,47.41,69368,68.93,88.66,73881.8,172,1,1,0.2748,0.8874,0.258,0.5332,0.4763,0
KM-114,9.36,13366,49.82,50.16,38538.6,139,1,0,0.0588,0.0683,0.8158,0.0,0.2008,0
KM-112,75.98,7680,60.4,69.6,132687.2,98,0,0,0.5773,0.0297,0.3308,0.0,0.2757,0
KM-105,54.62,79840,60.53,98.24,97484.4,170,1,0,0.3484,0.997,0.4339,0.8068,0.6193,0
KM-124,88.77,56337,54.65,71.71,164346.6,62,1,1,0.8379,0.671,0.5069,0.0489,0.5722,0
KM-111,55.14,12260,55.78,86.6,151643.4,73,2,0,0.404,0.06,0.4783,0.4744,0.3469,1
KM-116,54.47,76276,49.72,102.17,20121.6,2,2,0,0.3967,0.931,0.6142,0.9191,0.6783,0
KM-124,69.91,3045,74.95,81.68,23233.2,150,2,0,0.5888,0.0074,0.225,0.3338,0.3197,0
KM-113,77.74,55523,47.82,64.21,8789.0,80,5,2,0.8543,0.7382,0.807,0.0,0.645,0
KM-103,9.56,43673,71.15,66.34,41432.2,173,0,2,0.0091,0.5634,0.2595,0.0,0.1959,0
KM-123,63.05,48417,73.12,86.19,133116.0,29,0,2,0.3976,0.6308,0.0435,0.4626,0.3981,0
KM-102,36.23,16140,72.11,68.78,24854.4,4,1,0,0.1813,0.0906,0.006,0.0,0.0873,0
KM-121,56.05,4820,70.58,91.41,19208.4,114,1,0,0.3642,0.0148,0.171,0.6117,0.2877,0
KM-114,65.08,22983,45.02,72.87,171471.3,79,2,0,0.5235,0.154,0.9176,0.082,0.4216,0
KM-125,81.19,65065,40.72,66.15,121925.2,165,4,1,0.8591,0.8135,1.0,0.0,0.7041,0
KM-108,65.86,13768,63.81,69.08,24982.2,168,2,0,0.5338,0.0714,0.2997,0.0,0.2646,1
KM-125,72.75,1026,72.47,79.5,27702.9,122,5,1,0.7792,0.0815,0.183,0.2716,0.384,0
KM-112,92.21,23805,65.44,66.4,104981.0,57,1,2,0.9002,0.3223,0.0855,0.0,0.4127,0
KM-116,36.22,54954,59.07,95.52,136163.1,110,1,1,0.1812,0.6493,0.4023,0.7292,0.452,0
KM-109,87.78,75724,65.4,79.74,13722.5,87,1,0,0.8205,0.9209,0.1305,0.2783,0.5992,0
KM-109,33.94,10164,66.32,83.42,134881.2,16,1,1,0.1652,0.1253,0.024,0.3833,0.1706,0
KM-124,28.49,15698,54.88,101.62,92630.3,87,1,0,0.1312,0.0869,0.5353,0.9034,0.3554,0
KM-111,65.3,48141,74.91,90.38,133591.2,141,1,0,0.4764,0.4668,0.2115,0.5824,0.4422,0
KM-105,84.1,40804,64.08,60.48,167391.6,52,3,0,0.8573,0.3643,0.1148,0.0,0.4141,1
KM-107,57.2,16893,67.84,49.85,38146.0,143,0,1,0.3272,0.177,0.2145,0.0,0.2017,0
KM-104,30.71,52317,65.91,60.44,94031.8,21,3,0,0.2443,0.5288,0.0315,0.0,0.224,1
KM-122,74.39,31802,41.31,59.22,141363.4,149,3,2,0.7033,0.4106,1.0,0.0,0.5488,0
KM-115,6.76,17418,45.57,81.94,157359.1,53,1,2,0.0546,0.2616,0.8568,0.3413,0.3241,0
KM-125,21.75,61346,49.09,51.21,94844.0,155,0,0,0.0473,0.6715,0.8689,0.0,0.3582,0
KM-123,55.89,78487,45.01,87.75,10290.3,168,1,1,0.3623,1.0,1.0,0.507,0.6782,0
KM-123,85.98,39394,67.32,87.79,111279.1,75,1,1,0.7893,0.4255,0.1125,0.5083,0.5068,0
KM-121,31.03,57221,65.77,54.83,65242.0,150,1,1,0.1463,0.6849,0.225,0.0,0.2674,0
KM-113,14.04,42466,66.52,59.84,129755.3,101,3,1,0.1697,0.4667,0.1515,0.0,0.2064,0
KM-106,20.26,79208,67.63,69.87,108336.0,32,3,1,0.191,1.0,0.048,0.0,0.3265,1
KM-105,40.67,43523,45.64,69.86,75918.4,163,3,0,0.3154,0.4013,1.0,0.0,0.4107,0
KM-121,56.51,17250,62.87,70.15,171464.2,138,3,1,0.4694,0.1801,0.2921,0.0043,0.2686,0
KM-122,8.04,73006,41.17,69.84,148020.3,75,0,1,0.0065,0.9518,1.0,0.0,0.4402,1
KM-118,55.98,65236,48.79,104.38,122104.9,61,0,1,0.3134,0.8164,0.7399,0.9822,0.6582,1
KM-124,29.15,52946,61.73,69.14,9472.0,28,5,1,0.335,0.6184,0.1729,0.0,0.3064,0
KM-118,38.69,56877,72.48,60.36,69279.3,80,1,3,0.1997,0.8395,0.12,0.0,0.3038,0
KM-106,21.65,17362,69.26,98.79,33432.4,11,3,1,0.1969,0.1811,0.0165,0.8225,0.282,0
KM-119,62.85,7768,45.18,76.53,155072.8,105,2,1,0.495,0.1103,0.9503,0.1866,0.4282,1
KM-113,13.06,36219,51.15,51.83,112667.1,158,2,1,0.117,0.3846,0.7911,0.0,0.2953,1
KM-112,35.1,35712,44.28,79.19,42781.8,11,1,0,0.1732,0.2983,0.8451,0.2626,0.3567,0
KM-120,56.99,16656,42.19,89.85,71989.4,105,2,1,0.4248,0.175,1.0,0.567,0.5058,1
KM-108,87.94,5697,60.64,68.41,145252.3,92,1,0,0.8234,0.019,0.3125,0.0,0.3554,1
KM-107,66.36,76450,53.85,88.88,135124.4,5,0,1,0.4404,1.0,0.4534,0.5395,0.6027,0
KM-117,8.92,45562,58.18,83.14,125795.4,146,0,0,0.008,0.4298,0.4917,0.3754,0.2837,0
KM-109,83.69,20713,59.35,60.12,24406.0,138,1,1,0.7505,0.2117,0.433,0.0,0.4022,0
KM-119,60.29,4474,68.45,92.94,178071.6,71,5,0,0.6135,0.0132,0.1065,0.6554,0.3704,0
KM-121,6.9,30121,74.49,93.86,169426.9,150,2,1,0.1048,0.311,0.225,0.6817,0.2958,0
KM-101,15.26,64470,59.17,55.99,77547.1,78,4,0,0.2233,0.7234,0.3502,0.0,0.3291,0
KM-112,9.75,2882,44.13,101.98,163773.6,89,5,0,0.2595,0.0068,0.9684,0.9138,0.469,0
KM-114,9.14,5436,50.41,73.43,23912.1,106,3,0,0.1583,0.0177,0.7426,0.0981,0.228,0
KM-104,7.6,45223,63.82,89.44,75336.9,70,2,2,0.1058,0.585,0.1523,0.5555,0.3248,0
KM-101,51.15,71204,71.23,71.34,56103.9,83,1,1,0.3116,0.9197,0.1245,0.0383,0.3716,0
KM-112,45.8,4682,57.81,77.27,48021.9,106,2,0,0.3098,0.0142,0.4467,0.2077,0.2428,0
KM-119,78.38,46964,64.59,55.41,88307.5,123,3,1,0.7644,0.5298,0.2009,0.0,0.4401,0
KM-120,25.75,75332,54.7,104.43,31590.0,46,1,0,0.1163,0.9138,0.4809,0.9838,0.5621,1
KM-120,29.58,54305,53.07,54.38,20817.1,111,3,3,0.2375,0.7993,0.6435,0.0,0.4117,0
KM-121,77.23,45866,53.71,77.25,112179.0,46,1,0,0.6465,0.4341,0.5206,0.2072,0.4803,1
KM-110,19.56,14740,66.78,92.44,135350.3,172,0,0,0.0383,0.0791,0.258,0.6413,0.213,0
KM-116,9.19,4247,44.86,61.33,34368.9,165,3,1,0.1584,0.0922,1.0,0.0,0.2785,0
KM-120,5.75,16426,61.6,96.13,26074.1,65,2,0,0.1033,0.093,0.2334,0.7467,0.2554,0
KM-112,92.58,65043,47.83,46.86,48607.7,38,2,1,0.9572,0.8131,0.744,0.0,0.6871,0
KM-110,78.49,2510,60.77,100.07,6750.0,173,1,1,0.666,0.0856,0.4288,0.8592,0.5121,0
KM-117,45.46,29129,65.04,94.34,137988.3,153,3,1,0.3567,0.2997,0.2295,0.6955,0.3848,1
KM-125,82.54,8856,68.84,55.15,73638.5,77,0,0,0.6814,0.0368,0.1155,0.0,0.2708,0
KM-103,82.87,45356,51.95,65.84,133367.1,55,1,0,0.7368,0.4269,0.6046,0.0,0.4855,0
KM-109,52.4,6099,47.86,67.15,141161.1,84,0,2,0.2746,0.1811,0.8118,0.0,0.3037,0
KM-109,6.22,19150,69.79,68.65,129194.4,108,2,1,0.1039,0.1971,0.162,0.0,0.118,0
KM-114,53.74,45186,73.07,103.57,161469.5,24,0,1,0.2888,0.5045,0.036,0.959,0.4262,1
KM-112,11.03,25997,71.44,57.23,71843.5,132,3,1,0.1622,0.2652,0.198,0.0,0.1627,0
KM-113,79.79,67175,48.03,96.86,19818.6,138,2,1,0.7366,0.8494,0.8856,0.7675,0.8008,1
KM-119,63.78,35202,53.8,95.11,78970.0,53,3,2,0.5568,0.4519,0.5274,0.7174,0.5568,0
KM-110,20.87,73277,52.16,76.83,111603.2,147,3,1,0.1936,0.9566,0.7339,0.1952,0.4927,0
KM-125,16.21,24054,51.35,93.83,79636.0,18,3,0,0.1763,0.1649,0.573,0.6808,0.3537,0
KM-114,31.23,65842,40.39,83.47,27979.7,69,2,1,0.1975,0.8267,1.0,0.3848,0.5527,1
KM-105,80.35,15932,71.19,80.59,99243.9,164,2,0,0.7456,0.0889,0.246,0.3025,0.3929,1
KM-122,73.35,32848,53.06,70.41,100819.2,117,0,1,0.5381,0.3431,0.6531,0.0118,0.4071,1
KM-109,70.49,53299,50.54,94.89,121238.4,48,1,4,0.5469,0.8638,0.6503,0.711,0.6796,0
KM-103,17.1,48791,61.11,79.38,105588.9,76,3,0,0.1792,0.4763,0.2696,0.2679,0.2893,1
KM-121,9.28,56052,52.11,48.46,167836.0,124,3,1,0.1586,0.6665,0.7016,0.0,0.3624,0
KM-115,20.64,71325,58.12,101.18,142593.7,151,0,0,0.0426,0.8418,0.5019,0.8908,0.5039,0
KM-118,91.75,54706,72.2,102.67,133390.4,145,2,0,0.9419,0.5655,0.2175,0.9335,0.7012,1
KM-104,56.97,47889,66.42,90.45,15599.8,179,1,1,0.3746,0.5431,0.2685,0.5843,0.4375,0
KM-123,64.44,55799,42.21,69.5,152166.0,65,1,1,0.4653,0.6625,1.0,0.0,0.5285,0
KM-124,51.1,22220,72.03,75.44,124338.4,138,0,0,0.2611,0.1464,0.207,0.1554,0.2005,0
KM-118,24.66,53378,73.76,97.07,43139.6,3,1,1,0.1108,0.625,0.0045,0.7733,0.3506,1
KM-117,27.98,6773,53.61,63.38,28667.1,142,0,0,0.0783,0.0246,0.6685,0.0,0.1673,0
KM-106,27.37,20859,71.06,55.38,62661.8,102,1,0,0.1249,0.1331,0.153,0.0,0.1076,0
KM-101,91.67,46373,56.12,84.19,118487.1,87,0,1,0.8403,0.5213,0.4857,0.4053,0.6026,1
KM-120,84.85,15974,54.08,60.55,167050.2,90,2,2,0.8199,0.2492,0.5716,0.0,0.4636,1
KM-121,53.14,15695,65.29,51.4,14553.3,159,1,0,0.3324,0.0869,0.2385,0.0,0.1858,0
KM-104,43.45,61388,49.94,64.9,26355.0,133,1,0,0.2388,0.6722,0.8019,0.0,0.412,0
KM-124,36.88,41934,59.9,81.77,125838.8,176,0,3,0.136,0.6195,0.4681,0.3362,0.3634,0
KM-118,10.18,50884,73.02,54.71,117677.9,77,2,0,0.1104,0.5073,0.1155,0.0,0.1885,0
KM-121,87.69,70942,42.02,82.12,144250.6,83,0,0,0.7689,0.8351,1.0,0.3462,0.7471,1
KM-105,15.72,48133,54.37,75.89,42999.8,63,4,0,0.2247,0.4667,0.5195,0.1684,0.3329,1
KM-122,53.44,76704,57.37,55.19,118585.5,139,0,0,0.2856,0.9388,0.5138,0.0,0.4374,0
KM-112,74.61,66126,58.29,77.66,67573.7,92,0,1,0.5567,0.8315,0.4062,0.2188,0.5277,1
KM-121,31.19,79743,60.29,95.98,173622.9,147,1,1,0.1473,1.0,0.4088,0.7423,0.5318,0
KM-122,48.03,64086,41.99,88.89,52714.7,93,5,0,0.4806,0.717,1.0,0.5396,0.6554,0
KM-123,81.91,74549,56.05,99.0,118971.3,6,1,1,0.7209,0.9796,0.3672,0.8285,0.7363,0
KM-107,59.93,76234,46.32,86.72,142799.5,170,1,0,0.4092,0.9302,1.0,0.4778,0.6713,1
KM-102,37.16,33759,68.18,95.75,116726.0,170,2,0,0.2381,0.2741,0.255,0.7358,0.35,1
KM-108,35.99,37944,60.04,90.91,104853.3,26,0,2,0.1296,0.4866,0.2375,0.5975,0.334,0
KM-118,24.83,22557,61.35,47.28,139956.8,175,2,1,0.1617,0.2297,0.4084,0.0,0.1957,0
KM-117,65.61,67090,43.93,97.35,167826.1,87,2,0,0.5305,0.768,0.9735,0.7813,0.7286,0
KM-110,35.68,26539,58.36,94.76,128210.0,117,0,1,0.1273,0.2711,0.4413,0.7075,0.3421,1
KM-117,15.63,76947,73.3,96.12,90191.4,34,0,1,0.0244,1.0,0.051,0.7462,0.418,0
KM-122,73.28,22642,71.33,64.93,106254.4,95,1,0,0.587,0.1506,0.1425,0.0,0.2716,1
KM-125,68.35,50028,48.53,63.54,73329.2,71,2,1,0.5672,0.5745,0.7654,0.0,0.4952,1
KM-114,87.81,76450,49.65,104.31,52290.1,18,1,1,0.8211,1.0,0.6411,0.9802,0.8616,1
KM-112,32.85,36702,55.42,90.01,57955.8,74,1,1,0.1579,0.3907,0.4941,0.5719,0.3661,0
KM-121,67.48,20640,74.51,66.69,139969.0,158,0,1,0.4554,0.211,0.237,0.0,0.2595,0
KM-122,19.33,60451,69.96,69.52,168123.9,143,0,0,0.0374,0.6569,0.2145,0.0,0.2202,0
KM-124,60.51,70066,61.93,93.08,133012.4,20,3,0,0.5161,0.8196,0.1529,0.6594,0.548,1
KM-112,90.41,14025,65.28,94.47,127964.3,149,2,1,0.9174,0.1534,0.2235,0.6991,0.544,0
KM-106,34.33,71297,65.05,54.93,128205.8,43,3,0,0.2678,0.8413,0.0645,0.0,0.317,0
KM-116,34.49,65618,49.82,70.76,36001.5,64,0,1,0.119,0.8228,0.7033,0.0216,0.3923,1
KM-109,71.58,28712,51.42,77.35,108538.6,17,2,0,0.6124,0.215,0.5687,0.2101,0.4239,0
KM-102,53.72,66848,51.74,81.6,13108.4,157,2,3,0.3886,1.0,0.7659,0.3314,0.6055,0
KM-115,43.33,27870,48.98,60.07,112825.5,39,1,1,0.2378,0.2856,0.6995,0.0,0.2945,0
KM-101,18.31,64346,49.39,46.71,158467.0,64,3,1,0.1835,0.8014,0.7205,0.0,0.4087,0
KM-111,41.74,13817,63.01,51.98,149990.4,29,2,1,0.2742,0.1518,0.1231,0.0,0.1585,0
KM-105,12.9,16800,64.97,75.45,122074.8,4,0,1,0.0166,0.1762,0.0072,0.1558,0.0825,0
KM-122,17.27,2987,74.97,62.71,75964.9,114,1,0,0.0798,0.0072,0.171,0.0,0.0639,0
KM-102,25.51,6174,49.81,90.09,30637.2,68,2,0,0.1651,0.0214,0.7097,0.5739,0.3199,0
KM-119,47.88,37836,54.19,72.43,127780.4,110,1,3,0.2792,0.5653,0.5975,0.0695,0.3724,1
KM-106,89.76,57108,65.5,69.65,92896.7,5,0,1,0.8056,0.6831,0.0075,0.0,0.4543,0
KM-120,68.11,61411,61.47,68.92,151858.5,55,4,0,0.6639,0.6726,0.2235,0.0,0.4452,0
KM-111,58.29,20202,44.29,80.08,164569.8,178,0,0,0.3397,0.1269,1.0,0.2881,0.4082,1
KM-118,7.99,60967,72.32,62.4,63118.6,9,2,1,0.1064,0.7453,0.0135,0.0,0.2263,0
KM-119,25.64,61520,66.93,94.89,28292.2,15,0,0,0.0657,0.6744,0.0225,0.711,0.3383,0
KM-121,66.01,14583,62.34,97.77,138045.3,149,1,0,0.4858,0.0778,0.3298,0.7934,0.4141,0
KM-110,34.3,28154,67.4,69.87,92671.5,68,1,0,0.1677,0.2088,0.102,0.0,0.1313,0
KM-115,93.31,35470,59.24,77.38,70175.4,6,2,0,0.9706,0.2952,0.2394,0.2109,0.5036,1
KM-115,57.33,30730,64.31,94.21,162748.2,156,1,2,0.3787,0.3981,0.2617,0.6918,0.4228,1
KM-116,25.0,6263,72.15,66.58,168972.2,33,3,1,0.2125,0.1019,0.0495,0.0,0.1097,0
KM-104,11.77,2365,41.37,76.86,103929.9,75,3,2,0.1638,0.1651,1.0,0.1959,0.3378,1
KM-123,28.21,38903,70.66,87.3,9438.3,126,0,0,0.0796,0.3391,0.189,0.4941,0.2493,1
KM-103,64.74,18993,73.32,84.53,5993.1,145,1,1,0.4691,0.1957,0.2175,0.4153,0.3397,0
KM-108,28.94,44179,46.35,73.59,171132.0,82,2,2,0.1837,0.5704,0.8689,0.1024,0.4012,0
KM-122,32.38,68342,47.8,104.33,31843.8,96,1,2,0.1548,0.9496,0.832,0.9807,0.6541,1
KM-102,64.37,52932,44.37,102.37,138715.2,141,0,1,0.4143,0.6182,1.0,0.9249,0.6845,0
KM-117,39.29,6155,41.91,84.53,67081.5,6,3,1,0.3043,0.1013,0.9326,0.415,0.4014,0
KM-117,80.88,67708,42.97,81.99,47278.3,7,0,0,0.6541,0.7786,0.8919,0.3427,0.6705,0
KM-112,16.39,61715,52.8,100.14,106132.4,90,1,0,0.0769,0.6776,0.6229,0.8613,0.4931,0
KM-115,81.58,71734,64.46,81.27,113012.6,31,0,1,0.6656,0.9291,0.0681,0.3219,0.5432,0
KM-119,82.54,25229,45.87,60.71,147036.2,134,0,1,0.6814,0.2571,0.9661,0.0,0.496,0
KM-114,57.56,4998,49.79,48.43,39055.7,43,3,2,0.4813,0.1756,0.6728,0.0,0.3469,0
KM-103,68.17,76620,55.78,104.0,56256.0,157,2,0,0.5647,0.9373,0.6043,0.9714,0.7471,0
KM-114,11.7,77788,66.64,67.52,104382.2,34,1,1,0.0637,1.0,0.051,0.0,0.2825,0
KM-121,38.03,45874,73.33,68.49,172560.7,101,2,1,0.2446,0.5142,0.1515,0.0,0.2445,0
KM-113,21.39,71050,60.95,76.47,130827.9,84,1,0,0.0958,0.837,0.2879,0.1847,0.3373,0
KM-125,37.26,12641,64.61,84.05,20931.9,60,1,0,0.1888,0.0628,0.1058,0.4014,0.1832,0
KM-102,94.43,46832,67.35,94.79,179031.2,172,0,2,0.8917,0.6079,0.258,0.7083,0.6573,0
KM-105,60.87,68775,54.65,54.15,86147.7,83,1,1,0.4205,0.8771,0.5386,0.0,0.4742,1
KM-115,55.18,33614,57.89,99.91,13686.0,40,0,0,0.3044,0.2724,0.3444,0.8547,0.4145,1
KM-105,81.69,13093,59.66,75.77,167004.5,31,2,0,0.7674,0.0662,0.2603,0.1648,0.3702,0
KM-115,25.75,36935,63.25,100.32,165254.3,132,1,0,0.1163,0.3137,0.2681,0.8663,0.346,1
KM-125,36.8,75369,63.27,57.59,67466.5,113,1,2,0.1854,1.0,0.2385,0.0,0.3626,0
KM-115,35.17,8370,66.99,58.18,112849.9,20,2,2,0.2237,0.1938,0.03,0.0,0.1328,0
KM-106,51.76,40819,47.76,63.12,33776.3,89,1,1,0.3179,0.4445,0.823,0.0,0.387,0
KM-120,45.65,63419,49.12,72.78,164184.3,54,1,0,0.2584,0.7058,0.716,0.0794,0.426,1
KM-109,16.78,59433,47.97,89.84,34743.0,66,1,1,0.0782,0.7203,0.7803,0.5668,0.4769,0
KM-112,82.66,43779,46.0,73.27,161053.9,7,3,0,0.8333,0.4048,0.7705,0.0934,0.5656,0
KM-122,55.29,38326,46.67,61.3,56756.5,1,1,0,0.3558,0.3316,0.7349,0.0,0.3544,0
KM-116,29.3,74153,59.81,47.16,19918.6,51,0,1,0.0858,0.9724,0.2842,0.0,0.33,0
KM-125,20.02,49003,63.18,51.64,151997.0,163,1,0,0.0901,0.4794,0.3173,0.0,0.2148,1
KM-117,86.13,43875,56.87,62.93,132804.4,42,2,0,0.8419,0.4062,0.3884,0.0,0.4739,0
KM-103,77.45,30795,54.21,64.76,42465.3,81,1,1,0.6498,0.3188,0.553,0.0,0.4177,0
KM-104,58.24,48867,65.61,89.24,43145.5,125,2,0,0.4392,0.4774,0.1875,0.5497,0.4205,1
KM-124,92.29,11264,69.6,83.8,10042.7,70,0,0,0.8517,0.0528,0.105,0.3942,0.4111,0
KM-111,82.21,50489,48.26,64.21,114053.0,89,2,1,0.7759,0.5814,0.8031,0.0,0.5775,0
KM-112,35.48,28473,71.58,89.99,166727.2,88,1,2,0.1759,0.3723,0.132,0.5711,0.2953,0
KM-121,68.28,45312,50.1,80.87,167715.9,169,1,0,0.5162,0.4263,0.8493,0.3104,0.5192,1
KM-101,78.21,66991,72.59,85.2,148621.4,83,0,0,0.6117,0.7663,0.1245,0.4343,0.5174,0
KM-107,86.58,10112,55.49,57.96,57547.2,157,2,3,0.8496,0.2849,0.6158,0.0,0.4918,0
KM-115,74.66,26379,49.79,66.3,11457.3,173,0,1,0.5574,0.2693,0.868,0.0,0.436,1
KM-119,35.15,69893,54.23,72.8,129816.9,114,1,0,0.1736,0.8166,0.6019,0.0801,0.4013,0
KM-103,70.07,22045,68.13,71.6,90930.9,32,1,1,0.541,0.2247,0.048,0.0458,0.2643,0
KM-120,58.9,12690,70.7,61.84,93761.8,6,2,1,0.4469,0.1432,0.009,0.0,0.194,0
KM-111,75.36,31278,66.24,52.24,95398.2,34,3,0,0.718,0.2445,0.051,0.0,0.3226,0
KM-118,84.87,33977,71.09,58.91,24431.8,178,7,4,1.0,0.5968,0.267,0.0,0.5526,1
KM-125,74.06,26241,47.52,99.41,130334.6,78,5,0,0.7984,0.1879,0.8162,0.8402,0.6577,0
KM-125,62.25,2336,56.36,67.6,102246.0,42,2,3,0.4875,0.245,0.4088,0.0,0.3136,0
KM-124,20.91,71047,60.29,68.74,144791.8,155,1,1,0.0937,0.9169,0.421,0.0,0.3462,0
KM-115,32.49,16154,63.5,92.62,127007.0,154,0,1,0.1056,0.1707,0.2909,0.6462,0.267,0
KM-107,86.34,35209,63.83,102.0,54769.0,60,3,1,0.8954,0.372,0.1366,0.9142,0.6165,0
KM-125,17.13,15434,55.8,98.91,57339.2,27,1,1,0.0793,0.1647,0.4086,0.8259,0.3159,0
KM-103,20.95,56850,64.46,69.42,15243.1,170,1,0,0.0939,0.599,0.2765,0.0,0.2379,0
KM-109,14.99,16097,45.53,91.47,41479.3,109,2,2,0.1225,0.2503,0.9425,0.6134,0.4166,0
KM-120,94.33,63524,57.48,82.47,29152.6,107,2,2,0.9898,0.8676,0.4612,0.3563,0.7268,0
KM-101,12.5,70023,55.59,85.46,159489.6,69,1,0,0.0656,0.8189,0.48,0.4416,0.412,0
KM-125,91.78,66478,53.11,69.14,82220.9,97,2,1,0.9424,0.8375,0.6212,0.0,0.6634,1
KM-106,80.31,48350,46.32,47.43,107834.5,55,1,0,0.695,0.4699,0.8299,0.0,0.5267,0
KM-123,37.78,22993,44.68,51.55,159430.7,7,0,0,0.1427,0.1541,0.8234,0.0,0.2532,0
KM-113,54.98,61481,50.72,48.72,60361.1,142,5,1,0.5522,0.7537,0.7844,0.0,0.5386,1
KM-114,58.79,55688,42.79,46.02,30798.3,75,0,1,0.3456,0.6608,1.0,0.0,0.4862,1
KM-105,81.88,36374,56.24,64.31,168003.4,162,7,0,1.0,0.3066,0.5936,0.0,0.5454,1
KM-111,39.56,33368,44.08,100.18,121165.8,110,1,4,0.2065,0.5894,1.0,0.8624,0.5921,0
KM-121,78.46,37704,48.36,102.23,116263.2,150,2,0,0.7156,0.3236,0.8905,0.9209,0.6936,0
KM-113,92.31,63348,67.87,78.62,37902.3,112,1,3,0.9021,0.9446,0.168,0.2462,0.6347,1
KM-103,30.22,14390,54.85,68.35,171625.8,144,2,0,0.1913,0.0763,0.6219,0.0,0.2104,0
KM-101,61.18,13854,41.55,54.56,172564.9,150,4,1,0.5743,0.1521,1.0,0.0,0.439,0
KM-115,24.5,39719,51.89,52.25,78829.7,89,3,1,0.21,0.4298,0.6581,0.0,0.3126,0
KM-121,91.03,42312,48.41,70.84,157735.2,147,2,0,0.9286,0.3846,0.8841,0.0241,0.6028,0
KM-121,72.45,45036,58.43,78.97,35840.7,19,2,0,0.6249,0.4224,0.2913,0.2563,0.4338,0
KM-124,55.33,64711,58.32,92.01,10055.4,148,2,2,0.4061,0.8875,0.4892,0.6287,0.5876,1
KM-103,54.7,6278,63.7,64.22,152050.9,164,0,0,0.2993,0.022,0.298,0.0,0.1698,0
KM-104,65.98,25553,40.62,49.43,24565.1,74,3,0,0.5854,0.1805,1.0,0.0,0.45,0
KM-118,31.61,15088,74.58,100.58,170333.3,5,1,1,0.1499,0.1619,0.0075,0.8738,0.2692,0
KM-101,24.11,15702,43.29,63.16,130186.9,77,1,1,0.1081,0.167,0.9837,0.0,0.2763,1
KM-105,80.85,1207,47.2,79.62,5935.6,143,1,1,0.7037,0.0819,0.9266,0.275,0.5071,0
KM-119,8.69,11797,54.51,48.85,55766.2,5,3,2,0.1576,0.2166,0.427,0.0,0.1947,0
KM-112,78.75,16515,53.34,64.8,37051.8,150,1,1,0.6702,0.1738,0.6912,0.0,0.4163,1
KM-103,61.32,22880,53.1,53.0,83214.1,3,2,0,0.4761,0.1529,0.4803,0.0,0.3009,0
KM-116,85.44,58745,60.56,65.75,116880.1,18,0,1,0.73,0.7092,0.2045,0.0,0.4737,0
KM-118,50.32,30205,55.18,65.54,42218.4,30,0,1,0.2532,0.312,0.4377,0.0,0.2542,1
KM-122,63.0,48753,56.2,88.09,130939.4,80,0,1,0.3969,0.5557,0.472,0.517,0.4756,0
KM-106,33.76,67565,65.1,59.11,139782.8,78,1,0,0.1639,0.7762,0.117,0.0,0.2748,0
KM-104,44.35,7352,41.27,58.41,112877.0,53,0,2,0.1967,0.1879,1.0,0.0,0.3158,0
KM-110,52.11,6307,47.81,72.04,127102.0,9,1,0,0.3215,0.0221,0.7012,0.0583,0.27,0
KM-106,22.59,40323,53.46,75.54,176348.1,21,4,0,0.251,0.3578,0.4933,0.1582,0.3076,0
KM-114,77.64,40374,42.59,95.5,173153.0,171,1,0,0.6529,0.3585,1.0,0.7284,0.6638,0
KM-103,13.42,26853,43.36,100.7,157540.1,156,3,0,0.168,0.1945,1.0,0.877,0.4828,1
KM-111,43.11,66116,41.26,61.98,119139.0,80,0,0,0.1859,0.7513,1.0,0.0,0.4529,0
KM-105,18.07,18007,64.95,45.56,53368.9,120,0,1,0.0326,0.1868,0.1821,0.0,0.0945,0
KM-118,44.52,50483,53.05,67.49,137457.0,68,0,0,0.1982,0.5013,0.5799,0.0,0.3107,0
KM-123,51.15,60584,65.9,75.82,17581.7,118,4,0,0.4616,0.659,0.177,0.1664,0.395,0
KM-103,30.86,17238,51.52,71.08,113816.2,85,1,0,0.1452,0.1,0.6668,0.0308,0.2154,0
KM-122,56.84,49329,50.88,86.13,65050.8,143,1,1,0.3731,0.5642,0.7795,0.4608,0.5197,0
KM-121,18.46,33031,67.54,59.71,124347.8,1,1,0,0.0841,0.2653,0.0015,0.0,0.096,0
KM-113,14.9,34734,60.58,64.35,59333.7,23,1,0,0.0722,0.2861,0.2112,0.0,0.139,0
KM-116,45.24,33408,65.94,60.0,54511.4,152,0,1,0.2047,0.3499,0.228,0.0,0.2047,1
KM-123,65.49,78256,45.04,65.94,107532.3,143,2,0,0.5289,0.9675,1.0,0.0,0.627,0
KM-111,60.81,5540,66.55,68.24,108250.9,154,0,0,0.3698,0.0182,0.231,0.0,0.1802,0
KM-103,32.83,75573,45.7,91.81,123133.9,9,1,1,0.1577,0.9982,0.7853,0.6233,0.5865,0
KM-112,84.22,20282,63.86,71.65,157957.6,135,3,0,0.8593,0.1277,0.2481,0.0471,0.3917,0
KM-107,5.45,1517,40.39,64.86,10337.4,30,0,0,0.003,0.0026,1.0,0.0,0.2017,0
KM-111,36.1,9268,61.13,93.81,91824.6,172,1,0,0.1803,0.0394,0.4128,0.6803,0.2916,0
KM-107,94.28,26268,68.96,75.23,72286.4,157,4,1,1.0,0.2682,0.2355,0.1495,0.494,0
KM-121,70.85,49324,74.68,61.19,138427.2,96,2,0,0.6019,0.4841,0.144,0.0,0.3605,0
KM-111,57.79,54319,60.42,100.56,142043.3,26,1,0,0.3839,0.5595,0.2224,0.8731,0.4934,0
KM-112,90.14,39809,67.34,61.08,31802.7,133,1,0,0.8624,0.351,0.1995,0.0,0.4295,0
KM-102,30.91,5089,63.66,83.93,145285.1,179,2,4,0.1955,0.336,0.3221,0.3979,0.2965,0
KM-106,46.36,49505,44.44,56.58,96589.5,91,2,2,0.3149,0.6468,0.9588,0.0,0.4637,0
KM-122,92.03,7686,64.17,50.48,164804.6,46,3,0,0.997,0.0298,0.1023,0.0,0.3768,0
KM-102,67.53,15426,48.65,57.08,172665.1,74,2,0,0.556,0.0847,0.7651,0.0,0.3688,0
KM-117,19.0,33961,43.8,76.13,69386.4,9,0,0,0.0361,0.2766,0.8613,0.1752,0.2891,0
KM-102,94.07,26956,59.46,58.57,116354.7,83,3,0,1.0,0.1956,0.3463,0.0,0.4682,0
KM-123,49.95,16335,62.6,93.77,57838.6,156,1,0,0.2995,0.0923,0.33,0.6791,0.3297,0
KM-120,84.5,34217,53.13,48.93,134157.1,178,0,0,0.714,0.2797,0.7417,0.0,0.4682,1
KM-120,14.2,78468,71.86,49.77,24953.1,154,3,2,0.1702,1.0,0.231,0.0,0.3558,1
KM-119,76.43,48697,54.32,103.79,42812.6,73,2,1,0.6841,0.5549,0.5365,0.9655,0.6786,0
KM-108,32.36,5516,68.21,48.58,39503.6,169,1,1,0.1547,0.0981,0.2535,0.0,0.1294,0
KM-118,91.57,17588,65.58,61.3,91951.2,167,0,0,0.8385,0.1031,0.2505,0.0,0.3694,1
KM-115,34.72,37965,50.46,79.82,52516.4,54,5,2,0.3706,0.4869,0.6626,0.2807,0.4401,0
KM-115,90.72,50437,66.36,100.31,42453.1,67,3,1,0.9729,0.5806,0.1005,0.8659,0.679,0
KM-117,32.4,69649,54.15,82.07,45973.7,167,1,2,0.155,0.9723,0.6845,0.3447,0.5032,0
KM-105,24.44,19155,48.12,93.88,43795.2,83,1,1,0.1097,0.1972,0.7999,0.6824,0.3842,0
KM-112,51.99,12058,53.34,58.05,135168.7,31,3,1,0.4203,0.1385,0.5131,0.0,0.2844,0
KM-120,93.81,26552,71.48,66.51,89089.8,88,1,2,0.93,0.3512,0.132,0.0,0.4397,1
KM-124,74.66,53975,72.6,89.77,51149.8,158,3,1,0.7074,0.6342,0.237,0.5647,0.5665,0
KM-109,5.92,20789,49.31,98.94,82649.6,130,0,1,0.0035,0.2125,0.8225,0.8268,0.3842,1
KM-110,59.27,71970,56.7,54.58,49940.5,116,1,1,0.4013,0.9333,0.5059,0.0,0.475,1
KM-101,58.0,79998,49.07,95.51,171799.9,53,4,2,0.5365,1.0,0.7165,0.7287,0.7268,0
KM-116,63.79,59006,72.06,51.77,104535.0,124,2,0,0.5069,0.6334,0.186,0.0,0.373,0
KM-119,45.16,33309,40.77,98.43,105545.5,61,2,0,0.3039,0.2687,1.0,0.8123,0.536,0
KM-113,41.55,66525,41.06,95.86,62121.8,115,2,2,0.2726,0.9183,1.0,0.7389,0.6728,0
KM-110,43.35,73905,50.16,73.63,65559.5,48,0,1,0.188,0.9679,0.6655,0.1038,0.4616,0
KM-103,70.69,73436,56.71,104.82,76466.4,17,1,0,0.5498,0.8795,0.3572,0.9949,0.6827,1
KM-107,43.8,41966,46.49,92.04,27622.4,58,2,1,0.2919,0.4599,0.8272,0.6297,0.5085,0
KM-117,70.56,79258,70.09,89.06,166609.9,27,0,1,0.4978,1.0,0.0405,0.5445,0.5412,1
KM-110,83.29,21635,45.17,82.0,172127.4,173,1,0,0.7437,0.1406,1.0,0.343,0.564,1
KM-118,93.73,33948,50.95,59.44,160412.1,18,0,0,0.8786,0.2764,0.5892,0.0,0.4945,0
KM-115,66.26,25869,44.47,57.26,76408.3,149,2,1,0.5391,0.2639,1.0,0.0,0.4546,0
KM-107,12.96,60753,50.35,77.39,105418.3,129,2,2,0.1168,0.8218,0.7796,0.2113,0.4445,0
KM-125,28.91,68813,55.99,90.07,129544.3,30,4,0,0.2836,0.7978,0.4054,0.5734,0.4944,0
KM-119,43.69,71744,49.36,96.59,62618.1,79,1,1,0.2409,0.9293,0.744,0.7598,0.6174,1
KM-114,69.26,30107,69.35,60.87,10657.2,158,0,1,0.4797,0.3109,0.237,0.0,0.293,0
KM-125,38.32,28251,42.6,67.48,63702.6,38,0,1,0.1468,0.2899,0.9532,0.0,0.3145,0
KM-125,20.1,15020,55.85,52.55,42588.3,101,2,0,0.1404,0.0814,0.5177,0.0,0.173,0
KM-121,11.33,4443,56.95,100.2,92524.1,85,2,2,0.1128,0.1731,0.4496,0.8628,0.3452,1
KM-102,61.18,6756,57.97,51.83,118593.1,25,0,0,0.3743,0.0245,0.3187,0.0,0.2009,0
KM-102,38.5,19445,55.74,58.74,151594.5,97,1,2,0.1982,0.2798,0.5161,0.0,0.2426,0
KM-102,61.63,40633,63.47,88.55,146592.4,78,1,1,0.4298,0.442,0.178,0.5301,0.4026,1
KM-124,77.32,16980,60.83,80.3,71273.9,106,0,1,0.5979,0.1778,0.326,0.2943,0.3778,0
KM-118,59.59,3275,72.27,91.5,45651.2,107,3,0,0.505,0.0083,0.1605,0.6143,0.3338,1
KM-101,65.2,57929,47.36,77.77,144795.2,179,1,0,0.4752,0.6162,0.9742,0.2219,0.5596,0
KM-103,9.77,11863,62.46,68.92,51128.1,23,0,0,0.0096,0.0571,0.136,0.0,0.0448,0
KM-114,26.07,11067,47.12,95.0,40734.8,4,2,0,0.1679,0.0515,0.7211,0.7144,0.3587,1
KM-120,90.89,64388,41.13,80.16,141792.7,151,1,1,0.8761,0.8021,1.0,0.2902,0.7652,1
KM-111,44.66,61919,40.96,54.88,141097.9,75,3,0,0.3495,0.6809,1.0,0.0,0.4925,0
KM-120,65.4,6420,64.13,57.34,64387.6,31,0,2,0.4278,0.1827,0.0814,0.0,0.2117,0
KM-103,12.83,20666,74.75,53.7,22433.8,26,1,0,0.0665,0.1313,0.039,0.0,0.0639,0
KM-124,70.4,52774,72.0,61.66,134442.5,114,2,1,0.5956,0.6158,0.171,0.0,0.3966,1
KM-118,57.21,50127,69.32,74.62,64505.5,149,0,0,0.3273,0.496,0.2235,0.1319,0.3096,1
KM-108,49.0,16383,45.76,60.42,79560.6,26,2,0,0.3401,0.0927,0.8085,0.0,0.3039,0
KM-113,59.02,60798,74.9,58.43,127202.9,29,4,1,0.5483,0.7425,0.0435,0.0,0.3862,1
KM-112,44.1,24519,70.55,50.16,10325.0,97,0,1,0.1945,0.2497,0.1455,0.0,0.1596,0
KM-113,85.86,26456,54.91,103.32,149683.5,76,0,0,0.7372,0.1902,0.5175,0.9519,0.5994,1
KM-106,73.48,32869,56.27,83.87,111503.6,161,1,0,0.5899,0.2634,0.5907,0.3964,0.4697,1
KM-104,16.65,53871,46.35,73.03,104566.2,41,2,0,0.1277,0.5526,0.8074,0.0867,0.3617,0
KM-105,25.23,72773,45.37,51.16,96565.7,96,1,0,0.1137,0.8676,0.9292,0.0,0.4425,1
KM-122,90.22,27553,43.17,92.87,91719.1,134,3,0,0.9639,0.2021,1.0,0.6534,0.7186,1
KM-109,44.38,62566,63.43,91.64,129277.6,74,0,1,0.1969,0.7716,0.174,0.6182,0.4203,1
KM-113,19.07,55337,66.47,63.85,176275.5,121,1,0,0.0864,0.5753,0.1815,0.0,0.2104,0
KM-105,49.8,63906,53.84,75.17,37669.5,44,0,0,0.248,0.714,0.5125,0.1477,0.3973,0
KM-104,9.71,61324,68.31,94.39,101357.4,125,1,2,0.0594,0.8311,0.1875,0.697,0.4055,0
KM-120,7.89,73175,65.26,56.59,119134.7,29,2,1,0.1062,0.9548,0.0435,0.0,0.2846,0
KM-113,71.05,21509,55.37,61.31,85731.2,124,2,0,0.6048,0.1394,0.5713,0.0,0.3608,0
KM-109,95.0,51498,56.32,83.83,86593.4,120,4,1,1.0,0.5965,0.5271,0.3951,0.6836,0
KM-125,67.96,37481,67.52,57.06,116523.4,112,0,0,0.4619,0.3207,0.168,0.0,0.2754,0
KM-109,26.72,46986,54.84,72.75,100001.1,64,2,0,0.1714,0.4501,0.5022,0.0784,0.2887,1
KM-120,38.23,41902,71.11,74.07,162426.0,62,0,1,0.1461,0.4591,0.093,0.1163,0.2078,0
KM-122,85.92,11087,58.15,82.17,171235.7,69,0,2,0.7382,0.2116,0.3776,0.3476,0.4563,0
KM-108,79.36,67544,70.39,95.33,70237.0,80,1,1,0.6798,0.8558,0.12,0.7238,0.6206,0
KM-101,58.1,78977,40.5,101.78,38753.4,83,0,2,0.3376,1.0,1.0,0.9079,0.7497,0
KM-124,48.39,53400,68.56,55.94,132724.3,54,0,0,0.2341,0.5454,0.081,0.0,0.2345,0
KM-116,67.3,18633,57.53,75.99,11355.1,172,0,1,0.4529,0.1924,0.5569,0.1712,0.3522,0
KM-125,68.67,5412,45.4,74.98,143333.6,7,2,1,0.5715,0.0976,0.7945,0.1421,0.4117,1
KM-122,11.55,12070,44.68,57.48,159680.8,116,1,1,0.0633,0.1386,0.9867,0.0,0.2542,0
KM-122,57.16,37006,69.18,91.63,137259.7,84,2,0,0.4267,0.3146,0.126,0.618,0.3768,0
KM-102,68.5,4410,61.35,103.38,168692.0,26,1,1,0.5193,0.0929,0.1849,0.9538,0.4327,0
KM-117,81.44,27399,52.36,90.42,141507.3,83,3,1,0.8132,0.2804,0.63,0.5833,0.5974,0
KM-123,53.74,63759,54.16,104.21,81247.3,156,1,0,0.3388,0.7115,0.6674,0.9774,0.6254,0
KM-124,52.55,27806,54.21,57.74,115048.6,22,1,2,0.3262,0.3649,0.4647,0.0,0.2983,0
KM-118,76.22,9695,46.32,61.77,63211.3,19,1,1,0.631,0.1222,0.7757,0.0,0.4065,0
KM-117,60.41,11594,65.35,92.59,46000.3,114,3,0,0.5149,0.0552,0.171,0.6454,0.3573,0
KM-111,27.51,74304,60.79,100.18,67460.5,118,3,0,0.2257,0.8951,0.3454,0.8622,0.5443,0
KM-104,58.25,14276,61.3,54.59,50753.9,145,1,4,0.3893,0.3954,0.3655,0.0,0.3082,1
KM-113,86.03,1982,66.12,61.8,116968.1,126,2,2,0.8401,0.1639,0.189,0.0,0.3728,0
KM-124,55.81,58440,43.56,58.24,139110.9,103,1,3,0.3615,0.8644,1.0,0.0,0.5426,1
KM-109,84.11,48310,65.13,48.72,129161.6,70,2,0,0.8074,0.4693,0.105,0.0,0.4209,0
KM-103,35.17,27264,61.53,98.46,15544.7,178,1,2,0.1737,0.359,0.406,0.8132,0.3944,0
KM-113,27.69,66776,62.43,95.66,77761.1,66,4,1,0.2767,0.8426,0.2017,0.7332,0.4945,0
KM-115,84.82,28324,50.3,71.49,146192.2,87,1,1,0.7694,0.2907,0.7185,0.0426,0.4942,0
KM-118,44.57,40293,58.92,64.28,100841.7,123,1,1,0.2486,0.4374,0.4278,0.0,0.2819,0
KM-102,54.39,25116,66.07,97.08,122903.0,49,4,0,0.4958,0.1759,0.0735,0.7736,0.3869,0
KM-124,8.58,29468,69.86,92.09,15202.9,98,2,1,0.1074,0.3036,0.147,0.6311,0.2691,0
KM-121,43.25,35934,41.9,54.16,78429.8,63,0,1,0.1871,0.381,1.0,0.0,0.3607,1
KM-120,43.11,73239,44.4,87.3,119219.9,47,0,0,0.1859,0.8759,0.8945,0.4942,0.5618,0
KM-108,55.33,20628,62.4,94.16,10672.3,82,2,0,0.4062,0.1309,0.227,0.6902,0.3583,0
KM-107,44.94,43319,43.08,88.23,128194.5,61,2,2,0.3019,0.5585,0.9682,0.5208,0.5431,0
KM-105,18.39,54103,60.44,53.09,96055.5,22,0,1,0.0338,0.6362,0.2154,0.0,0.214,0
KM-125,11.12,71681,55.55,97.04,70838.0,92,1,0,0.0624,0.8481,0.5159,0.7726,0.4916,0
KM-104,50.31,44687,44.26,87.11,121761.2,55,3,2,0.4031,0.5775,0.9123,0.4887,0.5656,0
KM-111,66.82,68925,71.13,55.55,65087.5,49,3,2,0.5964,0.9597,0.0735,0.0,0.4634,1
KM-110,17.71,68192,71.0,104.53,14450.4,38,2,0,0.1314,0.787,0.057,0.9867,0.4515,0
KM-125,91.51,4979,56.41,84.21,99412.2,23,3,2,0.9874,0.1755,0.3782,0.4061,0.5463,0
KM-115,14.7,77286,60.89,48.37,155072.7,44,0,0,0.0216,0.9495,0.2305,0.0,0.2911,0
KM-118,83.83,16317,46.37,78.92,10254.0,153,2,1,0.8027,0.1721,0.9746,0.255,0.5699,1
KM-112,36.91,30913,72.79,78.75,152506.2,36,0,2,0.1362,0.4002,0.054,0.2501,0.2085,0
KM-106,15.6,68289,71.89,89.38,122689.3,90,2,0,0.1243,0.7887,0.135,0.5538,0.3784,0
KM-112,41.88,44720,68.44,57.94,83281.3,41,1,0,0.2254,0.4179,0.0615,0.0,0.1957,0
KM-104,21.73,62378,68.86,94.15,131759.6,48,3,1,0.1972,0.7685,0.072,0.6901,0.4136,1
KM-119,80.55,46500,63.59,66.44,147811.5,60,1,0,0.6989,0.4431,0.1466,0.0,0.3847,0
KM-115,69.0,2044,48.18,101.71,72419.5,93,1,0,0.5261,0.0041,0.8125,0.9061,0.5289,1
KM-102,11.26,19344,73.41,96.12,153205.4,179,1,2,0.0627,0.2789,0.2685,0.7463,0.2946,0
KM-108,80.51,50511,47.14,102.64,60172.6,41,4,0,0.8482,0.5017,0.7759,0.9326,0.764,0
KM-115,39.31,34040,50.19,100.68,20353.7,153,1,0,0.2045,0.2776,0.822,0.8765,0.4807,0
KM-116,30.27,60059,73.15,90.65,125235.2,54,1,2,0.1416,0.8105,0.081,0.5901,0.3864,0
KM-108,11.82,28875,46.62,48.59,161992.1,124,1,0,0.064,0.2168,0.9213,0.0,0.2609,1
KM-106,76.61,60724,57.82,94.73,44862.9,173,2,1,0.687,0.7413,0.5467,0.7064,0.6764,1
KM-111,35.0,32832,68.01,56.03,66649.0,94,1,0,0.1725,0.2629,0.141,0.0,0.1543,0
KM-102,45.81,26712,73.54,98.45,178951.6,122,0,0,0.2099,0.1929,0.183,0.8129,0.3209,0
KM-103,45.93,60328,74.85,91.06,126179.6,27,1,1,0.261,0.7349,0.0405,0.6016,0.4035,1
KM-106,30.26,5010,55.51,80.25,172474.8,149,1,0,0.1416,0.0157,0.6032,0.2927,0.2326,0
KM-113,22.74,14160,65.9,61.37,149278.6,8,2,1,0.1517,0.1545,0.012,0.0,0.0941,0
KM-117,86.69,59265,41.37,101.96,173852.9,73,4,0,0.9514,0.6376,1.0,0.9131,0.875,0
KM-122,8.94,68879,62.34,88.75,106152.4,29,2,0,0.108,0.7989,0.15,0.5358,0.3747,0
KM-114,52.82,73052,64.86,76.5,124835.3,73,1,1,0.329,0.9526,0.115,0.1856,0.4134,1
KM-122,78.53,35830,40.46,68.47,141857.5,65,3,0,0.7668,0.2997,1.0,0.0,0.5433,1
KM-118,60.29,66627,53.25,60.68,68203.6,50,1,1,0.4135,0.84,0.545,0.0,0.4637,0
KM-121,25.17,16813,40.53,48.55,92656.6,172,1,0,0.1133,0.0963,1.0,0.0,0.2638,0
KM-121,36.13,9333,62.9,90.55,24840.5,123,3,0,0.2805,0.0398,0.2685,0.5872,0.2793,0
KM-102,37.19,51577,57.74,71.53,65453.8,61,3,1,0.2883,0.5977,0.3819,0.0437,0.3355,1
KM-104,41.6,53100,43.07,84.68,110147.4,138,1,1,0.223,0.6208,1.0,0.4194,0.5171,0
KM-110,89.93,30577,40.28,94.99,95350.3,140,1,1,0.8587,0.3163,1.0,0.7141,0.7224,1
KM-116,8.97,53278,71.46,60.61,115035.3,75,0,0,0.008,0.5435,0.1125,0.0,0.1612,0
KM-102,63.03,41574,42.88,99.16,152985.7,156,0,1,0.3972,0.4546,1.0,0.8331,0.6193,0
KM-125,69.4,4771,74.99,87.63,123658.8,75,1,1,0.5317,0.0946,0.1125,0.5038,0.333,1
KM-103,78.25,46938,71.86,73.39,36165.2,52,2,1,0.7122,0.5294,0.078,0.0967,0.4166,0
KM-116,56.49,9568,59.64,79.33,55139.5,32,1,0,0.3691,0.0414,0.2626,0.2666,0.2454,0
KM-105,26.12,60999,70.6,48.03,79283.2,12,1,1,0.1182,0.7458,0.018,0.0,0.2314,0
KM-103,23.47,19132,62.91,51.79,106835.2,167,1,0,0.1051,0.117,0.334,0.0,0.1328,0
KM-116,44.06,36210,72.35,101.31,12120.8,170,0,2,0.1941,0.4645,0.255,0.8945,0.414,0
KM-116,20.04,43922,64.61,58.88,73289.6,41,0,1,0.0402,0.4868,0.0769,0.0,0.1511,1
KM-124,33.87,31655,62.17,85.44,31021.2,86,1,0,0.1647,0.2489,0.2421,0.4413,0.2566,0
KM-111,58.15,66461,48.65,88.21,48144.4,176,0,1,0.3382,0.8372,0.9179,0.5203,0.6153,0
KM-124,59.4,6557,69.59,88.73,106429.0,84,1,0,0.4028,0.0235,0.126,0.5351,0.2791,0
KM-110,70.72,13324,45.09,73.86,135545.0,51,1,0,0.5501,0.068,0.8728,0.1103,0.4061,1
KM-104,61.8,76270,64.48,77.28,155228.7,73,2,1,0.482,1.0,0.1303,0.208,0.4863,0
KM-122,64.32,68088,42.74,63.62,122856.9,125,5,0,0.6637,0.7852,1.0,0.0,0.6286,0
KM-106,92.05,37984,50.92,87.16,91546.3,104,1,0,0.8974,0.3272,0.719,0.4904,0.6378,0
KM-112,36.66,31549,59.06,53.85,148052.7,135,1,0,0.1844,0.2477,0.44,0.0,0.2145,0
KM-107,79.0,7868,44.66,61.64,47016.7,125,1,3,0.674,0.2708,1.0,0.0,0.5036,0
KM-119,70.68,76963,43.43,68.09,178612.5,169,6,0,0.7995,0.9436,1.0,0.0,0.7157,1
KM-106,58.45,36868,43.8,91.7,69061.1,89,2,1,0.4416,0.3929,0.9813,0.62,0.573,0
KM-112,5.69,59367,44.53,53.66,137779.7,64,1,0,0.0532,0.6393,0.9149,0.0,0.3614,0
KM-125,82.11,36966,65.11,72.05,153990.5,142,2,1,0.7742,0.3941,0.213,0.0585,0.4238,0
KM-102,33.84,73401,59.21,66.61,99554.8,5,7,1,0.4645,0.9589,0.2391,0.0,0.4501,0
KM-109,74.56,9463,62.36,96.5,159631.4,127,0,0,0.5559,0.0407,0.296,0.7572,0.4154,0
KM-102,34.26,59687,47.35,69.52,134715.0,144,0,0,0.1174,0.6444,0.9222,0.0,0.3866,0
KM-118,47.64,63094,62.39,70.66,13188.6,164,0,1,0.2269,0.7804,0.3504,0.0189,0.3484,1
KM-115,76.94,29527,64.59,94.36,148805.5,22,1,2,0.642,0.3842,0.0494,0.6961,0.4699,0
KM-109,10.62,2381,69.06,61.07,65074.4,153,3,0,0.1613,0.0051,0.2295,0.0,0.1036,0
KM-115,56.92,33821,68.43,63.74,118301.4,137,4,0,0.524,0.2749,0.2055,0.0,0.2932,0
KM-125,45.71,44201,71.4,82.22,79055.6,37,0,1,0.2089,0.4907,0.0555,0.3492,0.2767,0
KM-119,64.43,12694,50.93,61.43,91515.1,148,4,0,0.6152,0.0632,0.7849,0.0,0.3881,0
KM-107,37.59,33779,44.53,78.84,13561.3,106,1,1,0.1913,0.3544,0.9779,0.2526,0.4017,0
KM-111,72.68,3681,62.14,74.22,170784.2,136,3,3,0.6782,0.2499,0.3183,0.1205,0.3876,1
KM-118,27.24,18175,72.51,46.37,166222.5,69,3,2,0.2242,0.2683,0.1035,0.0,0.1662,1
KM-114,65.74,8557,60.12,102.45,80528.5,91,1,1,0.4821,0.115,0.3319,0.927,0.4493,0
KM-110,49.82,34411,73.53,64.85,138153.0,142,2,0,0.3482,0.2821,0.213,0.0,0.235,0
KM-118,8.59,8074,69.44,88.82,85999.9,160,2,1,0.1074,0.1121,0.24,0.5377,0.2211,0
KM-108,51.25,42767,65.85,89.54,93200.1,108,6,0,0.5627,0.3909,0.162,0.5584,0.4387,1
KM-113,82.43,54206,42.62,59.58,172471.3,162,1,2,0.7295,0.7177,1.0,0.0,0.6348,1
KM-101,36.19,32643,68.78,84.82,78709.9,21,2,0,0.231,0.2606,0.0315,0.4235,0.237,0
KM-103,90.8,63356,50.58,96.85,139239.5,6,2,0,0.9245,0.7048,0.5857,0.7673,0.7704,1
KM-122,10.16,30989,51.76,54.87,133977.0,105,0,0,0.0103,0.2411,0.687,0.0,0.2013,0
KM-111,42.56,76706,42.53,87.21,72558.4,127,1,0,0.2311,0.9389,1.0,0.4916,0.6139,0
KM-116,80.18,16068,43.75,90.61,129952.0,81,1,0,0.6929,0.09,0.9715,0.5889,0.5771,0
KM-105,37.31,17830,67.5,91.45,67229.2,119,4,0,0.3392,0.1052,0.1785,0.6129,0.3033,1
KM-101,48.78,38430,71.72,77.69,86449.3,84,3,0,0.3879,0.3329,0.126,0.2197,0.2882,0
KM-114,57.06,60175,53.79,102.97,20551.8,95,0,0,0.3255,0.6524,0.591,0.9419,0.5836,1
KM-120,44.96,29215,46.33,85.06,106498.6,175,2,1,0.3021,0.3007,1.0,0.4303,0.467,1
KM-114,34.13,65167,42.37,59.35,119870.1,1,2,1,0.2165,0.8152,0.9065,0.0,0.4609,0
KM-114,64.45,33085,53.63,72.26,141767.4,133,2,1,0.5153,0.346,0.6543,0.0647,0.4107,0
KM-106,15.55,54705,52.5,88.57,166178.8,24,0,0,0.0242,0.5655,0.5361,0.5305,0.3631,0
KM-111,71.19,56701,52.42,86.73,37176.3,119,0,0,0.5068,0.5967,0.6817,0.478,0.5585,1
KM-108,64.69,55560,41.77,62.43,154004.5,78,3,0,0.5685,0.5788,1.0,0.0,0.5437,0
KM-114,39.78,24096,50.73,95.6,124076.6,105,1,2,0.2082,0.3253,0.7283,0.7314,0.4462,0
KM-108,94.65,69096,61.51,94.67,82355.3,19,0,0,0.8958,0.8027,0.1682,0.705,0.6888,1
KM-112,38.81,19674,40.68,69.06,50044.6,77,0,1,0.1506,0.202,1.0,0.0,0.3032,1
KM-104,68.02,13744,42.71,48.95,137862.3,25,4,1,0.6627,0.1512,0.9291,0.0,0.4556,1
KM-108,27.97,64832,73.3,71.16,80138.8,99,1,0,0.1282,0.7295,0.1485,0.0332,0.2636,0
KM-121,33.83,4893,61.1,57.31,122724.9,139,0,1,0.1145,0.0951,0.3644,0.0,0.1367,0
KM-123,8.66,54513,56.27,49.98,94629.4,171,2,2,0.1075,0.7225,0.6057,0.0,0.3394,0
KM-101,93.44,58026,74.66,75.26,10597.6,52,3,1,1.0,0.6977,0.078,0.1504,0.5701,0
KM-112,32.88,65058,49.63,83.0,175862.8,115,1,1,0.1581,0.8134,0.7873,0.3715,0.4904,0
KM-118,55.51,28254,51.04,72.06,8515.9,162,3,1,0.4581,0.2899,0.8014,0.0589,0.4049,0
KM-119,73.38,43057,70.17,77.81,130107.6,73,2,2,0.6384,0.5548,0.1095,0.2232,0.4287,1
KM-121,47.87,37595,66.39,59.15,9244.3,144,2,1,0.3291,0.4022,0.216,0.0,0.2589,0
KM-111,54.95,42147,46.85,68.58,22644.4,145,3,0,0.452,0.3824,0.9435,0.0,0.4425,0
KM-116,73.94,68307,60.85,85.07,160767.7,102,0,1,0.5467,0.869,0.3189,0.4306,0.5585,0
KM-118,86.68,37942,72.33,74.77,156540.6,133,1,4,0.8014,0.6466,0.1995,0.1363,0.5093,0
KM-120,28.28,17515,70.1,65.96,13764.4,18,1,2,0.13,0.2624,0.027,0.0,0.1165,0
KM-106,43.58,34512,45.5,69.88,58064.9,104,0,1,0.1899,0.3633,0.9361,0.0,0.3445,0
KM-124,24.12,42877,59.68,96.1,47281.8,101,0,0,0.0582,0.3924,0.3641,0.7458,0.3404,1
KM-107,40.88,35574,66.3,68.92,88657.8,173,0,2,0.1671,0.4565,0.2595,0.0,0.2245,0
KM-113,69.48,70308,67.97,71.22,153197.3,160,2,2,0.5827,0.9839,0.24,0.0347,0.5049,0
KM-124,45.05,55513,54.18,79.17,95854.3,41,0,0,0.203,0.578,0.4942,0.262,0.3668,0
KM-104,60.54,47418,40.76,77.8,115402.0,133,3,0,0.5165,0.4563,1.0,0.2229,0.5394,0
KM-102,53.62,42108,48.91,48.67,97734.7,167,0,1,0.2875,0.4619,0.8941,0.0,0.3949,0
KM-110,93.44,55978,71.32,62.34,31507.2,27,2,0,0.9731,0.5853,0.0405,0.0,0.495,0
KM-119,59.83,9982,48.28,100.07,16945.7,48,0,0,0.3579,0.0441,0.7409,0.8591,0.4563,0
KM-108,9.59,17545,54.97,84.73,45983.4,135,1,0,0.0592,0.1027,0.6035,0.4209,0.2513,1
KM-119,6.67,61186,41.11,77.35,85129.9,116,0,0,0.0044,0.6689,1.0,0.2101,0.4108,0
KM-122,33.5,56864,45.33,78.62,34563.3,124,2,0,0.2122,0.5993,0.9728,0.2464,0.4679,1
KM-111,52.86,16038,74.45,69.15,148257.6,99,0,0,0.2794,0.0898,0.1485,0.0,0.1499,0
KM-105,24.83,2979,52.72,104.96,56076.2,41,2,2,0.1616,0.1672,0.5528,0.999,0.4087,0
KM-122,33.92,26437,50.73,73.03,167243.8,102,2,0,0.2151,0.19,0.7237,0.0865,0.2848,0
KM-111,87.45,9312,73.64,69.9,119093.1,176,1,0,0.8147,0.0397,0.264,0.0,0.3479,0
KM-122,55.08,75554,58.7,58.29,13931.6,122,1,1,0.3534,0.9978,0.4351,0.0,0.4602,0
KM-113,67.33,50790,63.68,73.91,178544.1,140,1,1,0.5033,0.5859,0.2628,0.1117,0.3975,1
KM-110,53.43,31620,46.92,90.88,139729.6,148,2,0,0.3855,0.2485,0.9452,0.5965,0.5054,0
KM-110,69.67,53659,53.21,55.78,91687.6,96,0,0,0.4854,0.5493,0.6158,0.0,0.4304,0
KM-119,13.36,47416,68.83,57.55,166715.8,115,6,0,0.3178,0.4563,0.1725,0.0,0.2598,0
KM-123,88.69,18928,68.66,80.92,8849.0,103,0,0,0.7866,0.1151,0.1545,0.312,0.3974,1
KM-112,10.98,60225,47.27,90.87,168704.8,68,1,2,0.0621,0.8132,0.8113,0.5963,0.5066,0
KM-115,24.56,29014,65.93,101.97,127614.1,21,2,0,0.1603,0.2184,0.0315,0.9133,0.2997,0
KM-109,92.69,36934,71.88,98.45,43234.7,42,0,1,0.8592,0.3937,0.063,0.8128,0.5743,0
KM-119,34.36,5763,69.07,90.55,130996.2,50,3,0,0.2681,0.0193,0.075,0.5871,0.2311,1
KM-109,88.95,47791,72.78,89.11,105994.2,2,1,2,0.8412,0.6217,0.003,0.546,0.5597,1
KM-120,39.6,12498,59.09,64.21,61636.6,41,3,0,0.3068,0.0617,0.298,0.0,0.1824,0
KM-103,11.45,48043,56.21,102.89,120474.7,62,2,0,0.1131,0.4654,0.4448,0.9396,0.4328,0
KM-114,44.61,4950,44.61,59.06,82361.7,84,1,0,0.249,0.0154,0.9417,0.0,0.2793,0
KM-113,28.56,64440,73.51,91.53,31105.6,64,1,2,0.1316,0.8829,0.096,0.615,0.409,1
KM-110,9.55,12556,60.34,85.53,115974.8,9,0,0,0.0091,0.0622,0.1999,0.4436,0.1474,1
KM-112,25.66,61534,51.98,93.07,48923.2,50,2,1,0.1658,0.7546,0.5957,0.6591,0.4977,1
KM-106,9.41,5471,40.72,56.97,83466.5,4,4,0,0.2089,0.0179,0.9773,0.0,0.273,0
KM-109,27.75,17004,51.96,62.11,173585.5,126,3,1,0.227,0.178,0.7107,0.0,0.2661,0
KM-117,42.71,20678,43.06,95.69,82517.2,154,1,1,0.2324,0.2114,1.0,0.734,0.481,0
KM-104,73.48,48303,48.56,99.59,85864.0,145,0,2,0.5399,0.6292,0.875,0.8455,0.6904,0
KM-117,54.79,59587,56.85,90.28,122108.5,136,3,2,0.4502,0.8028,0.5302,0.5795,0.5802,0
KM-103,79.42,9794,70.46,70.89,90176.4,25,2,2,0.7308,0.2028,0.0375,0.0255,0.3191,0
KM-106,68.13,79950,57.69,72.48,32850.1,67,0,0,0.4642,0.9991,0.3931,0.0708,0.505,0
KM-110,75.74,45281,64.99,100.88,99304.6,124,2,1,0.6736,0.5058,0.1865,0.8823,0.576,0
KM-108,15.54,56757,48.47,89.51,144525.0,134,0,0,0.0242,0.5976,0.862,0.5573,0.4417,0
KM-122,65.56,24345,62.63,58.1,44675.5,39,1,0,0.4798,0.1679,0.1533,0.0,0.2406,1
KM-110,40.8,31767,47.09,80.71,68593.6,142,0,1,0.1664,0.3302,0.9295,0.306,0.3879,0
KM-115,89.91,54680,69.1,60.05,85611.6,89,0,0,0.8084,0.5651,0.1335,0.0,0.4509,1
KM-109,56.81,21978,70.84,55.98,18778.4,172,2,2,0.4227,0.304,0.258,0.0,0.2755,0
KM-111,67.3,47017,72.76,83.52,8238.8,4,1,0,0.5029,0.4506,0.006,0.3862,0.3671,0
KM-120,80.51,53445,44.07,67.23,146145.7,167,2,2,0.7481,0.706,1.0,0.0,0.6384,0
KM-113,74.56,66839,74.45,48.58,114761.6,64,1,3,0.6059,1.0,0.096,0.0,0.4813,0
KM-120,24.98,54537,58.35,79.53,122258.3,41,1,0,0.1124,0.5629,0.3275,0.2724,0.3,0
KM-118,12.1,2839,74.54,96.12,52158.0,3,2,1,0.1146,0.0867,0.0045,0.7464,0.212,0
KM-124,25.43,68171,66.64,59.5,124664.1,166,0,0,0.0647,0.7866,0.249,0.0,0.2691,0
KM-114,51.66,10319,57.76,99.79,139516.9,40,1,2,0.3168,0.2063,0.3498,0.8512,0.4027,0
KM-102,73.51,51220,57.82,87.5,155249.5,135,1,1,0.5904,0.5923,0.4897,0.5001,0.5527,1
KM-122,53.83,49882,64.77,97.98,53647.7,20,1,0,0.3398,0.4924,0.0391,0.7993,0.4097,0
KM-103,26.58,21773,67.7,102.28,143175.4,46,2,2,0.1706,0.302,0.069,0.9223,0.3335,0
KM-119,90.56,14280,64.99,46.6,36276.2,165,2,0,0.9201,0.0754,0.248,0.0,0.3905,0
KM-113,69.39,75052,45.13,60.7,179261.7,49,3,0,0.6314,0.9087,0.8684,0.0,0.6219,0
KM-111,58.79,22836,74.62,56.71,145981.8,30,1,1,0.3957,0.2325,0.045,0.0,0.2056,0
KM-116,78.01,27362,68.37,96.34,52510.4,156,1,1,0.6586,0.28,0.234,0.7525,0.4978,1
KM-111,56.8,10702,49.43,69.24,90233.6,115,1,1,0.3727,0.1289,0.7952,0.0,0.3217,0
KM-108,23.74,33270,41.49,60.47,66505.5,35,0,0,0.0564,0.2682,0.993,0.0,0.2854,1
KM-101,9.38,38146,51.07,65.56,28083.4,80,3,1,0.1588,0.4093,0.6773,0.0,0.2934,0
KM-123,18.29,59647,73.79,77.81,62493.7,155,0,0,0.0334,0.6438,0.2325,0.223,0.2638,0
KM-104,59.41,25685,47.75,104.92,146055.0,21,2,2,0.453,0.3419,0.7216,0.9978,0.5879,0
KM-108,39.99,30527,71.7,99.69,142041.2,20,1,1,0.2099,0.3157,0.03,0.8484,0.3281,0
KM-104,76.77,13985,59.31,48.57,128523.1,166,0,1,0.5893,0.1531,0.4768,0.0,0.3399,0
KM-119,74.3,15110,63.0,104.86,85463.9,132,2,1,0.652,0.1621,0.278,0.9961,0.5236,0
KM-124,48.76,1645,41.44,85.82,13609.8,110,1,3,0.2877,0.2429,1.0,0.452,0.4518,1
KM-102,8.24,11704,49.07,104.4,78266.9,164,1,0,0.0568,0.056,0.883,0.9827,0.407,0
KM-103,63.76,32790,64.66,86.25,14918.2,1,2,1,0.5065,0.3424,0.0153,0.4643,0.3588,0
KM-104,21.77,71857,63.73,88.7,68296.2,4,1,2,0.0974,1.0,0.0569,0.5342,0.4023,1
KM-112,73.69,74736,45.94,65.05,77448.4,152,1,1,0.5931,0.9829,0.9904,0.0,0.6514,1
KM-103,72.79,57371,41.65,90.32,70402.4,20,2,0,0.6299,0.6073,0.9639,0.5805,0.6812,1
KM-107,27.29,41030,58.44,68.81,63059.8,79,0,0,0.0745,0.3673,0.381,0.0,0.1941,0
KM-119,30.13,48471,55.31,57.26,154678.1,6,3,0,0.2408,0.4716,0.3967,0.0,0.2815,0
KM-104,34.77,61920,50.91,99.71,75462.2,114,0,1,0.1209,0.7609,0.7348,0.8487,0.5493,0
KM-112,62.03,32849,48.09,103.17,120530.8,135,2,1,0.4847,0.3431,0.8791,0.9478,0.6208,0
KM-123,36.35,46231,74.74,63.14,124044.4,38,1,1,0.1822,0.5193,0.057,0.0,0.205,0
KM-120,90.03,31093,46.91,83.94,73892.5,61,1,0,0.8605,0.2423,0.8152,0.3982,0.6044,1
KM-115,70.23,16732,46.63,77.5,175292.8,67,1,0,0.5432,0.0957,0.8354,0.2144,0.424,0
KM-110,54.28,17665,53.07,86.14,113993.7,11,1,0,0.3446,0.1038,0.4936,0.4612,0.3375,0
KM-107,35.83,1785,58.16,64.26,56302.8,128,1,0,0.1784,0.0033,0.4657,0.0,0.1564,0
KM-110,86.41,18874,69.52,66.0,45165.4,154,2,2,0.8467,0.2746,0.231,0.0,0.4112,1
KM-107,13.52,74741,43.33,96.85,144837.2,48,1,2,0.0683,1.0,0.9387,0.7672,0.6151,0
KM-103,43.14,49788,40.84,90.19,105338.7,44,2,0,0.2861,0.491,1.0,0.5769,0.5383,1
KM-111,61.85,28791,46.24,89.26,9445.1,22,1,3,0.4326,0.4559,0.7834,0.5504,0.5321,0
KM-111,47.6,30872,73.21,72.02,167770.1,167,1,1,0.2766,0.3197,0.2505,0.0576,0.2384,0
KM-102,6.21,25701,71.09,96.31,34425.4,127,2,0,0.1039,0.1821,0.1905,0.7517,0.2703,0
KM-124,58.52,47617,68.39,101.25,157230.5,106,2,3,0.4425,0.6992,0.159,0.8929,0.54,0
KM-120,14.41,9895,67.51,92.99,153927.2,57,2,4,0.1208,0.3635,0.0855,0.657,0.2816,0
KM-123,51.81,37996,47.45,85.37,25613.3,125,1,0,0.3184,0.3273,0.8896,0.4391,0.459,1
KM-112,34.46,44311,66.71,77.08,22145.8,121,0,0,0.1187,0.4122,0.1815,0.2023,0.2214,0
KM-118,39.8,35536,64.17,81.15,29680.3,16,4,0,0.3584,0.2961,0.0573,0.3185,0.2746,0
KM-124,61.62,72810,45.97,84.56,130262.3,92,2,1,0.4797,0.9483,0.8993,0.416,0.668,0
KM-120,90.8,54219,42.44,64.97,120815.9,133,0,1,0.8245,0.6379,1.0,0.0,0.6481,1
KM-122,45.45,76135,54.25,58.92,56110.4,103,1,2,0.2565,1.0,0.5847,0.0,0.4567,0
KM-124,77.19,29419,52.0,90.36,45041.6,125,1,1,0.6458,0.303,0.7077,0.5818,0.5597,0
KM-103,24.47,66249,70.22,103.03,135936.4,126,0,0,0.0599,0.7536,0.189,0.9436,0.4359,1
KM-121,39.47,10766,43.98,97.93,112699.8,70,1,0,0.2058,0.0494,0.9458,0.7981,0.4332,0
KM-113,49.37,65610,56.44,59.38,170408.7,7,1,1,0.2937,0.8227,0.3529,0.0,0.3791,1
KM-110,18.27,70474,52.98,63.14,90959.8,107,1,1,0.0834,0.9068,0.6411,0.0,0.3841,0
KM-101,84.07,25437,69.97,46.7,90688.9,97,1,2,0.7568,0.3393,0.1455,0.0,0.3788,0
KM-123,22.15,4458,65.78,85.07,147608.1,153,1,0,0.0991,0.0132,0.2295,0.4305,0.17,0
KM-101,76.55,22074,50.5,89.47,45023.4,142,1,1,0.636,0.2249,0.7929,0.5564,0.5487,0
KM-120,39.0,73793,57.71,94.65,117227.6,145,0,0,0.1521,0.8859,0.509,0.7044,0.5174,1
KM-107,40.07,43178,41.48,57.74,126320.0,62,3,1,0.3106,0.4765,1.0,0.0,0.4278,1
KM-124,68.83,49787,55.75,53.21,122066.1,4,3,0,0.6238,0.491,0.3761,0.0,0.4163,0
KM-125,51.1,61943,73.44,74.87,151347.0,34,0,2,0.2611,0.8413,0.051,0.1391,0.3397,0
KM-121,39.19,6166,53.04,98.93,93285.1,149,2,0,0.2536,0.0214,0.7017,0.8265,0.3997,1
KM-116,52.31,65610,54.41,79.21,19358.0,62,2,0,0.3736,0.7427,0.5165,0.2632,0.4724,0
KM-103,37.73,32834,57.36,57.91,6636.7,179,1,0,0.1923,0.2629,0.5741,0.0,0.2479,0
KM-103,22.58,53480,53.78,53.26,92410.2,80,1,0,0.101,0.5466,0.5687,0.0,0.2857,0
KM-113,71.79,19018,50.34,98.71,36074.4,38,2,1,0.6153,0.1959,0.6435,0.8204,0.5571,1
KM-125,78.39,28180,73.03,99.55,89505.4,26,2,0,0.7145,0.2091,0.039,0.8442,0.479,0
KM-104,35.1,24648,48.35,101.79,58231.0,113,0,2,0.1232,0.331,0.8354,0.9084,0.4746,1
KM-115,51.77,48971,53.09,60.66,16000.1,29,2,0,0.3681,0.4789,0.5199,0.0,0.3525,0
KM-104,29.46,61275,56.28,60.19,44128.5,90,0,2,0.0868,0.8303,0.4837,0.0,0.3347,0
KM-114,57.22,17843,59.86,77.09,75226.5,151,1,0,0.3774,0.1053,0.4321,0.2026,0.2854,0
KM-119,46.77,25789,61.83,86.04,116408.6,171,3,0,0.3687,0.183,0.3833,0.4584,0.3432,0
KM-118,53.87,46883,73.34,98.83,10767.5,125,2,0,0.3902,0.4486,0.1875,0.8237,0.451,1
KM-119,93.24,47828,52.79,78.14,62374.6,87,1,1,0.9194,0.5423,0.6191,0.2326,0.6277,0
KM-117,63.76,41089,51.05,81.71,129395.2,149,1,0,0.4566,0.3681,0.7815,0.3346,0.475,1
KM-123,70.69,56752,71.9,54.13,48620.8,36,0,1,0.4997,0.6775,0.054,0.0,0.3551,0
KM-112,91.09,1584,74.08,71.46,171764.2,45,3,0,0.9797,0.0028,0.0675,0.0417,0.3654,0
KM-110,51.74,11497,60.57,96.96,119294.7,103,2,1,0.3677,0.1345,0.3315,0.7703,0.3827,0
KM-104,71.07,13315,64.83,63.19,21332.4,70,0,2,0.5051,0.2279,0.1116,0.0,0.2561,0
KM-103,41.6,69797,45.13,48.66,28258.3,84,1,0,0.2231,0.8149,0.9207,0.0,0.466,0
KM-105,5.62,41839,45.42,101.55,108740.0,155,0,1,0.0032,0.4582,1.0,0.9014,0.4959,0
KM-125,41.25,45610,71.01,56.96,36017.3,101,3,1,0.3202,0.5105,0.1515,0.0,0.27,0
KM-118,6.15,62108,40.46,56.64,78838.1,4,3,2,0.1538,0.844,0.9875,0.0,0.4623,1
KM-121,6.54,2493,44.16,65.59,25589.4,22,0,0,0.0043,0.0055,0.8665,0.0,0.1762,0
KM-104,40.07,42845,67.82,56.93,48622.5,115,0,0,0.1605,0.3919,0.1725,0.0,0.1887,0
KM-115,32.85,68905,53.41,102.25,29676.7,169,3,1,0.2579,0.8794,0.7169,0.9214,0.6378,1
KM-108,66.5,67881,69.48,61.03,73779.9,155,1,1,0.4922,0.8616,0.2325,0.0,0.4342,0
KM-122,41.66,20476,45.87,50.31,40406.5,67,0,2,0.1735,0.2895,0.8657,0.0,0.3063,0
KM-102,35.56,67423,67.94,88.53,139252.8,52,1,0,0.1765,0.7737,0.078,0.5293,0.3767,0
KM-103,83.28,22083,44.22,100.7,124542.4,175,2,0,0.7936,0.145,1.0,0.8772,0.6895,0
KM-113,82.17,8724,59.93,67.37,171510.5,159,3,1,0.8251,0.116,0.4415,0.0,0.4061,1
KM-109,47.22,12136,46.0,95.92,78185.9,99,0,0,0.2229,0.0591,0.9086,0.7406,0.4226,1
KM-118,45.57,61341,68.49,45.63,44192.4,142,2,1,0.3076,0.7514,0.213,0.0,0.3381,0
KM-125,71.33,41492,45.82,84.96,112568.1,9,1,1,0.5588,0.4535,0.7808,0.4275,0.5506,0
KM-105,54.26,36107,46.55,84.81,88417.3,49,1,0,0.3444,0.3032,0.8117,0.4231,0.4433,0
KM-119,10.15,45502,41.75,104.33,32451.6,102,3,2,0.1603,0.589,1.0,0.9807,0.5995,1
KM-102,84.57,73909,49.55,76.74,58350.1,46,2,1,0.8153,0.968,0.6869,0.1925,0.7032,0
KM-109,65.58,40865,72.64,82.54,164388.6,142,2,0,0.5301,0.3651,0.213,0.3584,0.3911,0
KM-118,36.65,3632,67.69,63.06,17218.0,109,1,1,0.1843,0.0897,0.1635,0.0,0.1196,0
KM-125,48.23,9812,57.27,92.74,89359.6,13,0,1,0.2326,0.123,0.3289,0.6496,0.3078,1
KM-103,85.5,64486,58.01,52.13,53904.7,113,1,1,0.781,0.8037,0.449,0.0,0.5641,1
KM-108,72.4,41198,71.91,63.67,17212.0,176,1,0,0.5742,0.3696,0.264,0.0,0.3462,0
KM-113,34.36,35872,49.15,76.74,45271.5,73,0,1,0.1181,0.3803,0.7435,0.1926,0.3236,0
KM-105,33.54,56013,40.78,73.69,76346.2,25,0,1,0.1125,0.6659,1.0,0.1056,0.427,0
KM-102,91.79,9067,55.98,72.67,60848.9,12,1,0,0.8925,0.0382,0.379,0.0763,0.413,0
KM-101,20.11,53854,59.79,83.66,29114.4,46,1,2,0.0904,0.7123,0.2773,0.3903,0.3433,0
KM-104,60.65,25365,43.03,83.61,111052.7,35,1,0,0.4178,0.1785,0.9311,0.3889,0.4549,1
KM-104,59.32,73494,54.97,90.66,174691.0,128,0,1,0.3519,0.9605,0.5934,0.5903,0.6,0
KM-102,22.95,22991,64.45,50.97,20491.1,97,3,4,0.2027,0.4741,0.1676,0.0,0.223,0
KM-123,32.85,76382,49.87,51.72,104327.5,152,2,0,0.2079,0.9329,0.8331,0.0,0.4726,0
KM-120,83.58,27838,55.53,74.63,155978.0,64,0,3,0.6986,0.4453,0.4746,0.1323,0.4772,0
KM-120,90.14,59974,65.63,59.74,79360.9,67,0,0,0.8124,0.6491,0.1005,0.0,0.4667,0
KM-104,18.77,52843,68.73,97.94,176663.5,138,3,3,0.1852,0.7768,0.207,0.7982,0.4601,0
KM-109,38.63,51882,46.79,71.59,170877.8,72,3,0,0.2992,0.5223,0.8362,0.0454,0.4116,1
KM-125,36.13,39075,67.98,99.28,73559.5,155,0,0,0.1306,0.3414,0.2325,0.8367,0.3449,0
KM-109,10.15,49303,41.16,102.65,126825.0,16,3,0,0.1603,0.4838,0.9774,0.9327,0.5591,1
KM-118,80.97,30603,56.47,86.94,23059.1,175,4,0,0.8556,0.2366,0.6037,0.4839,0.5761,0
KM-105,93.81,25479,53.67,53.16,16718.7,13,2,2,0.9801,0.3397,0.4728,0.0,0.5225,0
KM-109,51.0,13237,46.59,87.22,10834.6,93,3,2,0.4101,0.2273,0.8759,0.4921,0.4739,1
KM-117,10.1,25686,61.51,79.69,87993.1,11,1,0,0.0602,0.1819,0.156,0.2767,0.1531,0
KM-109,53.92,58668,57.06,69.0,162044.4,48,4,0,0.4908,0.628,0.3895,0.0,0.4067,0
KM-109,81.24,75440,68.68,70.0,130424.0,96,2,0,0.76,0.9157,0.144,0.0,0.5237,1
KM-122,16.13,19083,60.19,83.74,96982.7,177,0,0,0.026,0.1165,0.4577,0.3926,0.2083,0
KM-124,41.61,75675,50.22,48.14,116181.1,178,1,0,0.2232,0.92,0.8582,0.0,0.4798,1
KM-115,7.97,43919,52.2,94.06,24121.3,175,4,1,0.2064,0.4868,0.7746,0.6874,0.4863,1
KM-105,43.4,50029,71.96,99.02,23861.1,44,1,1,0.2383,0.5745,0.066,0.8291,0.4061,0
KM-124,59.8,18845,66.21,94.95,47230.5,147,1,0,0.4076,0.1143,0.2205,0.7127,0.3579,0
KM-120,41.59,60263,73.57,73.45,174944.1,60,2,1,0.273,0.7338,0.09,0.0987,0.3167,0
KM-103,52.23,46317,57.49,60.19,137780.7,93,1,1,0.3228,0.5205,0.4397,0.0,0.3311,0
KM-105,64.26,25398,70.5,75.98,56685.1,149,1,0,0.4629,0.1789,0.2235,0.171,0.2856,0
KM-120,65.33,38219,64.65,60.61,103131.3,149,2,1,0.5268,0.4102,0.2376,0.0,0.3344,0
KM-103,7.67,24134,68.41,100.23,77152.4,113,0,2,0.0059,0.3257,0.1695,0.8638,0.2901,1
KM-105,46.32,61757,66.65,75.6,84728.0,173,1,2,0.2646,0.8383,0.2595,0.16,0.3861,0
KM-110,6.3,60191,58.08,64.69,24764.3,17,1,0,0.054,0.6526,0.3024,0.0,0.2425,1
KM-104,60.7,62687,47.02,51.51,41329.1,33,2,0,0.4684,0.6936,0.7688,0.0,0.4911,1
KM-117,65.16,79615,51.29,73.38,57041.2,39,0,1,0.4246,1.0,0.607,0.0966,0.5393,0
KM-122,91.67,33001,65.85,53.45,65834.7,15,1,3,0.8903,0.5049,0.0225,0.0,0.4424,0
KM-125,60.09,43086,40.44,66.53,18370.5,160,1,0,0.4111,0.3952,1.0,0.0,0.4427,1
KM-115,36.37,37777,43.89,66.87,36266.1,106,1,2,0.1823,0.4845,1.0,0.0,0.3849,0
KM-117,94.46,8375,60.77,73.32,54588.5,55,1,1,0.9423,0.1139,0.2519,0.0949,0.4276,1
KM-118,60.71,29036,40.36,100.02,125066.8,165,1,1,0.4186,0.2987,1.0,0.8576,0.5927,0
KM-112,37.36,44945,61.83,55.55,122428.8,96,1,0,0.1896,0.4211,0.2709,0.0,0.2258,0
KM-106,70.11,61262,69.89,55.66,69266.2,80,0,1,0.4915,0.7501,0.12,0.0,0.3836,1
KM-104,83.29,49538,71.88,95.9,172671.5,88,1,0,0.7437,0.4873,0.132,0.7401,0.5565,1
KM-102,70.03,42154,47.06,54.96,20942.0,134,2,2,0.5904,0.5425,0.9188,0.0,0.526,0
KM-120,13.86,32969,65.96,53.94,70092.2,76,2,0,0.1192,0.2646,0.114,0.0,0.1307,0
KM-106,63.09,40880,60.41,52.35,160637.3,177,2,1,0.498,0.4453,0.449,0.0,0.3754,0
KM-123,51.49,13839,53.73,96.77,119005.2,117,2,2,0.3651,0.2319,0.6263,0.7649,0.464,0
KM-117,89.49,32477,55.9,94.33,143182.8,18,3,1,0.9508,0.3387,0.3911,0.6951,0.6347,0
KM-116,81.0,8207,51.61,46.43,139505.9,97,2,3,0.756,0.2729,0.6811,0.0,0.469,0
KM-102,70.74,46517,54.32,84.31,52272.4,51,2,1,0.6004,0.5234,0.5036,0.409,0.5235,1
KM-118,30.84,5167,48.09,75.77,124201.2,83,2,1,0.1951,0.0964,0.8011,0.1648,0.2856,0
KM-114,8.25,52036,52.67,58.94,148284.5,174,1,0,0.0568,0.5246,0.7543,0.0,0.3019,0
KM-119,90.29,43146,60.41,60.46,44899.0,179,3,1,0.9653,0.4761,0.4523,0.0,0.5473,1
KM-124,76.55,66293,68.56,85.77,31831.0,101,2,0,0.686,0.7543,0.1515,0.4506,0.5491,1
KM-104,80.18,18418,52.01,54.85,176257.8,174,1,2,0.6929,0.2705,0.7807,0.0,0.4663,0
KM-125,50.52,5288,48.36,91.65,160970.5,100,0,1,0.2552,0.097,0.8158,0.6187,0.4004,0
KM-114,9.95,9694,44.65,78.3,94151.5,25,0,1,0.0099,0.1222,0.8517,0.2371,0.2518,1
KM-104,52.2,78008,54.21,46.28,120972.2,36,1,0,0.3225,0.9629,0.4855,0.0,0.4507,1
KM-106,61.8,12246,53.65,52.17,141402.6,170,1,0,0.432,0.0599,0.7091,0.0,0.308,1
KM-124,6.57,48740,62.42,50.38,85424.3,129,2,3,0.1043,0.7155,0.2966,0.0,0.2747,0
KM-101,23.71,46583,42.2,92.28,163419.4,133,1,1,0.1062,0.5243,1.0,0.6365,0.4956,0
KM-125,86.67,52013,40.41,104.26,112100.8,91,1,1,0.8011,0.6042,1.0,0.979,0.8272,1
KM-111,71.18,12156,47.25,46.1,131615.3,134,0,1,0.5066,0.1392,0.911,0.0,0.3943,0
KM-124,17.96,37652,56.86,76.01,149188.2,149,3,2,0.1822,0.4829,0.5489,0.1716,0.3286,0
KM-117,6.32,64769,46.42,73.84,156731.7,160,3,1,0.154,0.8085,0.9833,0.1098,0.4746,0
KM-111,16.93,55765,47.33,69.04,169478.0,144,1,1,0.0787,0.662,0.9229,0.0,0.3776,0
KM-114,90.87,54775,67.43,95.65,121954.5,179,1,0,0.8757,0.5666,0.2685,0.7328,0.6484,0
KM-117,30.73,41564,60.85,64.44,157342.0,141,2,1,0.1945,0.4545,0.3776,0.0,0.2572,1
KM-125,7.01,33235,64.14,83.99,162060.1,89,2,2,0.1049,0.4278,0.168,0.3997,0.2572,0
KM-121,86.93,53945,55.97,74.5,88509.9,156,3,2,0.9056,0.7137,0.5952,0.1285,0.6401,1
KM-124,25.65,46248,60.36,88.46,17088.0,45,1,0,0.1158,0.4395,0.2529,0.5274,0.3065,0
KM-125,57.56,1038,74.32,60.46,6636.7,172,4,0,0.5313,0.0015,0.258,0.0,0.2379,0
KM-116,84.66,15772,60.93,67.45,84228.6,146,2,0,0.8168,0.0875,0.3816,0.0,0.3841,0
KM-109,61.57,72499,64.07,72.82,136616.4,43,2,2,0.4791,1.0,0.1017,0.0805,0.4541,0
KM-107,60.62,13953,49.18,79.26,76878.3,140,1,1,0.4175,0.1528,0.8429,0.2645,0.4058,0
KM-101,11.07,63249,55.1,69.67,109379.0,171,0,2,0.0123,0.863,0.6527,0.0,0.3506,0
KM-105,73.19,32000,74.97,61.4,102408.3,68,0,0,0.5356,0.253,0.102,0.0,0.2711,0
KM-110,41.7,54159,64.22,59.68,170113.1,20,1,0,0.2239,0.557,0.0612,0.0,0.2299,1
KM-111,75.91,57500,48.84,73.59,78217.2,105,1,2,0.6263,0.7693,0.8039,0.1025,0.5928,0
KM-101,93.13,13198,67.61,86.52,119638.9,64,1,0,0.9173,0.067,0.096,0.472,0.4514,0
KM-114,45.29,77363,56.24,83.48,70285.9,151,1,0,0.2551,0.951,0.5767,0.3851,0.5194,0
KM-121,62.95,53170,53.0,61.88,140601.0,60,0,0,0.3962,0.5418,0.5699,0.0,0.3881,0
KM-122,76.31,76811,53.35,72.98,57230.2,13,0,0,0.5823,0.9408,0.4856,0.085,0.5532,0
KM-108,66.69,49029,52.13,48.9,102493.3,39,1,0,0.4948,0.4798,0.5732,0.0,0.4078,0
KM-111,13.58,79959,63.56,47.55,28936.4,166,0,1,0.0184,1.0,0.3065,0.0,0.3177,1
KM-102,46.65,42185,60.63,88.02,69915.9,80,2,3,0.3177,0.6229,0.2948,0.5148,0.4288,0
KM-116,10.83,60821,43.87,99.32,66246.1,91,0,3,0.0117,0.9029,0.9818,0.8379,0.5938,0
KM-109,89.91,12638,69.18,89.33,65196.2,94,1,1,0.8584,0.1428,0.141,0.5523,0.4748,0
KM-103,42.84,7043,44.21,94.1,98563.4,155,1,2,0.2335,0.1861,1.0,0.6886,0.466,1
KM-109,40.84,64612,56.44,61.19,62440.7,9,0,1,0.1668,0.8058,0.3561,0.0,0.331,0
KM-113,55.43,35157,44.18,79.41,73885.0,94,1,0,0.3572,0.2913,0.9739,0.269,0.4464,0
KM-102,47.84,70981,45.52,71.04,121890.9,53,2,1,0.3289,0.9158,0.8586,0.0298,0.5217,0
KM-106,23.22,11210,63.37,75.53,128329.5,165,3,0,0.2039,0.0525,0.3126,0.158,0.1786,0
KM-124,13.42,51817,40.66,92.89,119417.3,41,0,1,0.018,0.6013,1.0,0.654,0.4874,1
KM-111,69.93,5717,44.76,73.9,149981.5,97,4,0,0.6891,0.0191,0.955,0.1114,0.4592,0
KM-113,75.33,12349,40.95,89.0,142167.7,148,1,0,0.6174,0.0606,1.0,0.5429,0.5398,0
KM-105,25.65,8839,73.71,63.85,67019.2,152,0,2,0.0658,0.1967,0.228,0.0,0.1178,0
KM-106,82.1,37562,66.98,79.72,168483.5,99,3,0,0.8241,0.3217,0.1485,0.2777,0.4541,0
KM-103,35.31,38667,72.29,78.44,97138.4,76,2,1,0.2247,0.416,0.114,0.241,0.2537,0
KM-101,52.31,56126,47.41,46.63,174855.3,65,0,2,0.2737,0.7476,0.8009,0.0,0.4429,1
KM-108,65.7,62889,57.82,63.37,168045.8,60,3,1,0.5817,0.777,0.3774,0.0,0.4733,1
KM-107,87.44,73459,71.05,81.61,145509.1,172,1,0,0.8146,0.8799,0.258,0.3316,0.623,0
KM-116,70.9,52507,48.84,83.91,138404.2,169,2,0,0.6026,0.5317,0.8999,0.3973,0.6033,0
KM-109,50.39,31766,65.49,63.09,66846.6,86,0,0,0.2539,0.2502,0.129,0.0,0.1772,1
KM-122,59.95,42688,69.53,78.2,131921.3,39,3,0,0.5094,0.3898,0.0585,0.2343,0.3343,0
KM-115,9.32,25527,47.38,53.65,58194.7,148,2,0,0.1087,0.1802,0.927,0.0,0.2685,0
KM-116,81.94,4666,61.4,61.89,77045.3,110,1,0,0.7214,0.0141,0.3091,0.0,0.3178,0
KM-108,94.12,69407,53.51,60.45,109695.4,111,0,0,0.8858,0.8081,0.6259,0.0,0.6372,0
KM-124,41.32,32856,64.03,104.15,29131.6,108,1,2,0.2207,0.4232,0.2006,0.9757,0.4183,0
KM-105,27.12,6940,51.21,81.93,175033.7,50,1,1,0.1236,0.1056,0.6265,0.3407,0.2631,0
KM-122,15.37,12093,55.81,104.7,58389.5,171,1,0,0.0736,0.0588,0.6241,0.9914,0.3636,1
KM-103,35.26,5241,59.54,50.83,105102.8,89,2,1,0.2243,0.0968,0.3519,0.0,0.1731,0
KM-123,18.34,58947,72.8,69.32,119461.3,146,1,1,0.0836,0.7125,0.219,0.0,0.2512,0
KM-105,58.76,77699,55.35,60.59,153475.8,49,0,0,0.3453,0.9572,0.4594,0.0,0.452,0
KM-106,55.08,56813,51.32,78.85,67430.0,178,4,1,0.5034,0.6785,0.8142,0.2528,0.5592,1
KM-107,77.14,69677,52.18,90.72,15449.3,158,2,1,0.6951,0.8928,0.7498,0.5921,0.7349,0
KM-103,26.23,32858,59.15,52.75,75124.3,167,6,1,0.3688,0.3432,0.4846,0.0,0.3118,0
KM-104,5.14,32898,65.21,69.37,29966.9,29,2,0,0.1026,0.2637,0.0435,0.0,0.1106,0
KM-118,68.64,59116,51.87,50.91,36244.4,38,3,1,0.6212,0.7152,0.5823,0.0,0.5127,0
KM-124,77.9,32701,47.37,45.21,32434.7,14,2,0,0.7068,0.2613,0.726,0.0,0.4579,1
KM-101,78.78,8549,71.95,77.42,65975.7,40,1,0,0.6707,0.0349,0.06,0.2119,0.2979,0
KM-121,21.45,39513,50.06,67.26,62496.0,122,2,0,0.146,0.3471,0.7807,0.0,0.294,0
KM-122,76.22,23418,51.95,96.44,177995.3,104,1,0,0.631,0.1584,0.6779,0.7555,0.5471,1
KM-119,87.7,18024,52.17,67.02,84703.6,32,3,1,0.9191,0.1869,0.5613,0.0,0.4807,1
KM-101,71.95,1346,43.89,78.11,113609.4,96,4,2,0.7176,0.1622,0.9885,0.2316,0.5357,1
KM-112,73.66,19883,63.38,100.17,83076.4,18,2,2,0.6425,0.2839,0.0916,0.8619,0.4866,0
KM-116,30.7,74109,65.29,90.13,131567.4,124,2,1,0.1943,0.9716,0.186,0.5751,0.4631,0
KM-113,22.25,45895,43.49,93.12,14426.8,118,1,0,0.0995,0.4345,1.0,0.6607,0.4756,0
KM-112,55.32,3192,59.01,78.16,124938.1,63,1,0,0.356,0.008,0.3343,0.2332,0.2401,0
KM-112,87.76,34006,50.78,82.55,35569.3,17,1,1,0.8202,0.3571,0.5945,0.3586,0.567,0
KM-122,34.03,43866,47.19,81.58,122946.1,64,0,1,0.1158,0.486,0.8083,0.3309,0.3899,0
KM-118,58.46,32087,65.74,97.21,32380.7,119,2,0,0.4418,0.254,0.1785,0.7773,0.4093,0
KM-125,81.08,73060,61.49,93.62,136771.9,179,1,0,0.7074,0.8727,0.4088,0.6748,0.6825,1
KM-113,94.17,22727,46.34,50.26,154568.7,77,2,0,0.9868,0.1514,0.8618,0.0,0.5556,0
KM-122,94.18,41562,45.93,63.91,152731.2,127,1,0,0.9369,0.3745,0.9533,0.0,0.6122,1
KM-123,34.65,64616,61.86,78.76,98932.8,14,2,0,0.2201,0.7259,0.1467,0.2503,0.3379,0
KM-116,24.9,63248,47.64,84.45,57768.2,75,1,0,0.112,0.703,0.8069,0.4129,0.4589,0
KM-113,74.01,49248,41.83,79.73,179856.0,28,0,2,0.5477,0.643,0.9688,0.2779,0.6018,1
KM-120,66.4,4101,49.01,67.74,144173.6,124,2,0,0.541,0.0116,0.8255,0.0,0.3573,0
KM-113,15.82,21242,63.67,71.3,13062.4,74,2,1,0.125,0.2168,0.1643,0.0372,0.1383,0
KM-112,19.4,38140,59.58,46.33,114979.2,2,5,0,0.2876,0.3292,0.2197,0.0,0.2269,0
KM-108,81.14,29631,43.45,62.15,29557.7,107,0,0,0.6584,0.2254,1.0,0.0,0.4868,0
KM-106,64.3,45665,40.52,56.97,60680.1,3,0,0,0.4134,0.4313,0.9838,0.0,0.4493,0
KM-101,5.81,6765,52.69,91.21,65187.6,4,2,0,0.1034,0.0246,0.4984,0.606,0.2632,1
KM-120,67.97,68903,47.39,50.09,99778.8,101,2,3,0.562,1.0,0.8558,0.0,0.6179,0
KM-113,85.36,70656,44.65,87.92,176339.6,34,0,0,0.7286,0.83,0.8648,0.5119,0.7379,0
KM-111,67.91,19230,59.85,92.88,61074.7,9,3,0,0.6112,0.1179,0.2195,0.6538,0.4181,0
KM-111,24.57,46272,70.26,92.24,154228.9,2,0,0,0.0604,0.4399,0.003,0.6354,0.2588,0
KM-117,68.48,79353,59.2,59.75,138796.2,118,1,1,0.519,1.0,0.4089,0.0,0.5134,1
KM-104,50.63,29476,70.34,78.88,154549.3,119,3,1,0.4063,0.3036,0.1785,0.2537,0.3046,1
KM-114,25.44,60989,40.36,97.16,26024.1,91,0,0,0.0647,0.6656,1.0,0.7759,0.5442,0
KM-112,19.71,38783,48.56,89.07,163881.4,115,2,2,0.1388,0.4975,0.8301,0.5449,0.448,1
KM-109,8.46,51220,74.84,53.97,79777.9,87,0,4,0.0072,0.8323,0.1305,0.0,0.2367,0
KM-102,74.65,26346,61.69,96.04,45593.5,118,1,1,0.6072,0.269,0.3095,0.744,0.4905,0
KM-107,47.77,51034,47.65,75.85,49686.2,85,1,1,0.2782,0.5895,0.8215,0.1671,0.4425,0
KM-110,37.0,37057,71.01,52.6,5378.0,141,1,0,0.1869,0.3153,0.2115,0.0,0.1865,0
KM-108,27.26,66597,41.97,93.79,34854.8,116,0,2,0.0743,0.9195,1.0,0.6797,0.5918,1
KM-125,62.56,60395,62.32,93.26,125379.4,31,2,1,0.4914,0.7359,0.1539,0.6645,0.5196,0
KM-106,53.81,64387,61.11,90.01,163621.3,133,1,0,0.3395,0.722,0.3553,0.5717,0.4847,0
KM-102,88.95,39575,44.15,72.6,131609.9,21,2,0,0.8912,0.3479,0.8656,0.0742,0.5868,0
KM-112,72.78,70532,67.02,90.04,152485.2,64,3,0,0.6798,0.8278,0.096,0.5726,0.5786,0
KM-121,51.84,34006,64.44,53.69,163169.6,22,1,1,0.3188,0.3571,0.0556,0.0,0.212,0
KM-105,90.06,36311,66.37,93.0,171564.1,31,3,0,0.961,0.3058,0.0465,0.6572,0.5535,0
KM-114,8.73,2707,62.5,68.77,111184.8,90,3,1,0.1576,0.0862,0.2348,0.0,0.1237,0
KM-114,80.18,39171,42.92,49.6,106764.2,158,1,1,0.6929,0.4226,1.0,0.0,0.5482,0
KM-124,84.95,13287,63.81,102.79,66052.3,141,3,0,0.8716,0.0677,0.259,0.937,0.5612,1
KM-118,8.59,68648,49.91,104.94,62279.3,94,0,0,0.0074,0.7949,0.7446,0.9982,0.5499,0
KM-111,33.07,12427,54.81,87.04,12567.5,158,0,0,0.1094,0.0612,0.6445,0.4868,0.2799,0
KM-119,59.61,15374,40.24,45.41,99171.0,5,0,1,0.3553,0.1642,0.9981,0.0,0.365,1
KM-113,68.1,2052,44.93,68.05,105179.9,138,0,4,0.4637,0.3241,1.0,0.0,0.4433,1
KM-125,76.08,52165,65.5,74.28,85314.4,4,2,1,0.6788,0.6065,0.006,0.1222,0.4149,0
KM-113,64.13,32096,43.07,93.15,167874.2,27,3,0,0.5612,0.2541,0.9175,0.6614,0.5757,0
KM-125,94.54,11125,62.65,83.69,122866.7,103,2,0,0.9938,0.0519,0.2485,0.3912,0.4887,0
KM-106,16.24,59192,59.55,75.04,51619.5,109,3,2,0.1764,0.7964,0.3816,0.1441,0.366,0
KM-118,17.44,24670,51.56,50.63,126153.7,58,5,0,0.2804,0.1712,0.6245,0.0,0.2659,0
KM-106,33.59,69438,41.03,69.63,9730.1,127,2,0,0.2128,0.8087,1.0,0.0,0.4767,0
KM-116,70.63,47509,47.37,53.27,138423.3,134,1,1,0.5488,0.5376,0.9061,0.0,0.5077,0
KM-108,57.78,18597,71.1,102.13,168645.0,108,1,0,0.3838,0.1121,0.162,0.9179,0.3783,0
KM-109,36.96,21577,60.81,84.5,48572.8,96,2,1,0.2366,0.2201,0.3115,0.4144,0.283,1
KM-108,90.03,51548,65.33,70.34,98785.4,56,4,0,1.0,0.5172,0.084,0.0096,0.498,0
KM-103,67.76,22366,74.5,93.02,166721.2,148,1,1,0.5091,0.2278,0.222,0.6576,0.4111,0
KM-122,65.95,67204,65.68,102.68,83507.2,46,2,0,0.5349,0.7699,0.069,0.9337,0.5802,1
KM-114,93.33,30140,52.88,100.02,79084.3,70,0,1,0.871,0.3112,0.5897,0.8577,0.6722,1
KM-122,28.39,66436,46.53,65.16,114271.0,124,3,0,0.2306,0.7568,0.925,0.0,0.4549,0
KM-115,24.57,72698,67.43,70.05,5245.4,8,1,0,0.1104,0.8663,0.012,0.0014,0.2579,0
KM-107,51.99,29547,60.94,92.31,32752.5,158,1,0,0.3203,0.2245,0.3995,0.6375,0.3756,1
KM-119,91.28,73112,65.4,99.69,14866.8,32,3,1,0.9833,0.9537,0.048,0.8482,0.7618,1
KM-116,88.64,62216,50.13,85.33,24620.3,100,3,2,0.9358,0.8458,0.745,0.438,0.7756,0
KM-108,94.38,6516,44.35,56.03,99094.4,58,3,0,1.0,0.0232,0.913,0.0,0.5384,0
KM-107,74.2,23727,59.2,67.88,55337.1,124,1,0,0.6005,0.1615,0.4179,0.0,0.3341,0
KM-121,83.78,52524,45.2,70.0,132432.4,47,1,0,0.752,0.532,0.8625,0.0001,0.5687,0
KM-112,9.18,74360,65.52,95.07,89969.6,142,3,1,0.1584,0.9761,0.213,0.7162,0.4853,0
KM-102,72.9,35907,69.88,102.22,62341.0,45,3,2,0.6815,0.4607,0.0675,0.9205,0.5513,0
KM-117,50.58,12603,55.88,88.42,10853.3,179,1,2,0.3058,0.2225,0.6332,0.5262,0.3946,0
KM-102,42.97,72875,66.26,101.24,128245.8,108,3,1,0.3346,0.9494,0.162,0.8926,0.5654,1
KM-122,28.98,10108,64.79,61.71,31310.2,74,4,2,0.284,0.2049,0.1196,0.0,0.1745,1
KM-125,61.25,6773,60.75,56.21,148222.6,164,2,1,0.4751,0.1046,0.416,0.0,0.2756,0
KM-108,25.99,7772,71.4,53.92,125140.9,61,1,0,0.1175,0.0303,0.0915,0.0,0.067,0
KM-125,16.86,48872,56.51,99.89,137229.9,106,0,1,0.0284,0.5575,0.4985,0.8541,0.4198,0
KM-102,24.49,9408,68.44,98.74,47113.9,31,2,0,0.16,0.0403,0.0465,0.8212,0.2396,0
KM-113,91.75,5257,50.52,74.6,43851.9,63,0,0,0.8419,0.0168,0.6735,0.1314,0.4598,1
KM-104,55.37,64168,65.54,48.39,108575.0,134,2,0,0.4066,0.7184,0.201,0.0,0.3621,0
KM-118,50.16,25275,56.13,52.56,81886.1,54,2,1,0.3516,0.2576,0.436,0.0,0.2747,0
KM-101,55.7,15802,52.15,95.93,139075.0,179,2,1,0.4102,0.1678,0.7825,0.7409,0.4902,0
KM-118,50.05,24480,70.88,49.92,69811.5,171,2,0,0.3505,0.1693,0.2565,0.0,0.2163,0
KM-114,81.07,64211,48.3,92.98,32078.1,53,1,0,0.7072,0.7191,0.7477,0.6567,0.7082,1
KM-108,23.52,40852,73.37,89.12,132169.8,70,3,1,0.2053,0.4449,0.105,0.5464,0.3134,0
KM-110,84.82,49978,68.94,71.26,42977.9,31,3,4,0.8694,0.8138,0.0465,0.0361,0.5243,1
KM-118,20.6,71945,74.95,49.42,117516.4,36,1,0,0.0924,0.8528,0.054,0.0,0.2564,0
KM-113,27.49,1523,51.06,65.5,74537.6,176,2,1,0.1756,0.0826,0.8218,0.0,0.2465,1
KM-111,10.41,54017,43.95,101.66,119817.7,100,2,0,0.1108,0.5548,0.9922,0.9046,0.5568,1
KM-112,6.52,63629,65.07,84.08,80830.6,94,0,1,0.0042,0.7893,0.141,0.4023,0.3075,0
KM-109,79.98,34984,50.21,84.39,149476.7,128,2,2,0.7397,0.4492,0.7835,0.4112,0.6101,0
KM-111,45.74,70966,61.08,46.08,5711.5,29,1,1,0.2593,0.9155,0.2001,0.0,0.3596,0
KM-112,12.73,40876,46.01,72.45,30908.4,11,1,0,0.0662,0.3652,0.7759,0.07,0.2837,1
KM-125,62.8,23632,64.89,87.76,82794.1,26,2,1,0.4944,0.2406,0.0435,0.5075,0.3434,0
KM-103,84.96,29507,61.98,70.0,164208.6,135,1,1,0.7718,0.304,0.3231,0.0,0.4108,0
KM-117,25.44,19951,63.2,48.78,113934.6,51,1,0,0.1147,0.1245,0.1484,0.0,0.101,0
KM-115,59.51,40833,68.69,72.43,57638.0,122,0,2,0.3542,0.5247,0.183,0.0693,0.3056,0
KM-122,39.7,58420,70.71,60.98,113808.1,97,1,0,0.2076,0.624,0.1455,0.0,0.2578,0
KM-101,10.14,78213,40.4,47.28,155265.6,30,1,0,0.0603,0.9667,1.0,0.0,0.4628,1
KM-110,62.63,39690,69.59,87.81,122305.4,121,1,2,0.4423,0.5095,0.1815,0.5088,0.4202,0
KM-124,15.73,60123,42.78,61.58,58235.5,10,3,0,0.1747,0.6515,0.9037,0.0,0.4048,0
KM-103,65.4,22424,54.72,64.36,102554.6,82,2,1,0.5277,0.2284,0.5344,0.0,0.3487,0
KM-104,72.71,60911,42.11,100.34,160544.7,35,0,0,0.5287,0.6644,0.9682,0.8669,0.7182,0
KM-118,63.83,2421,43.04,99.4,49861.9,21,5,0,0.6575,0.0053,0.9101,0.84,0.5814,0
KM-117,20.95,46207,59.53,51.9,9724.3,52,0,1,0.0439,0.519,0.2969,0.0,0.2045,0
KM-116,14.47,13747,49.14,98.91,114600.1,120,1,2,0.0709,0.2312,0.8145,0.8259,0.4107,0
KM-120,26.07,69346,64.01,58.11,119608.6,34,2,0,0.168,0.807,0.0908,0.0,0.2787,1
KM-114,86.74,73693,72.95,70.42,110216.5,50,1,1,0.8023,0.9641,0.075,0.0121,0.5393,1
KM-110,13.73,18235,60.71,65.01,84146.7,72,6,0,0.3189,0.1088,0.2795,0.0,0.1947,0
KM-103,71.16,2423,69.69,102.63,104644.3,172,0,1,0.5064,0.0853,0.258,0.9324,0.4366,1
KM-107,70.88,17881,52.3,83.03,116008.5,99,2,0,0.6024,0.1057,0.6565,0.3723,0.443,0
KM-102,31.32,31908,61.58,65.39,145747.8,89,1,2,0.1481,0.4119,0.2703,0.0,0.2089,0
KM-118,23.22,19676,40.75,47.17,178551.7,158,1,0,0.1039,0.122,1.0,0.0,0.2669,0
KM-113,38.31,19609,70.32,89.8,118133.1,6,3,0,0.2968,0.1214,0.009,0.5658,0.2492,0
KM-116,57.29,12238,40.5,92.67,154380.5,61,0,1,0.3283,0.1398,1.0,0.6477,0.4794,0
KM-112,86.58,47270,49.07,67.42,31277.4,50,0,0,0.7497,0.4542,0.712,0.0,0.5183,1
KM-111,80.32,10145,44.57,81.65,125422.0,171,0,1,0.6452,0.1252,1.0,0.3329,0.5237,1
KM-124,41.52,31412,61.94,103.59,47992.2,94,1,2,0.2224,0.406,0.2635,0.9598,0.424,0
KM-124,60.42,10905,55.32,96.42,73678.8,71,3,1,0.5151,0.1303,0.4936,0.7547,0.4625,0
KM-118,80.84,57745,52.9,78.02,78066.8,81,0,3,0.6535,0.8532,0.6054,0.2292,0.609,0
KM-115,89.38,1388,40.07,92.63,152577.3,12,2,1,0.8988,0.0823,1.0,0.6467,0.6645,0
KM-106,31.31,22014,57.03,73.44,57859.2,135,2,2,0.198,0.3043,0.5213,0.0983,0.2693,1
KM-125,50.32,72998,45.25,68.38,67108.2,32,4,1,0.4532,0.9516,0.838,0.0,0.5641,0
KM-112,48.93,36166,63.57,65.84,137840.1,165,0,1,0.2394,0.384,0.3046,0.0,0.2407,0
KM-118,43.21,71977,48.23,66.43,11180.4,7,2,0,0.2867,0.8534,0.6812,0.0,0.4499,1
KM-120,77.42,37492,58.57,98.85,93807.6,82,1,1,0.6493,0.4008,0.3802,0.8243,0.5684,1
KM-106,19.23,35377,60.76,81.53,46765.8,137,0,0,0.037,0.2941,0.3751,0.3295,0.2274,0
KM-120,39.38,31624,68.64,79.89,20920.7,169,3,1,0.3051,0.3285,0.2535,0.2825,0.2961,1
KM-125,24.98,11827,48.39,47.96,167131.5,99,0,1,0.0624,0.1368,0.8127,0.0,0.2186,0
KM-107,58.2,22556,58.8,79.12,97307.0,76,0,1,0.3387,0.2297,0.362,0.2607,0.3005,0
KM-108,64.08,16115,67.35,75.75,120006.0,54,1,0,0.4607,0.0904,0.081,0.1643,0.2329,0
KM-120,64.43,68203,59.12,94.71,42277.8,128,0,1,0.4151,0.8672,0.4273,0.7059,0.5887,0
KM-110,29.38,60778,66.74,63.41,46844.1,151,1,0,0.1363,0.6622,0.2265,0.0,0.2586,0
KM-116,41.13,58819,51.96,45.52,95478.6,157,3,0,0.3191,0.6304,0.7569,0.0,0.4207,0
KM-121,66.98,49112,43.84,71.02,80387.3,174,2,0,0.5487,0.481,1.0,0.0291,0.5181,1
KM-103,61.11,76794,43.39,57.83,5435.5,51,1,0,0.4234,0.9405,0.9408,0.0,0.5715,0
KM-111,94.48,3500,53.61,94.74,90691.6,103,1,0,0.9426,0.0092,0.6103,0.7069,0.5956,0
KM-118,49.71,52907,40.1,81.72,171715.9,138,3,0,0.3971,0.5378,1.0,0.335,0.5404,0
KM-117,5.86,25836,54.82,95.87,151718.6,67,1,0,0.0534,0.1835,0.5076,0.7392,0.3139,0
KM-113,77.83,67599,48.91,89.98,40406.8,52,2,0,0.7057,0.7767,0.7214,0.571,0.6997,0
KM-125,22.96,29946,44.16,75.91,179931.6,144,1,0,0.1027,0.229,1.0,0.1688,0.327,0
KM-118,71.85,41326,53.45,55.27,160325.1,93,1,0,0.5663,0.3713,0.6014,0.0,0.4113,0
KM-104,24.8,20780,60.6,91.19,170730.8,98,1,0,0.1115,0.1324,0.3229,0.6056,0.2578,0
KM-102,86.92,39807,53.86,79.95,89890.7,65,2,2,0.8555,0.511,0.543,0.2842,0.5926,0
KM-113,68.04,56840,68.37,54.74,84982.6,51,1,0,0.513,0.5989,0.0765,0.0,0.3446,0
KM-106,60.75,43980,69.29,78.1,90724.0,175,0,0,0.369,0.4076,0.2625,0.2315,0.3299,0
KM-125,16.27,15905,68.06,59.21,91325.8,121,3,2,0.1765,0.2486,0.1815,0.0,0.1602,0
KM-113,67.3,12476,63.63,88.07,80509.6,164,2,0,0.5529,0.0616,0.3009,0.5162,0.3723,0
KM-104,71.03,73410,70.52,68.92,7197.8,50,1,0,0.5545,0.879,0.075,0.0,0.4288,1
KM-111,21.2,71623,45.91,101.07,84592.5,3,6,0,0.3449,0.8471,0.7681,0.8879,0.6637,0
KM-110,63.35,11709,70.47,72.37,68590.2,47,3,0,0.5513,0.056,0.0705,0.0678,0.2346,0
KM-121,20.18,30289,53.07,72.73,39276.0,39,2,1,0.1407,0.313,0.5356,0.0781,0.2502,0
KM-125,92.08,76720,53.69,48.27,161971.6,164,4,0,1.0,0.9391,0.6986,0.0,0.7245,0
KM-111,88.46,71976,52.57,73.25,137082.5,90,0,1,0.7825,0.9334,0.6321,0.0929,0.6522,0
KM-112,68.86,21835,58.61,60.79,36194.3,72,0,1,0.4741,0.2226,0.3634,0.0,0.2943,0
KM-123,55.52,31173,74.89,67.55,159581.2,84,1,1,0.3583,0.3232,0.126,0.0,0.2314,0
KM-113,84.05,39733,49.11,74.37,15734.3,9,0,0,0.7065,0.35,0.649,0.1249,0.4896,1
KM-122,46.94,33918,70.1,100.33,121375.2,122,1,0,0.2703,0.2761,0.183,0.8665,0.3735,1
KM-114,72.68,57026,43.38,100.11,122015.6,63,2,1,0.6282,0.6818,0.9594,0.8602,0.7543,0
KM-112,27.66,6544,42.29,63.3,80293.0,77,1,0,0.1265,0.0234,1.0,0.0,0.2501,1
KM-122,16.19,39055,73.65,56.57,164128.0,71,2,0,0.1262,0.3411,0.1065,0.0,0.1507,0
KM-101,77.83,13696,65.49,53.52,34396.8,98,1,1,0.6557,0.1508,0.147,0.0,0.2966,0
KM-102,71.33,9346,74.73,66.76,119332.8,129,2,0,0.6089,0.0399,0.1935,0.0,0.2618,0
KM-114,53.56,29181,41.79,85.84,99730.4,169,1,2,0.3369,0.3803,1.0,0.4525,0.5035,0
KM-109,14.38,26753,66.95,80.43,165754.1,132,1,0,0.0707,0.1934,0.198,0.298,0.1723,0
KM-110,71.14,24915,74.89,53.45,173339.0,3,3,2,0.6561,0.3338,0.0045,0.0,0.314,0
KM-123,25.51,54792,58.1,75.7,104605.3,103,4,0,0.2651,0.5668,0.4303,0.1627,0.3531,0
KM-109,6.43,79278,51.33,73.81,159127.5,150,3,2,0.1541,1.0,0.7717,0.1089,0.4801,0
KM-124,55.45,48153,60.18,53.69,145575.6,98,1,0,0.3575,0.467,0.3398,0.0,0.3098,1
KM-117,16.78,13370,46.06,93.34,99086.5,122,4,1,0.2282,0.1483,0.9408,0.6667,0.4384,1
KM-124,88.41,4366,66.75,66.56,50768.9,166,0,0,0.7816,0.0127,0.249,0.0,0.3265,0
KM-120,77.25,56983,57.56,91.18,116372.7,19,3,0,0.7468,0.6012,0.3261,0.6052,0.5979,0
KM-102,63.21,22420,66.52,78.65,32854.2,106,3,3,0.5495,0.3884,0.159,0.2471,0.3706,0
KM-109,64.23,56100,48.86,99.29,19885.3,169,3,0,0.5626,0.5872,0.899,0.8368,0.6909,1
KM-107,7.41,74157,62.19,57.65,31146.1,179,2,0,0.1055,0.8925,0.3811,0.0,0.3363,0
KM-110,13.05,58816,61.48,66.98,139384.7,30,1,0,0.067,0.6304,0.1859,0.0,0.2182,0
KM-101,11.7,6387,72.19,99.86,6895.0,118,1,1,0.0637,0.1026,0.177,0.853,0.2539,0
KM-123,11.54,70752,53.79,57.63,75634.4,23,0,1,0.0133,0.9117,0.4829,0.0,0.3292,0
KM-112,22.73,55235,44.71,91.5,93221.9,69,1,1,0.1017,0.6537,0.915,0.6142,0.5049,1
KM-102,57.96,12448,49.08,73.97,138280.3,4,2,0,0.4359,0.0614,0.6427,0.1136,0.3192,1
KM-112,65.47,12569,53.09,81.47,177534.9,149,0,0,0.4286,0.0623,0.6999,0.3277,0.3711,0
KM-107,28.96,36331,44.72,51.73,155004.6,151,2,0,0.1838,0.306,1.0,0.0,0.3409,0
KM-104,77.95,55153,40.94,48.01,61813.3,51,2,1,0.7077,0.6524,1.0,0.0,0.6108,0
KM-124,67.48,22940,69.76,53.03,84714.0,13,3,0,0.6054,0.1536,0.0195,0.0,0.2542,0
KM-124,49.63,1661,62.53,59.96,91555.6,68,3,0,0.3963,0.003,0.2007,0.0,0.1796,0
KM-122,57.87,17590,74.86,68.04,154471.9,145,1,0,0.3849,0.1031,0.2175,0.0,0.204,0
KM-115,56.81,17641,61.68,91.57,170014.9,77,2,0,0.4227,0.1035,0.2485,0.6162,0.3468,0
KM-124,77.03,67280,45.67,84.37,87962.9,107,3,0,0.7433,0.7712,0.9335,0.4105,0.7218,1
KM-110,31.13,11007,64.6,78.09,102267.4,121,1,0,0.1469,0.051,0.1974,0.2311,0.1499,0
KM-107,79.34,63885,60.43,79.15,87306.6,3,2,0,0.7295,0.7136,0.1875,0.2615,0.5235,1
KM-103,45.77,24999,68.97,77.85,133007.1,118,1,0,0.2595,0.1747,0.177,0.2244,0.2148,0
KM-122,82.03,60024,74.24,76.56,50622.0,100,1,1,0.723,0.7299,0.15,0.1873,0.503,0
KM-113,18.97,28011,56.44,97.96,157469.9,90,2,2,0.136,0.3672,0.4773,0.7989,0.3946,0
KM-103,69.89,61901,54.64,78.07,163542.0,150,0,1,0.4885,0.7606,0.6393,0.2307,0.5351,1
KM-103,51.42,34246,44.0,53.62,52664.3,160,1,1,0.3144,0.3601,1.0,0.0,0.4001,1
KM-112,78.75,21102,71.08,87.24,17790.2,161,2,0,0.7202,0.1355,0.2415,0.4925,0.4327,0
KM-117,90.13,40260,74.89,61.18,29684.3,11,1,1,0.8624,0.437,0.0165,0.0,0.4144,0
KM-122,64.35,13034,45.52,76.86,39259.7,88,2,1,0.5141,0.1458,0.9113,0.196,0.4378,0
KM-122,72.54,8852,52.02,48.68,25664.7,1,2,0,0.6262,0.0368,0.5207,0.0,0.3325,0
KM-116,38.07,44292,67.0,91.63,109989.9,115,2,2,0.2449,0.572,0.1725,0.6179,0.3868,0
KM-116,54.15,25725,48.68,92.62,91892.0,58,1,0,0.3432,0.1823,0.7396,0.6461,0.4429,0
KM-122,77.65,12258,42.68,101.28,67873.0,113,3,0,0.7529,0.06,1.0,0.8938,0.6573,0
KM-107,36.43,79272,73.41,62.69,90559.7,54,1,0,0.1827,0.9864,0.081,0.0,0.3267,0
KM-121,76.03,65712,55.17,76.83,83651.6,75,0,0,0.578,0.7444,0.5059,0.195,0.5286,1
KM-104,55.35,14029,60.97,66.69,128478.2,125,2,1,0.4064,0.1534,0.3487,0.0,0.2503,0
KM-111,32.49,10787,49.29,75.11,151599.8,22,0,0,0.1056,0.0495,0.6616,0.1461,0.2109,1
KM-117,34.24,70578,50.8,59.82,163444.5,110,1,2,0.1672,0.9886,0.7331,0.0,0.4523,0
KM-117,6.53,19794,49.15,97.1,10191.1,21,2,1,0.1043,0.2031,0.6656,0.7744,0.3753,0
KM-108,47.59,10757,49.01,55.91,5473.9,27,2,1,0.3265,0.1293,0.6799,0.0,0.2826,0
KM-111,47.79,53016,65.13,73.41,163222.7,140,1,1,0.2784,0.6195,0.21,0.0973,0.3138,0
KM-110,12.09,3792,50.63,67.99,143488.9,66,1,0,0.0646,0.0103,0.6739,0.0,0.16,0
KM-111,21.68,69311,50.09,85.8,16968.0,121,1,1,0.097,0.8864,0.7779,0.4513,0.5014,0
KM-109,36.9,45639,50.81,47.94,36629.6,43,3,0,0.2861,0.4309,0.6322,0.0,0.3343,1
KM-101,93.35,29907,71.15,100.18,174122.3,157,0,0,0.8713,0.2286,0.2355,0.8622,0.5817,1
KM-105,90.79,33294,62.19,49.26,35683.7,30,0,0,0.8242,0.2685,0.1574,0.0,0.3871,0
KM-106,94.0,76124,58.92,56.52,155291.5,35,1,0,0.9336,0.9282,0.2957,0.0,0.618,1
KM-110,39.36,44015,64.89,74.1,127620.6,136,3,1,0.3049,0.4881,0.2085,0.1171,0.2939,1
KM-124,25.51,69061,72.81,78.55,5977.1,25,0,0,0.0651,0.8021,0.0375,0.2443,0.2796,1
KM-108,31.73,15350,51.25,56.14,74272.2,128,1,2,0.1507,0.244,0.7421,0.0,0.2622,0
KM-112,43.98,41698,54.53,57.99,9709.4,134,1,3,0.2434,0.6163,0.6199,0.0,0.3633,1
KM-111,94.53,18581,65.25,48.64,138102.3,106,3,0,1.0,0.1119,0.159,0.0,0.4098,1
KM-117,10.84,42573,44.6,74.34,74773.1,80,1,1,0.0617,0.4682,0.936,0.1241,0.3507,0
KM-109,72.13,67559,56.7,104.91,72886.1,165,2,0,0.6203,0.7761,0.5796,0.9975,0.7265,0
KM-111,24.31,36504,59.1,96.73,124896.3,117,3,0,0.2091,0.3082,0.4117,0.7638,0.3853,1
KM-107,28.42,45714,64.43,102.35,66249.2,25,2,0,0.1808,0.432,0.0603,0.9243,0.3682,0
KM-107,8.69,25646,65.57,64.19,83890.0,43,2,0,0.1076,0.1815,0.0645,0.0,0.0959,0
KM-109,50.12,53598,65.64,104.48,50516.4,167,4,2,0.4512,0.7084,0.2505,0.9851,0.5821,0
KM-109,33.39,13473,41.59,57.87,141281.4,25,0,0,0.1115,0.0691,0.9738,0.0,0.2511,0
KM-118,78.97,9756,70.14,50.73,132640.8,2,2,1,0.7236,0.1226,0.003,0.0,0.2845,0
KM-108,27.95,21125,42.01,82.1,81273.1,170,1,0,0.1281,0.1357,1.0,0.3457,0.3479,1
KM-119,61.27,27834,55.3,69.73,30434.6,12,0,1,0.3754,0.2852,0.406,0.0,0.2839,0
KM-102,28.46,15265,57.28,45.05,155979.5,24,0,3,0.081,0.3234,0.3447,0.0,0.1781,0
KM-118,37.2,78835,59.79,93.57,28389.2,16,1,0,0.1884,0.9782,0.2324,0.6733,0.4916,1
KM-110,27.63,74334,57.49,100.72,9281.1,123,0,0,0.0763,0.8957,0.4848,0.8777,0.5231,0
KM-102,8.9,55433,64.14,95.27,72158.1,105,1,0,0.0579,0.5768,0.1919,0.722,0.3472,0
KM-123,12.07,16421,48.36,79.35,35181.2,65,1,2,0.0646,0.253,0.7632,0.2671,0.2919,0
KM-101,75.06,25666,61.01,76.27,134021.9,83,3,0,0.7133,0.1817,0.2842,0.1792,0.3878,0
KM-123,86.97,21377,46.25,74.61,169753.7,151,0,1,0.7563,0.2181,0.9766,0.1316,0.5409,0
KM-107,22.6,24419,71.49,59.61,26350.0,118,2,0,0.1511,0.1686,0.177,0.0,0.1304,0
KM-101,62.41,70655,64.51,63.09,147761.8,129,3,0,0.5395,0.83,0.213,0.0,0.4389,1
KM-123,78.27,13208,61.23,100.0,171287.4,85,1,1,0.6627,0.1471,0.2782,0.857,0.4958,1
KM-102,37.31,29025,62.85,67.03,140623.0,75,1,2,0.1892,0.3785,0.1986,0.0,0.2006,0
KM-120,48.75,11013,46.02,97.09,78257.1,131,2,1,0.3376,0.1311,0.9559,0.7741,0.4969,0
KM-110,88.98,3613,57.87,54.89,28801.3,76,3,1,0.9417,0.0896,0.3994,0.0,0.4319,0
KM-105,32.7,65074,56.64,63.97,91185.3,171,2,1,0.207,0.8136,0.5911,0.0,0.3941,0
KM-118,68.62,39998,62.29,64.81,177665.3,115,2,0,0.5708,0.3535,0.2808,0.0,0.3443,0
KM-105,77.11,45305,61.08,70.1,71980.6,132,1,1,0.6446,0.5062,0.3547,0.003,0.4237,1
KM-119,29.24,37748,60.89,57.68,7201.9,43,0,1,0.0855,0.4041,0.2291,0.0,0.1768,0
KM-113,11.6,19616,50.56,49.71,69008.2,172,2,2,0.1134,0.2814,0.8356,0.0,0.2772,1
KM-118,72.87,5165,71.98,83.65,103760.0,62,2,1,0.631,0.0964,0.093,0.39,0.3415,0
KM-114,18.7,49149,72.76,50.47,20340.7,51,0,2,0.035,0.6415,0.0765,0.0,0.1879,0
KM-120,8.86,69269,71.1,45.16,96346.1,40,0,1,0.0078,0.8857,0.06,0.0,0.2362,1
KM-121,79.73,7628,45.92,102.29,51598.2,97,2,0,0.7358,0.0294,0.9087,0.9226,0.6311,0
KM-108,25.25,69145,46.91,67.45,126378.2,21,0,0,0.0637,0.8035,0.755,0.0,0.3742,0
KM-116,78.93,42577,57.59,91.06,173303.5,155,3,1,0.773,0.4683,0.529,0.6018,0.6138,0
KM-116,55.12,12070,52.49,70.29,78381.1,36,3,3,0.4538,0.2986,0.5544,0.0083,0.346,0
KM-121,81.27,35096,48.91,86.76,40610.7,32,2,1,0.7605,0.3706,0.6918,0.4789,0.5929,0
KM-106,27.09,31022,72.16,53.31,65180.8,14,4,1,0.2734,0.3215,0.021,0.0,0.1803,0
KM-113,61.16,37374,72.23,80.65,66826.7,69,2,2,0.4741,0.4793,0.1035,0.3044,0.3673,1
KM-118,54.29,36692,53.38,53.18,94347.3,79,2,1,0.3947,0.3906,0.5835,0.0,0.3525,0
KM-125,73.48,5501,53.22,63.94,165562.2,109,4,1,0.7399,0.098,0.6346,0.0,0.4104,0
KM-119,79.45,35195,46.55,95.62,103050.0,178,3,1,0.7812,0.3718,1.0,0.732,0.7128,0
KM-124,79.61,12590,50.06,51.25,45744.1,134,1,0,0.6837,0.0624,0.7986,0.0,0.4146,0
KM-119,65.18,60437,42.7,82.43,139125.3,162,1,1,0.4749,0.7366,1.0,0.355,0.6214,1
KM-119,35.43,64871,61.84,76.07,62483.1,124,1,2,0.1755,0.8902,0.3123,0.1733,0.3811,0
KM-108,63.79,74581,62.73,89.78,123438.9,24,2,1,0.507,0.9801,0.1266,0.5652,0.5608,0
KM-102,7.67,31642,67.81,101.32,158315.4,16,0,3,0.0059,0.4887,0.024,0.8949,0.308,0
KM-125,93.14,2085,48.86,46.43,94682.0,158,2,1,0.9675,0.0842,0.8824,0.0,0.5362,0
KM-114,15.99,13167,65.1,63.79,33561.8,167,0,0,0.0256,0.0668,0.2505,0.0,0.0757,0
KM-102,71.59,23111,55.41,50.06,45793.3,78,0,0,0.5125,0.1553,0.5008,0.0,0.3183,0
KM-122,68.9,37174,74.91,91.07,148857.7,37,1,0,0.5247,0.3168,0.0555,0.6021,0.3944,1
KM-115,20.94,31604,62.15,96.67,108979.6,56,1,0,0.0938,0.2483,0.1979,0.7619,0.2869,0
KM-118,79.32,77794,53.33,88.75,71222.8,61,3,0,0.7792,0.9589,0.5583,0.5357,0.7312,0
KM-110,71.93,67804,57.27,89.2,43931.3,12,0,1,0.5174,0.8603,0.3271,0.5486,0.5713,1
KM-124,18.52,6472,73.04,74.22,16253.6,69,1,1,0.0843,0.103,0.1035,0.1205,0.1001,0
KM-111,36.38,77720,64.5,45.33,23615.8,120,3,1,0.2824,1.0,0.2001,0.0,0.3888,0
KM-103,72.06,70467,63.13,102.37,156239.6,1,3,0,0.6692,0.8267,0.0762,0.9249,0.6411,1
KM-115,11.52,51479,46.25,96.34,136256.6,57,4,0,0.2133,0.5162,0.8354,0.7526,0.5213,0
KM-124,71.85,53550,68.82,75.84,58729.4,150,1,0,0.5662,0.5477,0.225,0.167,0.4135,1
KM-107,74.61,34572,49.22,59.7,41912.6,146,0,0,0.5567,0.2841,0.8501,0.0,0.4359,0
KM-104,80.96,51730,49.15,80.03,18060.4,163,3,1,0.8055,0.6,0.8787,0.2866,0.665,0
KM-102,33.97,71067,41.23,59.36,79322.9,55,1,0,0.1654,0.8373,1.0,0.0,0.4672,1
KM-112,42.1,53050,62.94,104.08,147328.1,147,1,1,0.2272,0.62,0.3028,0.9738,0.4898,0
KM-110,49.95,75806,49.96,100.15,27229.1,149,0,2,0.2495,1.0,0.8253,0.8613,0.6746,0
KM-124,82.0,10044,73.75,70.09,48290.5,56,0,3,0.6724,0.2845,0.084,0.0026,0.3238,0
KM-115,10.53,38787,72.8,46.81,6766.8,87,1,0,0.0611,0.3376,0.1305,0.0,0.1319,0
KM-108,73.34,45587,58.68,63.25,95621.6,93,1,1,0.5879,0.5102,0.3922,0.0,0.4117,0
KM-113,92.06,66949,58.63,65.22,55964.2,133,1,0,0.8975,0.7656,0.4544,0.0,0.5964,0
KM-123,56.08,66237,60.01,45.92,161077.1,60,3,0,0.4645,0.7534,0.2896,0.0,0.4088,0
KM-124,46.92,65662,58.0,69.5,97309.8,8,1,2,0.2702,0.9036,0.292,0.0,0.3789,1
KM-108,48.29,34355,74.3,55.53,82764.0,95,1,1,0.2832,0.3614,0.1425,0.0,0.218,0
KM-102,74.59,30027,74.28,70.4,39203.4,109,2,1,0.6564,0.3099,0.1635,0.0115,0.3422,0
KM-118,14.71,24298,44.26,85.84,27552.1,44,4,0,0.2216,0.1674,0.8958,0.4526,0.3891,0
KM-114,84.77,26786,55.75,51.18,63220.1,7,2,2,0.8186,0.3537,0.3807,0.0,0.4511,0
KM-102,84.84,62663,63.39,98.09,59252.4,109,2,0,0.8198,0.6932,0.2279,0.8025,0.6663,1
KM-122,83.65,68024,40.99,73.35,162297.2,113,2,1,0.7998,0.8641,1.0,0.0958,0.7151,1
KM-106,8.26,45164,57.87,56.18,68232.3,164,1,0,0.0568,0.4242,0.5311,0.0,0.2322,0
KM-119,54.56,75191,70.73,83.99,86986.6,107,0,2,0.2976,1.0,0.1605,0.3996,0.4662,0
KM-118,30.83,35237,63.64,72.02,46154.7,166,1,1,0.145,0.3723,0.3036,0.0577,0.2161,0
KM-103,21.05,77399,52.63,79.4,77958.5,130,0,0,0.0443,0.9516,0.6897,0.2686,0.4451,1
KM-111,17.74,18866,48.66,77.61,20815.2,109,1,0,0.0815,0.1145,0.817,0.2174,0.264,0
KM-118,30.56,59561,57.69,97.16,174444.6,137,2,2,0.1934,0.8024,0.498,0.7761,0.5231,0
KM-117,42.81,45896,60.82,57.97,105838.7,23,0,1,0.1833,0.5145,0.2019,0.0,0.2332,0
KM-122,76.62,33605,62.9,88.98,12282.5,176,1,0,0.6371,0.2723,0.3481,0.5422,0.4691,0
KM-123,94.28,47201,70.16,81.96,178079.0,47,3,1,1.0,0.5332,0.0705,0.3416,0.5657,1
KM-124,26.39,78137,55.23,68.49,36081.6,16,1,2,0.1197,1.0,0.4148,0.0,0.3749,1
KM-103,78.44,44478,61.61,86.07,128916.0,93,1,0,0.6653,0.4146,0.2752,0.4592,0.4834,0
KM-112,60.16,51451,42.68,56.68,78603.0,118,2,0,0.4619,0.5158,1.0,0.0,0.4906,1
KM-106,54.33,77162,49.61,101.49,16037.1,51,2,1,0.3952,1.0,0.6922,0.8996,0.7067,1
KM-120,35.26,7458,50.03,86.25,39950.9,62,1,1,0.1744,0.1085,0.6918,0.4643,0.3194,0
KM-111,63.54,68239,49.23,53.65,8211.8,84,0,2,0.4037,0.9478,0.7569,0.0,0.5296,0
KM-118,65.1,39989,53.24,74.81,17806.6,101,5,1,0.6737,0.4334,0.6219,0.1373,0.496,1
KM-121,91.0,58095,56.66,72.68,26997.1,93,2,0,0.9281,0.6188,0.4732,0.0766,0.5895,1
KM-105,39.85,6375,42.98,96.9,13208.0,61,1,2,0.2088,0.1825,0.9722,0.7687,0.4669,0
KM-104,86.78,75090,58.68,83.44,102550.5,5,1,1,0.803,0.9894,0.2604,0.3839,0.6573,1
KM-111,45.06,20095,72.06,98.51,116504.8,66,1,0,0.2531,0.1259,0.099,0.8147,0.3028,0
KM-120,51.43,30012,70.62,57.69,59348.9,95,1,2,0.3145,0.3898,0.1425,0.0,0.236,0
KM-121,11.94,26344,67.47,96.14,134746.3,66,3,1,0.1643,0.269,0.099,0.7469,0.2939,0
KM-114,56.13,58083,73.92,76.94,140361.4,116,1,0,0.3651,0.6186,0.174,0.1983,0.3569,0
KM-102,49.45,37300,40.54,63.09,160521.0,5,1,1,0.2945,0.3984,0.986,0.0,0.3999,1
KM-123,60.8,6518,64.81,58.89,102021.7,62,0,0,0.3697,0.0233,0.1008,0.0,0.1554,0
KM-103,18.25,20923,60.42,90.06,175794.4,111,3,0,0.1833,0.1338,0.3499,0.5732,0.2822,0
KM-101,72.52,37967,49.41,88.23,18713.7,138,2,0,0.6259,0.3269,0.8305,0.521,0.5711,0
KM-122,68.46,42732,74.65,104.1,107604.4,84,2,2,0.5687,0.5504,0.126,0.9743,0.5567,0
KM-118,27.98,8629,61.67,58.81,72208.4,13,2,0,0.1783,0.0354,0.1527,0.0,0.1018,0
KM-123,32.03,12710,46.97,76.89,48533.6,138,3,1,0.2526,0.1433,0.9284,0.1969,0.3493,0
KM-104,54.48,65388,52.04,58.8,59266.7,28,1,0,0.3468,0.7389,0.5606,0.0,0.4182,1
KM-108,45.2,25681,66.18,67.02,110726.9,66,5,0,0.4543,0.1819,0.099,0.0,0.2243,1
KM-104,37.03,48004,63.49,67.27,73528.0,53,0,5,0.1371,0.8648,0.1398,0.0,0.2922,0
KM-101,27.13,75017,65.54,53.17,14189.1,179,0,0,0.0736,0.908,0.2685,0.0,0.3065,0
KM-123,58.61,44639,57.38,104.3,23097.6,108,1,0,0.3935,0.4168,0.4666,0.98,0.5312,0
KM-108,82.66,63030,68.9,55.6,29292.6,29,3,1,0.8333,0.7793,0.0435,0.0,0.4952,0
KM-110,66.95,72060,51.5,58.18,147421.9,99,2,2,0.5482,1.0,0.6885,0.0,0.5796,0
KM-121,55.05,38401,55.57,80.64,120342.8,78,0,0,0.303,0.3326,0.4941,0.3041,0.3488,1
KM-121,33.43,27150,55.36,48.22,116001.5,171,0,1,0.1118,0.2777,0.6421,0.0,0.237,0
KM-103,91.66,44944,72.29,73.77,41770.0,113,0,1,0.8401,0.5011,0.1695,0.1078,0.4748,1
KM-111,62.18,28814,70.84,77.45,73848.1,152,1,0,0.4366,0.2162,0.228,0.213,0.2951,1
KM-102,32.0,48388,67.74,61.06,70017.6,128,3,1,0.2524,0.5504,0.192,0.0,0.2644,0
KM-104,39.78,28807,58.19,101.58,66819.3,74,2,2,0.2583,0.3761,0.3835,0.9022,0.4416,0
KM-116,62.24,78599,66.6,90.94,179598.9,167,1,1,0.4374,1.0,0.2505,0.5982,0.5729,1
KM-123,68.45,22121,73.64,51.08,35292.4,105,0,0,0.4686,0.1454,0.1575,0.0,0.2319,1
KM-121,59.01,72516,61.27,96.69,80268.2,122,1,0,0.3982,0.863,0.3324,0.7626,0.5741,0
KM-104,33.45,2136,59.14,47.91,165942.6,164,0,0,0.1119,0.0044,0.4805,0.0,0.1363,0
KM-105,6.99,18135,47.84,79.92,147993.9,139,5,0,0.2549,0.1079,0.895,0.2835,0.3519,0
KM-104,66.38,79680,65.76,77.14,162616.6,64,3,1,0.5906,1.0,0.096,0.204,0.5167,0
KM-122,45.72,3653,69.25,83.22,85060.9,127,2,2,0.3091,0.1698,0.1905,0.3778,0.2643,0
KM-119,89.29,8996,67.28,104.4,53820.6,132,1,0,0.8472,0.0377,0.198,0.9828,0.5421,0
KM-112,10.86,6494,72.11,60.02,104603.0,66,5,1,0.2618,0.1031,0.099,0.0,0.1372,0
KM-112,32.09,54638,40.41,93.35,172553.1,111,0,3,0.103,0.8044,1.0,0.6672,0.5706,0
KM-123,81.15,29671,52.18,101.19,9522.2,55,1,0,0.7086,0.2259,0.5953,0.8912,0.6018,0
KM-107,44.41,15214,70.28,75.59,151704.8,134,1,0,0.2472,0.0829,0.201,0.1598,0.1794,1
KM-122,59.22,11921,44.95,76.81,145159.4,23,1,3,0.4007,0.2975,0.8364,0.1947,0.4208,0
KM-121,38.69,24015,56.58,45.14,134098.9,102,2,0,0.2497,0.1645,0.4899,0.0,0.2265,0
KM-117,78.99,78837,66.56,91.21,143386.7,65,4,0,0.8239,0.9783,0.0975,0.606,0.6736,0
KM-124,54.96,28727,65.75,78.03,102896.1,9,4,1,0.5021,0.2952,0.0135,0.2294,0.2981,0
KM-125,88.42,51702,64.33,90.54,160414.7,114,1,1,0.8319,0.5995,0.1977,0.587,0.598,0
KM-101,85.69,37194,50.9,45.2,138784.9,139,2,1,0.8343,0.397,0.7726,0.0,0.5458,0
KM-112,14.19,28073,71.35,71.28,125987.6,138,2,0,0.1201,0.2079,0.207,0.0367,0.1428,0
KM-115,38.32,42936,55.59,82.93,116538.2,107,1,1,0.1969,0.4732,0.5371,0.3696,0.3685,1
KM-123,50.49,40994,49.67,94.5,93728.7,158,0,1,0.255,0.4468,0.8501,0.7,0.511,0
KM-120,59.73,60849,61.98,46.7,108643.5,58,1,1,0.4068,0.7434,0.2079,0.0,0.3698,0
KM-119,92.46,10136,54.37,53.93,164356.7,35,1,0,0.9048,0.0451,0.4777,0.0,0.4235,1
KM-111,21.62,37941,40.64,100.23,92552.0,74,0,0,0.0467,0.3266,1.0,0.8638,0.4708,0
KM-120,61.81,47534,44.9,57.44,54052.4,155,2,0,0.4821,0.458,1.0,0.0,0.4832,0
KM-105,17.76,49508,58.5,70.79,144709.3,109,0,1,0.0315,0.5668,0.4235,0.0226,0.242,0
KM-102,77.21,67611,59.45,92.77,70074.6,167,3,0,0.7462,0.7769,0.4727,0.6506,0.6801,0
KM-112,41.39,12169,62.38,47.56,71342.8,66,1,1,0.2213,0.1393,0.2037,0.0,0.153,0
KM-109,52.77,70576,63.33,55.48,141208.9,42,4,1,0.4785,0.9086,0.1296,0.0,0.4205,0
KM-106,94.33,53266,57.3,92.26,117800.3,160,2,0,0.9897,0.5433,0.5479,0.6361,0.719,1
KM-122,47.72,4012,48.65,87.7,29200.2,22,1,0,0.2777,0.0112,0.6872,0.5058,0.3386,0
KM-105,78.26,20750,59.52,84.9,14780.2,127,2,0,0.7124,0.1321,0.4099,0.4258,0.4495,0
KM-117,76.79,55326,43.44,77.2,129403.4,141,1,0,0.6396,0.5751,1.0,0.2056,0.6088,0
KM-122,25.31,28631,64.06,62.69,110492.5,177,3,3,0.2141,0.4541,0.3031,0.0,0.2491,0
KM-103,57.68,57228,47.93,94.72,101915.7,177,1,0,0.3827,0.605,0.9482,0.7063,0.6161,0
KM-118,32.45,46819,58.26,63.7,177644.1,136,5,1,0.3553,0.5277,0.4737,0.0,0.351,0
KM-122,85.63,51378,54.29,60.34,83414.9,160,2,1,0.8333,0.5947,0.6683,0.0,0.574,0
KM-119,35.36,77477,54.13,50.51,150145.0,29,1,0,0.175,0.9531,0.4782,0.0,0.3952,0
KM-116,83.31,41329,63.42,102.55,96026.4,90,0,0,0.6941,0.3713,0.1981,0.9299,0.5614,0
KM-111,55.08,41229,69.71,104.79,177581.2,43,1,1,0.3534,0.45,0.0645,0.9941,0.4479,0
KM-102,83.52,58991,55.74,104.23,9074.9,63,0,1,0.6976,0.7132,0.4649,0.9781,0.7111,1
KM-122,84.37,34875,68.3,97.14,119966.3,151,0,1,0.7118,0.3678,0.2265,0.7753,0.5414,1
KM-107,49.9,22586,60.43,58.22,51031.5,88,1,0,0.299,0.15,0.3147,0.0,0.2051,1
KM-115,70.81,74343,51.8,102.83,34983.0,12,1,0,0.5514,0.8958,0.546,0.9379,0.7137,0
KM-103,61.76,35362,66.5,53.14,117917.6,139,0,1,0.3814,0.3739,0.2085,0.0,0.2687,0
KM-116,7.39,29363,59.29,83.97,11099.2,167,0,1,0.0055,0.3024,0.4789,0.3992,0.2531,0
KM-103,71.3,45423,63.8,75.0,151000.2,71,1,3,0.5583,0.6678,0.1545,0.1429,0.4219,0
KM-121,6.93,69905,51.73,85.62,91635.1,175,4,2,0.2048,0.9768,0.7933,0.4462,0.5638,0
KM-106,33.16,56689,56.83,98.41,131444.7,112,1,0,0.16,0.5965,0.4947,0.8116,0.4664,0
KM-119,43.26,22015,53.23,104.23,170861.9,169,2,1,0.2872,0.2244,0.7242,0.978,0.497,0
KM-104,76.76,50008,45.67,65.35,58425.9,72,3,1,0.7391,0.5742,0.8811,0.0,0.5785,0
KM-117,82.97,14993,54.18,46.89,77276.4,57,0,0,0.6883,0.0811,0.5183,0.0,0.3649,0
KM-123,44.67,50652,57.78,64.98,43269.0,111,0,1,0.1995,0.5838,0.4553,0.0,0.3068,0
KM-123,28.72,27117,57.2,45.32,51140.5,40,2,4,0.1825,0.5173,0.372,0.0,0.2676,1
KM-102,48.43,17294,55.2,73.23,27370.4,63,1,1,0.2846,0.1805,0.4865,0.0924,0.2605,0
KM-108,82.91,63846,56.53,67.94,151280.1,89,1,0,0.7374,0.713,0.4723,0.0,0.5308,1
KM-107,24.5,23479,54.66,45.38,130897.6,114,0,4,0.06,0.479,0.5845,0.0,0.2577,0
KM-113,48.45,46050,66.8,56.81,156657.0,96,2,0,0.3347,0.4367,0.144,0.0,0.2551,0
KM-119,37.78,1440,58.91,92.1,17092.7,105,1,0,0.1928,0.0024,0.401,0.6314,0.2745,1
KM-123,85.86,9714,58.6,46.98,177357.9,13,3,2,0.8872,0.2023,0.2756,0.0,0.4162,0
KM-109,30.32,57608,52.29,74.1,37892.6,38,3,2,0.242,0.7711,0.5652,0.1173,0.414,1
KM-102,72.7,7156,71.75,77.74,84201.5,69,1,0,0.5785,0.0268,0.1035,0.2213,0.2741,0
KM-122,12.82,3921,54.99,73.87,148968.7,14,1,0,0.0664,0.0109,0.4215,0.1106,0.1324,0
KM-121,18.28,50894,73.74,95.19,131588.8,3,0,2,0.0334,0.6674,0.0045,0.7197,0.3234,1
KM-123,53.61,67138,61.11,69.37,39431.9,162,1,0,0.3374,0.7688,0.3987,0.0,0.39,0
KM-115,9.38,52628,46.02,54.3,73829.6,171,2,1,0.1088,0.6136,1.0,0.0,0.3915,0
KM-120,53.69,65950,52.29,96.35,108593.5,132,3,2,0.4383,0.9085,0.7063,0.7529,0.6724,0
KM-120,70.65,21515,67.93,71.7,103708.1,45,0,0,0.4992,0.1395,0.0675,0.0485,0.2328,0
KM-107,28.49,25122,47.74,64.97,107810.0,127,2,0,0.1811,0.176,0.8807,0.0,0.2835,0
KM-124,20.63,15263,56.4,80.2,12818.2,172,3,2,0.1926,0.2433,0.602,0.2914,0.3069,0
KM-102,52.75,57565,57.81,102.6,39884.9,139,2,0,0.3782,0.6104,0.4963,0.9314,0.5705,0
KM-115,47.04,14068,68.66,83.1,117210.9,146,0,1,0.2213,0.1537,0.219,0.3744,0.2345,1
KM-108,53.8,54349,54.2,52.05,27908.7,3,1,1,0.3395,0.64,0.4363,0.0,0.3661,0
KM-103,7.02,64859,63.23,67.28,43316.8,43,1,1,0.0549,0.81,0.1353,0.0,0.2488,0
KM-112,43.99,51118,61.44,48.48,125981.6,41,0,1,0.1935,0.5908,0.2037,0.0,0.2562,0
KM-119,46.75,13812,51.1,103.43,121756.7,140,1,0,0.2686,0.0717,0.766,0.9551,0.4562,0
KM-123,71.45,11440,44.32,58.44,105718.0,52,0,1,0.5105,0.1341,0.9054,0.0,0.3933,0
KM-122,85.92,73619,73.12,91.35,77490.0,166,4,0,0.9382,0.8828,0.249,0.6101,0.7209,0
KM-106,81.1,32369,65.2,61.86,13589.9,79,0,0,0.6578,0.2574,0.1185,0.0,0.3183,1
KM-111,90.55,79152,64.27,93.2,50980.8,22,1,1,0.87,1.0,0.0623,0.6628,0.6995,0
KM-101,62.16,32972,58.3,58.7,120532.9,88,2,3,0.4864,0.5046,0.4,0.0,0.3764,0
KM-111,33.22,3030,54.68,60.14,8626.8,47,2,2,0.2103,0.1674,0.4832,0.0,0.2121,0
KM-107,86.43,52974,45.94,58.47,6106.4,118,2,1,0.847,0.6188,0.9395,0.0,0.6391,0
KM-107,28.77,48328,69.35,76.19,60811.2,26,1,2,0.1328,0.6295,0.039,0.1768,0.247,1
KM-107,45.19,22813,45.1,54.44,144606.7,154,0,1,0.2042,0.2323,1.0,0.0,0.3295,0
KM-123,76.7,76342,43.58,87.2,104669.6,149,2,1,0.6883,1.0,1.0,0.4915,0.7892,0
KM-117,66.42,19089,68.01,77.07,123094.3,176,3,0,0.5911,0.1166,0.264,0.202,0.3292,0
KM-116,28.2,32623,70.52,101.06,178913.3,20,3,1,0.2295,0.3404,0.03,0.8876,0.3489,1
KM-122,17.28,6016,63.36,91.8,88391.5,27,3,1,0.1799,0.1006,0.1059,0.6228,0.2339,0
KM-125,43.49,73581,70.39,66.45,29910.7,99,1,2,0.2392,1.0,0.1485,0.0,0.3634,0
KM-119,57.09,38607,63.14,103.12,37458.9,86,2,2,0.4259,0.4952,0.2033,0.9463,0.5028,1
KM-109,55.58,41552,61.15,95.98,145983.8,129,1,2,0.3589,0.5343,0.3473,0.7423,0.4771,0
KM-101,79.01,57223,73.05,69.65,155578.8,155,0,1,0.6243,0.685,0.2325,0.0,0.4362,0
KM-125,38.63,2215,41.58,58.01,106358.4,89,1,0,0.1992,0.0046,1.0,0.0,0.2709,0
KM-105,75.2,26592,56.01,57.67,34459.4,109,3,3,0.7154,0.4316,0.5233,0.0,0.463,0
KM-123,69.87,64811,71.35,97.99,11956.9,51,2,0,0.5882,0.7292,0.0765,0.7998,0.5634,0
KM-110,49.98,42098,42.18,100.37,19484.5,55,3,0,0.3998,0.3817,0.9954,0.8677,0.608,0
KM-118,12.07,59472,46.24,71.51,154271.7,17,2,1,0.1146,0.721,0.7759,0.0431,0.3841,0
KM-102,55.12,71256,58.95,96.48,87320.8,11,1,0,0.3538,0.8406,0.2584,0.7566,0.537,0
KM-119,86.03,53364,60.03,90.99,162180.3,104,0,1,0.7401,0.6248,0.3549,0.5998,0.6062,1
KM-101,74.93,46935,40.7,75.94,73907.9,65,1,0,0.6114,0.4494,1.0,0.1696,0.5603,0
KM-101,81.24,33967,52.47,99.96,175729.5,21,2,1,0.76,0.3567,0.5327,0.856,0.6329,0
KM-112,26.67,29975,42.45,102.2,105234.5,149,0,1,0.0711,0.3094,1.0,0.92,0.4862,0
KM-117,49.99,38843,68.31,69.32,122912.4,176,1,0,0.2999,0.3383,0.264,0.0,0.2423,0
KM-105,42.93,33649,45.93,50.73,36255.8,119,1,0,0.2343,0.2728,0.9412,0.0,0.3384,0
KM-120,76.52,45998,42.26,83.14,57264.8,4,1,1,0.6356,0.516,0.9155,0.3754,0.6096,1
KM-120,53.07,13620,65.31,94.62,61507.4,83,1,0,0.3316,0.0702,0.1245,0.7033,0.2992,1
KM-114,44.68,36445,48.59,79.36,112433.5,167,1,0,0.2497,0.3075,0.9069,0.2675,0.3991,0
KM-102,41.84,39468,40.32,87.15,75089.4,78,1,0,0.2251,0.3465,1.0,0.49,0.4634,0
KM-111,20.74,25949,40.19,73.61,118957.9,38,1,3,0.093,0.4247,1.0,0.1031,0.3594,0
KM-113,36.49,10923,74.21,54.17,96282.4,99,2,0,0.2331,0.0505,0.1485,0.0,0.1239,0
KM-120,67.25,36657,48.08,67.13,54891.7,170,0,1,0.4522,0.3902,0.9317,0.0,0.4422,0
KM-113,61.1,51296,74.72,69.92,167358.9,130,1,2,0.4233,0.6734,0.195,0.0,0.3555,0
KM-108,43.84,47831,64.64,84.28,74475.2,42,3,1,0.3422,0.5423,0.0773,0.4081,0.3524,0
KM-122,75.39,6570,58.01,59.99,126535.8,95,1,1,0.6184,0.1035,0.4222,0.0,0.3268,0
KM-111,22.44,6798,64.11,46.3,73304.0,109,0,0,0.0504,0.0248,0.1992,0.0,0.0637,0
KM-102,11.21,38696,58.51,89.53,77100.2,131,2,2,0.1126,0.4964,0.4561,0.558,0.3663,0
KM-120,92.61,53176,61.4,71.37,137191.9,31,1,0,0.9077,0.5419,0.1905,0.0393,0.4991,0
KM-120,70.72,65469,50.88,49.56,102322.7,179,2,0,0.6002,0.7403,0.8333,0.0,0.5618,0
KM-120,6.42,6290,51.76,94.19,60782.4,160,2,0,0.1041,0.022,0.7698,0.691,0.3341,0
KM-114,65.72,14147,72.4,71.44,57153.3,173,1,1,0.4819,0.1544,0.2595,0.0412,0.2674,0
KM-101,10.52,36720,65.95,69.36,45329.8,125,0,0,0.0111,0.311,0.1875,0.0,0.1191,0
KM-112,91.47,71724,74.68,88.13,94925.8,108,2,2,0.9366,1.0,0.162,0.518,0.7138,1
KM-102,16.73,61216,44.97,47.87,175464.3,10,2,1,0.128,0.7494,0.8162,0.0,0.3954,0
KM-115,93.72,49896,56.55,65.26,172198.7,116,0,0,0.8783,0.4926,0.5119,0.0,0.5329,0
KM-119,72.77,28189,69.0,80.43,104980.1,159,0,2,0.5295,0.3692,0.2385,0.298,0.3849,0
KM-109,32.47,13462,43.67,76.9,60308.8,119,3,0,0.2554,0.069,1.0,0.197,0.346,1
KM-124,16.42,36497,65.81,45.88,90424.3,77,3,1,0.177,0.3881,0.1155,0.0,0.1821,0
KM-121,28.01,40162,57.63,102.34,31891.4,9,0,0,0.0785,0.3557,0.3082,0.9239,0.3628,0
KM-125,64.07,7224,57.75,77.22,123270.1,106,1,1,0.4605,0.1071,0.449,0.2063,0.319,0
KM-105,33.59,75309,65.15,74.49,82591.2,79,1,2,0.1628,1.0,0.1185,0.1284,0.3564,1
KM-119,38.7,35136,72.18,61.79,10657.1,125,2,0,0.2497,0.2911,0.1875,0.0,0.1977,0
KM-105,45.87,12127,67.26,76.61,168839.0,4,0,2,0.2104,0.219,0.006,0.1888,0.1674,0
KM-109,57.09,61730,73.75,61.57,134490.5,56,1,0,0.3759,0.6778,0.084,0.0,0.3178,0
KM-119,48.95,55571,53.41,73.09,154610.6,32,1,0,0.2896,0.5789,0.5114,0.0883,0.3661,0
KM-103,41.98,44407,48.05,63.13,33362.0,120,4,2,0.3762,0.5736,0.858,0.0,0.4467,0
KM-125,37.11,71596,65.67,97.81,13257.6,88,1,2,0.1877,1.0,0.132,0.7946,0.501,0
KM-109,38.97,63726,58.47,75.27,166170.2,20,1,0,0.2019,0.711,0.2911,0.1506,0.3367,0
KM-123,52.78,14171,58.73,71.86,107136.7,40,2,0,0.3786,0.0746,0.3106,0.0533,0.2239,0
KM-112,64.15,10737,72.45,104.52,118562.5,160,3,0,0.5615,0.0492,0.24,0.9862,0.4541,0
KM-114,11.91,10034,73.07,98.21,23974.5,13,2,0,0.1142,0.0444,0.0195,0.8059,0.2161,0
KM-114,88.08,5290,59.86,53.93,80992.6,81,1,0,0.8257,0.017,0.327,0.0,0.3587,0
KM-101,63.01,9329,50.28,92.24,89733.2,16,5,2,0.647,0.1998,0.613,0.6354,0.5261,0
KM-113,38.02,47995,58.81,78.28,119080.7,121,1,2,0.1946,0.6247,0.4291,0.2367,0.3574,1
KM-101,46.53,6468,68.43,45.15,109111.0,22,2,1,0.3165,0.103,0.033,0.0,0.1431,0
KM-106,6.0,77094,53.2,101.83,17603.4,78,2,1,0.1036,1.0,0.589,0.9095,0.586,0
KM-102,38.2,10362,41.69,80.01,35784.1,66,1,2,0.1959,0.2066,1.0,0.286,0.3774,0
KM-115,28.53,27858,43.32,50.89,50584.7,174,0,3,0.0814,0.4455,1.0,0.0,0.3399,0
KM-114,51.97,41496,58.48,92.27,13975.2,27,1,1,0.3201,0.4536,0.3014,0.6364,0.413,0
KM-110,83.28,23624,40.76,77.06,179505.7,128,1,1,0.7435,0.2405,1.0,0.2018,0.5607,0
KM-120,18.3,29240,73.32,85.16,154089.0,2,2,1,0.1335,0.301,0.003,0.4332,0.2092,0
KM-119,57.49,60672,61.48,76.87,35095.2,89,2,0,0.4305,0.6605,0.2741,0.1963,0.4099,0
KM-114,46.68,26785,53.19,65.43,35253.2,123,0,0,0.2179,0.1937,0.657,0.0,0.2561,1
KM-112,45.82,51296,62.39,56.38,53505.3,101,2,2,0.31,0.6734,0.2559,0.0,0.328,0
KM-122,39.66,6921,59.02,87.47,145562.9,150,2,0,0.2573,0.0254,0.4643,0.499,0.2891,0
KM-121,57.17,11130,40.4,88.05,18535.9,65,0,0,0.3268,0.0519,1.0,0.5157,0.4305,0
KM-110,47.23,44694,44.6,103.37,53129.0,63,2,0,0.3231,0.4176,0.9106,0.9533,0.5903,0
KM-114,33.35,47853,42.11,66.37,40027.8,69,4,1,0.3112,0.5426,1.0,0.0,0.4446,0
KM-104,87.7,27610,66.36,80.96,108003.3,83,1,1,0.8191,0.2828,0.1245,0.3132,0.4449,0
KM-108,64.91,16630,66.44,67.09,146209.0,178,2,0,0.5213,0.0948,0.267,0.0,0.2595,0
KM-113,14.35,41544,72.29,73.95,79457.5,109,0,2,0.0206,0.5342,0.1635,0.1127,0.196,0
KM-110,88.72,77760,65.31,63.48,160451.3,69,0,0,0.7871,0.9583,0.1035,0.0,0.5358,1
KM-104,62.89,71277,74.73,62.47,42907.0,56,1,1,0.4455,0.921,0.084,0.0,0.403,0
KM-110,12.3,45431,56.59,102.34,106384.3,39,2,2,0.1151,0.588,0.3949,0.9241,0.4511,0
KM-107,35.58,13180,55.95,89.26,165339.0,55,0,2,0.1266,0.2269,0.4443,0.5503,0.2999,0
KM-112,15.08,65981,45.73,85.41,106866.6,100,0,0,0.0227,0.749,0.9206,0.4404,0.4674,0
KM-107,21.06,44360,71.77,77.77,113648.7,22,1,1,0.0944,0.4929,0.033,0.222,0.2072,0
KM-119,41.37,77182,49.73,88.35,79896.9,18,2,1,0.2712,1.0,0.638,0.5243,0.5774,0
KM-124,67.11,72699,66.88,57.21,71523.8,108,2,0,0.5504,0.8663,0.162,0.0,0.4416,0
KM-106,20.02,14870,73.63,56.14,24419.1,20,1,1,0.0901,0.1601,0.03,0.0,0.0776,0
KM-125,37.35,55560,45.65,63.75,54852.8,16,1,0,0.1895,0.5788,0.7979,0.0,0.3706,1
KM-118,69.82,61515,73.32,87.9,9799.2,119,1,0,0.5374,0.6743,0.1785,0.5115,0.4947,1
KM-115,25.15,3293,47.78,86.88,55306.0,153,2,2,0.1633,0.1684,0.9185,0.4823,0.3794,0
KM-110,30.91,28100,40.57,75.82,15114.1,6,1,0,0.1456,0.2082,0.986,0.1662,0.3334,0
KM-120,49.69,7357,53.58,66.66,55492.0,13,1,0,0.2969,0.0279,0.4765,0.0,0.2062,0
KM-122,50.4,42247,74.05,74.1,107313.2,102,1,1,0.3041,0.4638,0.153,0.1171,0.2764,0
KM-106,80.39,48986,45.9,46.81,56009.4,43,3,0,0.7963,0.4792,0.8285,0.0,0.5642,0
KM-113,51.44,75045,69.72,96.82,89593.1,77,3,0,0.4146,0.9085,0.1155,0.7663,0.5486,0
KM-102,69.47,32336,58.71,49.37,145335.8,93,0,2,0.4825,0.417,0.3912,0.0,0.3514,1
KM-110,76.73,30456,59.7,57.03,54881.5,148,0,1,0.5888,0.3149,0.4341,0.0,0.3716,0
KM-115,5.82,61665,44.02,59.78,58495.1,22,0,1,0.0034,0.7567,0.8722,0.0,0.3648,0
KM-101,93.56,8484,63.76,81.65,18634.6,79,1,1,0.9254,0.1145,0.1679,0.333,0.4527,0
KM-107,48.36,56107,49.84,73.5,137061.2,43,0,1,0.2338,0.6673,0.671,0.1001,0.4029,1
KM-111,60.13,37324,55.99,64.55,177803.7,51,2,1,0.4616,0.3987,0.4369,0.0,0.3486,0
KM-113,20.42,53018,67.32,50.42,153313.7,76,1,1,0.0917,0.6195,0.114,0.0,0.2098,0
KM-107,81.33,78539,42.51,87.81,74742.4,164,2,1,0.7615,1.0,1.0,0.5089,0.8183,0
KM-112,74.67,75528,57.8,74.32,138526.0,177,1,0,0.6076,0.9173,0.5537,0.1235,0.5774,0
KM-109,71.9,28736,70.26,76.86,57106.6,100,0,0,0.517,0.2153,0.15,0.1959,0.304,0
KM-116,52.66,40430,74.24,53.74,119213.5,121,0,1,0.2773,0.4393,0.1815,0.0,0.2432,0
KM-105,59.03,66491,73.62,94.33,29506.1,61,1,3,0.3985,0.9977,0.0915,0.6952,0.5462,1
KM-125,51.24,41596,63.28,82.74,38775.8,130,2,0,0.3625,0.3749,0.2637,0.3641,0.3462,0
KM-101,11.86,59385,44.96,67.25,128769.5,113,0,1,0.0141,0.7196,0.9709,0.0,0.379,0
KM-116,55.68,30763,42.57,72.88,53632.1,134,1,1,0.36,0.3185,1.0,0.0822,0.4221,0
KM-104,25.08,45088,52.05,83.04,25102.7,134,1,1,0.1129,0.5031,0.7192,0.3725,0.3836,0
KM-111,41.16,70489,63.13,93.12,127376.5,20,3,0,0.3194,0.8271,0.1048,0.6606,0.4717,0
KM-113,46.78,12602,48.02,103.69,101534.1,8,1,0,0.2688,0.0625,0.6913,0.9625,0.4405,0
KM-101,92.09,5457,61.5,81.23,68018.1,7,1,2,0.8981,0.1778,0.1505,0.3209,0.4531,0
KM-104,29.9,76321,61.36,62.72,59460.9,133,3,0,0.2394,0.9318,0.3451,0.0,0.3858,1
KM-103,82.33,50019,57.61,55.76,13176.9,41,0,0,0.6779,0.4944,0.3571,0.0,0.4323,0
KM-123,44.27,76992,46.69,58.24,128924.3,166,0,1,0.1959,1.0,0.9813,0.0,0.5148,0
KM-112,5.47,60201,71.57,79.14,26358.5,20,2,0,0.103,0.6528,0.03,0.2612,0.2575,0
KM-104,15.89,54897,57.23,95.02,98401.6,132,1,0,0.0752,0.5684,0.5086,0.7148,0.4131,0
KM-115,23.49,58091,40.43,91.67,39057.3,75,1,0,0.1052,0.6188,1.0,0.6191,0.5153,0
KM-102,8.69,34084,55.01,63.71,170603.0,113,0,0,0.0076,0.2781,0.5693,0.0,0.186,0
KM-105,57.18,21957,64.68,81.33,170869.6,170,3,2,0.477,0.3038,0.2678,0.3236,0.3612,0
KM-106,6.66,33668,49.28,68.84,100276.6,76,3,0,0.1544,0.273,0.7427,0.0,0.2708,1
KM-103,87.64,36791,57.29,90.14,38552.8,34,2,0,0.8681,0.3119,0.3594,0.5753,0.5688,0
KM-125,87.23,40630,62.23,102.65,111207.6,2,1,0,0.8109,0.3619,0.1137,0.9328,0.5836,0
KM-109,75.36,53549,44.11,69.75,63078.0,178,2,0,0.6679,0.5476,1.0,0.0,0.5707,1
KM-111,10.43,23322,55.76,95.96,7479.1,101,1,0,0.0609,0.1574,0.521,0.7417,0.3132,1
KM-116,51.79,22013,49.69,62.42,84237.3,107,3,1,0.4182,0.2243,0.7728,0.0,0.357,0
KM-109,17.06,49465,55.91,90.84,173232.5,167,3,2,0.1791,0.6462,0.6142,0.5955,0.4662,0
KM-107,16.23,51806,48.13,48.59,178596.5,129,0,0,0.0263,0.5211,0.8684,0.0,0.3132,0
KM-116,78.04,35837,64.65,67.01,45204.7,43,1,1,0.6591,0.3798,0.0785,0.0,0.3413,0
KM-114,77.59,53990,67.33,53.07,58519.4,109,1,0,0.652,0.5544,0.1635,0.0,0.3995,0
KM-125,53.52,77092,71.91,66.54,86069.0,53,1,2,0.3364,1.0,0.0795,0.0,0.3836,0
KM-112,82.21,57383,69.68,100.77,49954.5,175,2,1,0.7758,0.6875,0.2625,0.8791,0.6717,0
KM-105,26.79,75511,49.17,75.36,141031.9,51,1,1,0.1218,0.997,0.7096,0.153,0.4644,0
KM-124,89.85,71265,63.8,72.56,109006.7,87,2,1,0.9072,0.9208,0.1787,0.0733,0.5981,1
KM-108,21.6,29293,66.71,99.71,138060.2,92,0,2,0.0466,0.3816,0.138,0.8489,0.3091,0
KM-117,55.05,10280,46.58,94.87,38848.7,52,1,0,0.353,0.0461,0.8147,0.7104,0.4401,0
KM-112,76.18,6751,41.75,48.78,127740.6,159,2,2,0.6804,0.1845,1.0,0.0,0.4843,0
KM-112,57.03,4460,64.53,60.8,107428.1,129,1,2,0.3752,0.1732,0.2123,0.0,0.2171,1
KM-120,31.74,69601,52.33,51.33,55184.6,158,0,2,0.1007,0.9715,0.7437,0.0,0.4269,1
KM-109,61.71,71954,66.99,72.78,141788.0,84,1,1,0.4308,0.933,0.126,0.0795,0.4251,1
KM-115,86.31,41106,57.38,81.19,44062.5,45,4,0,0.945,0.3683,0.3725,0.3196,0.5613,0
KM-123,52.01,73545,51.29,47.38,79148.9,32,0,0,0.2706,0.8814,0.5964,0.0,0.4343,1
KM-125,37.83,69253,60.83,76.84,119909.8,52,2,1,0.2431,0.8854,0.2448,0.1953,0.3945,0
KM-116,33.07,30477,73.12,80.61,154853.6,82,2,1,0.2094,0.3151,0.123,0.3031,0.2373,0
KM-110,85.36,56761,59.83,48.02,31829.0,1,2,0,0.8286,0.5976,0.2083,0.0,0.4811,0
KM-125,31.62,66976,45.63,92.69,134791.0,173,1,1,0.15,0.846,1.0,0.6484,0.5937,0
KM-113,41.51,45437,60.21,87.74,154803.1,35,0,0,0.1723,0.428,0.244,0.5068,0.3175,0
KM-104,39.98,39227,44.42,74.14,21828.3,43,2,0,0.2598,0.3434,0.8876,0.1183,0.378,0
KM-103,83.79,46573,56.87,95.07,101820.2,135,1,0,0.7521,0.4442,0.5276,0.7163,0.6231,0
KM-103,86.62,50914,60.75,65.89,178472.2,52,3,2,0.9003,0.6677,0.248,0.0,0.5316,0
KM-124,85.38,50475,61.0,84.1,17412.3,109,1,1,0.779,0.5812,0.3234,0.4029,0.5632,0
KM-119,55.73,29797,50.08,59.59,50700.4,32,2,0,0.4106,0.2273,0.6446,0.0,0.3295,0
KM-120,74.72,21300,45.26,93.3,79243.6,73,1,0,0.6083,0.1374,0.8991,0.6656,0.5602,1
KM-112,14.53,24221,70.11,50.85,103928.5,6,1,1,0.0711,0.2466,0.009,0.0,0.0883,0
KM-103,74.11,58173,42.33,51.92,158208.1,26,5,0,0.7992,0.6201,0.946,0.0,0.624,1
KM-104,92.47,12609,40.99,102.33,142499.3,132,3,1,1.0,0.1426,1.0,0.9237,0.7704,0
KM-112,90.91,57316,72.96,88.79,162482.1,66,2,0,0.9265,0.6064,0.099,0.5369,0.6031,1
KM-108,14.82,6615,48.7,72.01,66850.3,41,1,0,0.072,0.0238,0.7134,0.0574,0.1853,0
KM-118,48.95,16318,63.88,59.74,174594.6,98,2,0,0.3396,0.0921,0.1919,0.0,0.1803,0
KM-119,88.93,65181,62.96,89.77,44245.3,151,0,0,0.7908,0.7354,0.3083,0.5647,0.6353,1
KM-114,23.4,35520,42.69,50.69,124455.4,57,2,1,0.1547,0.3759,0.9779,0.0,0.3437,1
KM-119,83.45,64215,51.47,84.19,67576.7,109,1,2,0.7464,0.8792,0.7049,0.4054,0.7031,0
KM-110,66.24,73454,40.52,91.61,18026.2,102,2,1,0.5387,0.9598,1.0,0.6175,0.752,0
KM-120,34.11,3435,50.57,85.22,13816.8,85,0,0,0.1163,0.0089,0.7047,0.4349,0.2708,0
KM-106,26.8,56525,55.95,75.57,59053.9,6,0,1,0.0718,0.6739,0.371,0.1593,0.2997,0
KM-114,43.51,58464,70.24,50.57,35525.7,165,0,2,0.1893,0.7847,0.2475,0.0,0.3119,1
KM-110,63.28,59332,48.83,94.77,71612.8,138,3,0,0.5505,0.6387,0.8537,0.7078,0.6646,0
KM-115,75.76,4457,68.66,51.46,89107.7,3,0,0,0.574,0.0132,0.0045,0.0,0.2051,0
KM-108,5.09,6045,69.0,63.02,116200.8,175,0,1,0.0026,0.1008,0.2625,0.0,0.0786,0
KM-119,76.14,19267,52.51,89.11,165901.3,64,1,3,0.6298,0.3582,0.5955,0.5459,0.5383,0
KM-107,16.29,1814,56.22,101.58,149017.1,49,2,0,0.1265,0.0034,0.4246,0.9024,0.3105,0
KM-121,35.03,58303,67.72,84.89,161285.5,68,1,0,0.1727,0.6222,0.102,0.4255,0.3215,0
KM-120,32.11,73889,47.68,91.37,15589.5,28,1,1,0.1531,0.9676,0.7348,0.6105,0.5646,0
KM-124,26.84,41527,65.58,90.74,108101.5,80,1,1,0.122,0.454,0.12,0.5925,0.2987,0
KM-102,65.36,7139,41.84,85.28,169087.1,112,0,0,0.4272,0.0267,1.0,0.4365,0.4435,1
KM-111,68.0,77685,72.24,98.41,60353.3,137,1,4,0.5125,1.0,0.2055,0.8118,0.6328,0
KM-113,8.58,57314,61.05,102.37,173005.7,25,1,2,0.0574,0.7664,0.1953,0.9247,0.4357,0
KM-106,66.49,39155,47.8,85.52,167098.1,35,0,1,0.4421,0.4224,0.7404,0.4433,0.4971,0
KM-115,44.8,52652,46.97,81.08,104239.3,41,2,0,0.3007,0.5339,0.7828,0.3166,0.4586,1
KM-124,6.76,49793,64.43,96.02,34972.4,121,3,0,0.1546,0.491,0.2041,0.7435,0.3664,0
KM-121,21.81,71664,72.18,92.64,94862.6,10,2,4,0.1476,1.0,0.015,0.6467,0.434,0
KM-119,51.37,66202,67.58,76.6,170278.7,10,2,0,0.3639,0.7528,0.015,0.1886,0.3563,0
KM-112,42.37,43890,61.97,102.54,46674.0,79,1,1,0.2295,0.4864,0.2399,0.9298,0.4359,1
KM-106,29.59,70919,70.82,70.55,15792.1,7,1,0,0.1376,0.8347,0.0105,0.0158,0.2621,1
KM-113,12.46,41828,44.64,57.36,83881.7,62,1,2,0.0655,0.5381,0.9074,0.0,0.3389,1
KM-108,87.87,60309,70.65,71.06,62427.1,55,0,2,0.7721,0.8145,0.0825,0.0304,0.4964,0
KM-115,70.17,33438,41.53,50.25,40860.8,163,3,0,0.6423,0.2702,1.0,0.0,0.4924,0
KM-115,40.59,50941,50.48,54.64,17266.1,23,0,2,0.1648,0.6681,0.6152,0.0,0.3477,0
KM-108,16.19,38497,41.29,51.77,77136.0,54,1,1,0.0762,0.4138,1.0,0.0,0.3301,0
KM-108,57.91,18786,41.23,45.06,9437.7,104,1,0,0.3854,0.1138,1.0,0.0,0.3633,0
KM-117,63.8,28685,44.58,58.14,123820.3,52,1,2,0.457,0.3747,0.8949,0.0,0.4326,0
KM-105,93.13,57624,62.66,50.52,20720.7,173,2,1,0.9674,0.6913,0.3531,0.0,0.582,1
KM-103,92.35,13805,40.83,99.31,62211.3,55,1,0,0.9029,0.0717,1.0,0.8373,0.7014,0
KM-109,7.74,66457,43.78,80.52,45643.3,111,6,1,0.306,0.8371,1.0,0.3005,0.5765,0
KM-118,67.72,32883,53.29,93.44,19618.9,28,4,0,0.6586,0.2635,0.5103,0.6696,0.5324,1
KM-118,32.78,79117,73.7,90.62,96183.4,74,1,1,0.1574,1.0,0.111,0.5892,0.4451,1
KM-113,23.3,24128,61.37,84.48,118571.6,32,1,1,0.1043,0.2456,0.1932,0.4138,0.2193,0
KM-116,72.95,34819,70.07,75.25,41401.2,4,2,1,0.6322,0.3671,0.006,0.1501,0.3443,0
KM-123,82.55,29669,58.22,64.77,102537.6,116,1,2,0.7315,0.3858,0.4453,0.0,0.4416,0
KM-125,94.51,63124,52.31,81.84,63961.5,102,2,0,0.9933,0.7009,0.6608,0.3382,0.7227,0
KM-113,57.15,70589,67.01,67.74,129071.4,9,2,0,0.4267,0.8288,0.0135,0.0,0.3592,0
KM-111,65.47,35048,61.42,80.86,30741.5,17,1,1,0.4786,0.37,0.1689,0.3104,0.3559,0
KM-110,46.77,44613,61.77,48.58,137473.4,82,1,2,0.2688,0.5764,0.252,0.0,0.2886,0
KM-110,15.65,66263,40.87,72.21,119156.6,136,0,0,0.0245,0.7538,1.0,0.0631,0.4096,1
KM-106,46.94,28749,56.03,94.13,165193.3,107,1,1,0.2704,0.2954,0.5194,0.6895,0.4103,0
KM-102,88.79,50975,66.59,71.23,98464.3,161,4,1,0.9883,0.5886,0.2415,0.0352,0.5484,0
KM-111,38.74,45953,41.99,69.12,126807.4,172,1,2,0.2001,0.5953,1.0,0.0,0.4189,1
KM-124,80.12,46251,71.52,86.07,70363.3,84,1,0,0.6919,0.4396,0.126,0.4592,0.4691,0
KM-117,28.49,62397,56.18,98.9,13232.6,108,0,1,0.0812,0.7688,0.5149,0.8257,0.4887,0
KM-102,73.1,67939,57.2,94.96,133090.3,39,2,0,0.6343,0.7826,0.3705,0.7133,0.6344,0
KM-120,76.53,66585,47.33,69.1,38821.5,66,3,0,0.7356,0.7593,0.8057,0.0,0.6085,0
KM-105,29.3,70676,53.66,54.63,106742.5,25,2,0,0.1858,0.8304,0.4909,0.0,0.3708,0
KM-111,41.91,62178,48.13,51.9,104830.8,11,3,1,0.3257,0.7652,0.6914,0.0,0.4436,1
KM-101,44.88,51626,48.84,72.14,16011.2,53,1,0,0.2514,0.5184,0.7258,0.0611,0.375,0
KM-111,76.41,47596,45.99,70.03,105712.1,119,2,0,0.6838,0.4589,0.9388,0.0008,0.542,0
KM-110,36.61,68726,57.78,47.69,176611.4,22,1,0,0.184,0.7962,0.322,0.0,0.3279,0
KM-111,21.5,18231,54.83,90.47,179651.4,113,1,0,0.0962,0.1088,0.5764,0.5849,0.2931,0
KM-119,22.67,52067,45.28,47.57,80529.8,142,1,1,0.1014,0.6051,1.0,0.0,0.3868,1
KM-116,36.3,78034,47.46,70.5,12858.4,125,0,4,0.1318,1.0,0.889,0.0142,0.4768,1
KM-120,15.01,58848,51.4,91.61,85533.8,160,1,0,0.0725,0.6309,0.784,0.6175,0.4634,0
KM-124,87.43,27834,62.63,52.74,167560.7,116,4,0,0.9644,0.2052,0.2689,0.0,0.4426,0
KM-113,42.88,52755,56.52,83.45,20768.7,36,0,0,0.1838,0.5355,0.3932,0.3844,0.3537,0
KM-114,14.18,5332,68.38,60.72,164966.8,20,5,1,0.2701,0.0972,0.03,0.0,0.1248,0
KM-104,93.29,21581,48.8,54.79,64058.9,73,1,0,0.9203,0.1401,0.7574,0.0,0.5086,1
KM-109,16.52,50562,62.35,97.4,35852.2,67,0,0,0.0273,0.5025,0.2065,0.7828,0.333,0
KM-110,45.02,70840,59.35,100.97,167128.8,22,0,0,0.2027,0.8333,0.259,0.8849,0.508,0
KM-103,30.05,53879,48.87,56.3,37492.5,25,1,0,0.1403,0.5527,0.6828,0.0,0.3238,0
KM-109,10.17,73322,53.51,49.53,98805.0,47,0,1,0.0103,0.9574,0.5302,0.0,0.349,0
KM-111,51.94,7179,73.51,82.34,27896.0,11,2,0,0.3698,0.0269,0.0165,0.3526,0.21,1
KM-101,20.0,34773,66.44,75.66,70923.4,175,1,0,0.09,0.2866,0.2625,0.1618,0.188,0
KM-121,26.26,8882,53.98,64.48,148955.9,150,0,2,0.069,0.197,0.6659,0.0,0.2066,0
KM-109,85.67,17483,69.15,86.6,165357.2,75,3,0,0.8839,0.1022,0.1125,0.4744,0.4523,1
KM-123,31.22,23574,44.31,51.41,107210.0,155,1,0,0.1474,0.16,1.0,0.0,0.2916,0
KM-125,41.0,51607,60.81,54.07,77096.7,139,3,3,0.3181,0.7581,0.3763,0.0,0.3761,0
KM-125,73.22,33648,53.53,66.36,31384.6,47,2,0,0.6361,0.2728,0.5291,0.0,0.3966,0
KM-113,74.14,18228,67.39,53.94,63810.0,7,0,1,0.5497,0.1888,0.0105,0.0,0.2417,0
KM-121,45.23,39306,68.63,74.57,81981.5,178,1,2,0.2546,0.5044,0.267,0.1306,0.2947,1
KM-115,76.26,54191,49.13,84.48,170461.3,105,0,2,0.5816,0.7175,0.7924,0.4138,0.6242,0
KM-115,31.31,49945,66.85,80.02,137176.8,54,1,1,0.148,0.5733,0.081,0.2863,0.2686,0
KM-101,83.28,50188,72.3,56.26,40693.5,114,0,0,0.6936,0.4969,0.171,0.0,0.4012,0
KM-116,15.53,7420,72.98,74.18,153349.0,107,2,1,0.1241,0.1082,0.1605,0.1194,0.1265,0
KM-107,42.39,24599,68.7,100.83,108050.3,12,1,0,0.2297,0.1705,0.018,0.8809,0.3028,0
KM-112,24.85,55102,73.43,97.4,178022.4,170,0,1,0.0618,0.6516,0.255,0.7829,0.3921,0
KM-110,62.07,17625,74.45,103.15,164908.1,152,1,0,0.4353,0.1034,0.228,0.9471,0.4132,1
KM-118,5.7,60132,54.07,99.16,87651.8,167,2,0,0.1032,0.6517,0.6875,0.8331,0.5032,0
KM-120,46.3,56671,58.42,53.64,117501.1,56,3,0,0.3644,0.5962,0.3472,0.0,0.346,1
KM-106,27.7,46699,52.41,98.67,93834.4,105,1,0,0.1268,0.446,0.661,0.8192,0.4519,0
KM-110,72.35,52613,57.25,51.42,170035.7,5,1,0,0.5735,0.5333,0.3174,0.0,0.3975,0
KM-113,59.65,32143,64.27,45.11,151575.9,118,0,0,0.3558,0.2547,0.2061,0.0,0.2294,0
KM-106,13.7,75747,63.6,97.84,21506.8,123,0,0,0.0188,0.9213,0.2404,0.7953,0.4441,0
KM-118,71.68,24790,44.12,79.17,69552.8,150,3,0,0.6638,0.1725,1.0,0.2619,0.5278,0
KM-121,6.59,32696,59.21,60.37,158444.6,33,1,0,0.0543,0.2613,0.281,0.0,0.1405,0
KM-102,26.14,42143,73.86,83.59,34220.7,178,0,1,0.0684,0.4623,0.267,0.3884,0.2706,1
KM-110,26.85,16767,54.28,75.79,148734.3,116,3,1,0.2221,0.176,0.6028,0.1654,0.2754,0
KM-113,88.7,28375,43.09,90.9,42419.3,155,4,1,0.9867,0.2912,1.0,0.5972,0.7376,1
KM-117,49.83,6412,42.41,86.8,68337.9,141,3,2,0.3983,0.1827,1.0,0.4801,0.4811,0
KM-102,81.21,32658,63.26,92.05,9257.5,55,4,0,0.8594,0.2608,0.1521,0.6301,0.5225,1
KM-111,65.68,74938,56.83,96.14,82847.9,66,0,2,0.4314,1.0,0.4259,0.7468,0.6355,0
KM-105,36.4,3370,41.79,99.22,95477.8,175,0,0,0.1325,0.0086,1.0,0.8349,0.4155,0
KM-123,38.68,37045,64.35,101.98,53886.6,123,1,1,0.1996,0.3951,0.2106,0.9136,0.3935,1
KM-116,13.09,17749,47.63,88.95,43771.7,9,2,2,0.1171,0.2645,0.7083,0.5414,0.3571,1
KM-101,52.62,10413,41.55,61.72,36404.0,16,2,0,0.3769,0.047,0.9619,0.0,0.336,1
KM-106,12.78,53175,43.43,92.89,42210.1,9,0,1,0.0163,0.6219,0.8763,0.6539,0.4672,0
KM-105,80.19,42312,60.73,52.39,32439.2,116,0,0,0.6431,0.3846,0.345,0.0,0.3902,1
KM-107,78.97,34912,67.76,83.4,130059.5,45,1,1,0.6736,0.3683,0.0675,0.3828,0.4179,0
KM-114,15.7,59937,68.02,48.97,103669.2,9,2,0,0.1247,0.6485,0.0135,0.0,0.2085,1
KM-121,59.06,68355,55.13,100.56,92839.3,148,1,0,0.3988,0.7898,0.6166,0.8731,0.635,1
KM-101,31.03,32327,52.68,100.46,52194.7,134,1,1,0.1463,0.3369,0.6937,0.8703,0.4482,1
KM-111,80.36,59317,41.09,62.22,27848.0,2,1,0,0.6958,0.6385,0.9593,0.0,0.595,0
KM-110,75.56,75490,49.21,88.91,102504.5,128,0,0,0.571,0.9166,0.8236,0.5404,0.7018,0
KM-104,37.04,29667,73.54,63.09,160799.6,123,1,1,0.1872,0.3058,0.1845,0.0,0.1789,1
KM-116,19.43,61719,63.45,92.88,99506.8,103,3,0,0.1878,0.6776,0.2164,0.6537,0.4091,1
KM-109,28.42,78320,74.52,90.7,5648.3,20,1,0,0.1308,0.9687,0.03,0.5914,0.4122,0
KM-113,58.73,68950,72.27,67.57,77913.6,32,2,0,0.445,0.8001,0.048,0.0,0.3654,0
KM-122,81.32,6801,65.19,85.12,124132.1,15,1,0,0.7113,0.0248,0.0225,0.4321,0.3461,0
KM-114,20.51,51499,73.05,68.16,125907.3,166,3,1,0.1921,0.5965,0.249,0.0,0.2661,0
KM-105,31.69,79374,67.2,98.95,131882.7,106,0,0,0.1004,0.9883,0.159,0.8272,0.4794,1
KM-115,30.7,77535,62.94,103.12,136802.7,66,4,0,0.2943,0.9541,0.1815,0.9464,0.5671,1
KM-111,70.51,52879,54.91,75.76,150180.8,4,3,3,0.6471,0.7774,0.4094,0.1646,0.5357,1
KM-102,57.33,43468,74.27,101.74,73726.4,58,0,1,0.3286,0.4805,0.087,0.9067,0.4339,0
KM-110,83.33,28716,42.0,67.62,68271.3,122,4,1,0.8944,0.2951,1.0,0.0,0.5868,0
KM-108,51.69,44568,54.12,48.44,120963.4,21,2,1,0.3672,0.4958,0.4667,0.0,0.3458,0
KM-102,83.35,45373,43.53,72.56,110999.8,45,1,2,0.7448,0.5871,0.9264,0.0732,0.6074,1
KM-125,80.13,51228,74.58,55.43,100521.2,124,3,0,0.7921,0.5124,0.186,0.0,0.4425,1
KM-115,45.86,33790,69.34,47.94,156094.2,173,1,0,0.2603,0.2745,0.2595,0.0,0.2116,0
KM-117,36.03,19872,67.24,71.33,55885.7,112,3,1,0.2798,0.2038,0.168,0.0379,0.1901,0
KM-102,45.24,28301,55.0,59.13,94599.7,64,2,0,0.3046,0.2104,0.4961,0.0,0.2584,0
KM-110,41.37,15301,42.34,76.46,134522.3,10,1,0,0.2212,0.0836,0.9214,0.1846,0.3195,1
KM-119,68.78,60750,69.27,96.74,11423.2,155,1,0,0.523,0.6617,0.2325,0.7641,0.5478,0
KM-104,32.49,76284,53.39,45.62,9568.2,135,1,0,0.1556,0.9311,0.6667,0.0,0.4206,0
KM-122,65.66,41510,45.73,57.88,105417.4,127,1,1,0.4811,0.4538,0.9611,0.0,0.4741,0
KM-108,25.93,16285,43.13,71.74,145738.4,127,1,0,0.1172,0.0918,1.0,0.0496,0.2739,0
KM-115,21.53,63185,60.44,75.43,50946.7,179,3,0,0.1964,0.7019,0.451,0.1553,0.3655,0
KM-113,81.74,39461,73.03,48.65,115511.2,23,1,0,0.7182,0.3464,0.0345,0.0,0.3449,0
KM-102,46.93,7951,41.42,72.67,102386.0,28,3,1,0.3703,0.1113,0.9852,0.0762,0.3697,1
KM-113,6.11,46275,46.67,99.08,95290.4,60,0,0,0.0037,0.4399,0.8231,0.8308,0.4421,1
KM-112,28.11,45230,64.84,97.7,86931.5,73,2,1,0.179,0.5051,0.116,0.7913,0.3704,0
KM-119,58.23,53617,63.12,59.08,54140.9,46,2,3,0.439,0.7887,0.1442,0.0,0.3797,0
KM-105,55.34,60070,51.28,83.72,160343.2,121,2,0,0.4063,0.6507,0.7305,0.392,0.5294,0
KM-112,61.61,52239,49.12,64.47,96069.4,46,2,3,0.4795,0.7677,0.7041,0.0,0.5006,0
KM-115,83.72,13386,49.31,98.01,73029.9,105,1,0,0.751,0.0684,0.785,0.8003,0.597,1
KM-118,54.7,33867,56.96,83.74,14521.5,52,1,3,0.3493,0.5154,0.3998,0.3926,0.4096,0
KM-107,59.89,49528,62.92,62.86,137622.3,52,2,0,0.4586,0.4871,0.1611,0.0,0.3145,0
KM-111,66.9,48541,72.59,87.43,62305.3,143,0,1,0.4476,0.5526,0.2145,0.4979,0.4373,0
KM-123,7.57,23240,48.15,88.4,134432.2,74,2,0,0.1057,0.1566,0.7849,0.5257,0.3383,0
KM-107,35.43,24360,53.91,104.52,12268.2,85,1,1,0.1755,0.248,0.571,0.9862,0.4349,0
KM-114,53.92,76813,74.7,101.42,24714.3,1,2,0,0.3908,0.9408,0.0015,0.8977,0.5518,1
KM-123,25.75,48780,52.83,60.04,82263.9,24,2,1,0.1663,0.5561,0.523,0.0,0.3018,1
KM-110,76.73,40164,57.73,63.36,85591.4,91,2,0,0.6887,0.3557,0.4274,0.0,0.4155,0
KM-120,19.44,12548,66.78,54.09,176386.2,54,3,0,0.1878,0.0621,0.081,0.0,0.0975,0
KM-120,24.59,22241,62.43,67.76,66001.2,166,2,1,0.1604,0.2266,0.3517,0.0,0.1831,0
KM-116,71.42,17368,64.98,97.46,94244.5,33,0,0,0.5101,0.1012,0.0503,0.7846,0.3708,0
KM-125,89.55,37152,45.83,55.91,132727.1,174,1,1,0.8519,0.3965,1.0,0.0,0.5973,1
KM-109,84.76,33029,56.59,62.64,139712.2,104,2,0,0.8184,0.2653,0.4924,0.0,0.4513,1
KM-107,13.36,47787,67.05,97.31,138105.0,174,2,1,0.1178,0.5417,0.261,0.7802,0.3849,0
KM-109,57.95,27012,54.83,66.14,44190.9,75,1,0,0.3858,0.1962,0.5193,0.0,0.2879,0
KM-105,11.69,49984,67.74,52.72,175460.0,177,0,0,0.0137,0.4939,0.2655,0.0,0.1814,0
KM-105,71.26,21721,41.35,97.66,170176.5,147,0,1,0.5078,0.2215,1.0,0.7904,0.5912,0
KM-117,91.47,68037,73.55,46.22,68601.1,96,0,1,0.8366,0.8643,0.144,0.0,0.5377,0
KM-110,61.97,3254,54.16,88.89,33583.3,160,2,0,0.4841,0.0082,0.6736,0.5397,0.4141,0
KM-110,5.31,61873,62.89,99.54,55346.9,92,3,1,0.1528,0.7602,0.2222,0.8439,0.4568,0
KM-107,18.14,4515,57.13,54.16,104742.5,75,2,1,0.1329,0.0934,0.4275,0.0,0.1554,0
KM-115,13.74,31705,60.49,86.41,10169.9,78,1,0,0.0689,0.2495,0.2975,0.4689,0.2398,0
KM-122,77.63,3747,57.63,58.76,118467.8,130,2,1,0.7027,0.0901,0.49,0.0,0.3665,0
KM-113,82.51,46557,70.31,102.48,88547.5,40,0,1,0.6808,0.524,0.06,0.9281,0.5669,0
KM-104,85.07,52265,59.29,78.28,69704.9,98,4,2,0.9237,0.6881,0.3755,0.2364,0.6177,0
KM-102,92.24,76087,72.18,65.48,142022.1,118,0,1,0.8508,1.0,0.177,0.0,0.5832,0
KM-113,85.31,41426,41.84,52.37,149560.7,109,1,0,0.7778,0.3726,1.0,0.0,0.5654,0
KM-112,18.08,72996,47.44,98.64,32093.6,86,2,0,0.1327,0.8716,0.8313,0.8182,0.5943,0
KM-118,55.71,74912,62.08,67.45,64177.9,89,2,1,0.4104,0.9861,0.2501,0.0,0.4402,1
KM-105,77.24,17743,42.95,54.76,22529.2,36,2,1,0.6966,0.1844,0.9359,0.0,0.4771,0
KM-112,81.17,35279,60.94,49.56,77477.1,156,1,1,0.7089,0.3728,0.3963,0.0,0.4206,1
KM-124,20.62,38477,57.44,81.38,33500.0,51,0,0,0.0425,0.3336,0.3787,0.3252,0.2391,0
KM-111,62.76,67878,69.13,60.28,38590.3,15,5,0,0.6439,0.7816,0.0225,0.0,0.4252,0
KM-124,10.6,22781,68.78,72.38,86653.9,62,2,0,0.1112,0.152,0.093,0.0679,0.1091,0
KM-124,7.43,1736,64.25,103.01,73352.6,124,2,1,0.1055,0.0832,0.2159,0.9431,0.2895,0
KM-108,83.73,15840,70.4,90.05,127009.2,64,2,3,0.801,0.3281,0.096,0.5728,0.4961,0
KM-102,55.83,43388,46.25,94.93,122788.8,35,0,1,0.3116,0.4794,0.8026,0.7123,0.5319,0
KM-105,59.69,32720,56.5,52.82,14420.9,127,0,2,0.3563,0.4216,0.5304,0.0,0.3362,1
KM-121,24.71,5464,57.79,56.92,141847.2,103,3,3,0.211,0.2578,0.4431,0.0,0.2269,0
KM-111,26.29,63485,62.74,48.01,63752.3,138,2,1,0.1691,0.7869,0.2973,0.0,0.3154,0
KM-104,20.07,79177,43.07,67.92,28478.2,147,2,2,0.1403,1.0,1.0,0.0,0.4991,1
KM-120,88.17,61777,59.52,46.86,124643.7,80,0,0,0.7774,0.6786,0.3392,0.0,0.5096,0
KM-117,36.12,26161,66.94,97.21,173754.6,167,6,1,0.4305,0.267,0.2505,0.7775,0.423,1
KM-122,49.26,69861,61.14,97.37,30546.9,30,2,0,0.3427,0.8161,0.1993,0.7819,0.5202,0
KM-105,40.9,3949,47.41,83.18,87038.7,70,1,0,0.2173,0.011,0.8087,0.3767,0.3159,0
KM-112,54.3,67951,41.03,56.42,54229.8,97,1,1,0.3448,0.8628,1.0,0.0,0.5364,1
KM-106,94.5,51774,67.97,104.8,47161.6,103,3,2,1.0,0.6806,0.1545,0.9942,0.7499,0
KM-113,57.02,34895,40.37,53.76,117733.9,8,3,0,0.4751,0.2881,0.9971,0.0,0.4377,1
KM-118,73.39,19129,63.51,52.4,179636.2,139,0,0,0.5387,0.1169,0.268,0.0,0.2714,0
KM-117,7.41,34754,68.08,47.47,128269.8,65,4,0,0.2055,0.2863,0.0975,0.0,0.163,0
KM-124,39.07,77539,74.75,71.86,179844.2,169,3,0,0.3026,0.9542,0.2535,0.0531,0.4058,0
KM-113,12.66,25620,62.64,70.39,166275.2,22,3,0,0.166,0.1812,0.1273,0.0111,0.1311,0
KM-118,38.28,46609,52.8,104.22,16726.5,63,1,0,0.1965,0.4447,0.5824,0.9776,0.492,1
KM-101,45.75,15363,72.34,57.12,153068.0,45,1,0,0.2593,0.0842,0.0675,0.0,0.1253,0
KM-112,9.52,53883,64.05,93.25,112436.8,26,0,0,0.0091,0.5528,0.0772,0.6644,0.2897,0
KM-108,6.81,29191,45.35,104.46,157202.9,68,1,1,0.0546,0.3004,0.888,0.9845,0.4687,0
KM-117,90.39,9807,73.37,88.88,77110.7,158,2,2,0.917,0.2029,0.237,0.5395,0.527,0
KM-125,67.69,42126,71.7,90.76,169679.1,101,1,0,0.5081,0.3821,0.1515,0.5931,0.4223,1
KM-123,52.14,35487,65.54,102.23,153853.5,70,1,1,0.3219,0.3754,0.105,0.921,0.4117,0
KM-111,47.66,18211,72.0,57.03,148706.5,129,1,2,0.2772,0.2686,0.1935,0.0,0.2029,0
KM-110,20.29,35556,50.79,53.18,71438.3,12,2,2,0.1412,0.4563,0.5864,0.0,0.2808,0
KM-112,89.79,24036,52.85,102.86,75327.4,96,0,1,0.8063,0.2447,0.6299,0.9388,0.6571,1
KM-113,47.16,43472,56.46,99.79,121557.2,100,1,0,0.2724,0.4006,0.4915,0.8512,0.464,0
KM-122,76.98,60504,40.6,79.88,143158.8,79,3,0,0.7426,0.6577,1.0,0.2824,0.6808,0
KM-124,53.8,70579,59.3,56.09,53352.6,167,2,1,0.3894,0.9087,0.4787,0.0,0.4592,0
KM-109,73.62,51617,59.03,79.82,148102.2,100,3,0,0.692,0.5183,0.3888,0.2805,0.5056,0
KM-109,47.3,18187,67.38,53.37,49219.9,52,1,4,0.2737,0.4284,0.078,0.0,0.2185,0
KM-114,59.46,79901,44.73,71.16,162068.6,5,5,1,0.6035,1.0,0.8184,0.0332,0.6315,0
KM-108,85.68,11853,50.13,70.24,95267.1,175,1,2,0.7841,0.217,0.8571,0.0067,0.5015,0
KM-113,72.33,73135,72.69,68.87,113895.1,117,0,1,0.5232,0.9541,0.1755,0.0,0.4567,0
KM-121,67.18,15630,60.33,72.29,96349.9,59,0,1,0.4513,0.1664,0.2754,0.0656,0.2677,0
KM-124,11.32,39037,50.61,74.89,93300.9,69,0,0,0.0128,0.3409,0.6791,0.1398,0.2535,0
KM-113,84.88,62813,66.53,103.79,125432.4,78,2,1,0.8204,0.7757,0.117,0.9655,0.6976,1
KM-101,22.04,46500,55.18,73.35,179468.3,173,3,1,0.1986,0.5231,0.6524,0.0956,0.3499,0
KM-113,30.81,12933,40.75,68.39,123172.7,53,1,0,0.1449,0.065,1.0,0.0,0.267,0
KM-118,85.66,18361,66.65,73.84,177716.5,39,3,1,0.8838,0.19,0.0585,0.1096,0.3905,1
KM-107,16.46,67195,51.68,101.13,22983.1,144,0,0,0.0271,0.7698,0.7487,0.8893,0.5295,1
KM-106,10.53,69698,42.11,48.72,58386.8,121,4,1,0.2111,0.8932,1.0,0.0,0.4972,0
KM-113,84.31,1657,70.57,95.02,156103.1,128,1,2,0.7608,0.163,0.192,0.7148,0.4884,0
KM-121,8.58,45598,53.8,103.01,127195.9,44,1,0,0.0574,0.4303,0.514,0.9431,0.4191,0
KM-116,13.91,23925,50.13,59.71,179091.5,3,2,1,0.1193,0.2435,0.5994,0.0,0.2225,1
KM-105,70.4,58546,45.29,104.61,157459.2,146,1,1,0.5456,0.7061,1.0,0.989,0.7653,1
KM-123,50.56,72588,57.11,99.44,179218.2,130,2,0,0.3556,0.8643,0.5104,0.8411,0.6109,1
KM-110,43.13,22750,49.28,62.33,176705.5,141,0,0,0.186,0.1516,0.8404,0.0,0.2711,1
KM-114,74.94,8482,59.32,86.57,135890.7,116,2,0,0.6616,0.0345,0.4011,0.4735,0.4151,0
KM-122,17.99,54753,70.87,91.31,117465.2,161,1,0,0.0824,0.5662,0.2415,0.609,0.3405,0
KM-120,19.02,15248,60.17,72.16,5873.6,28,1,0,0.0862,0.0832,0.2351,0.0616,0.1103,0
KM-116,62.98,32453,65.49,87.96,174994.1,38,3,1,0.5466,0.3384,0.057,0.513,0.3899,0
KM-101,81.88,70719,71.92,86.08,129663.6,72,1,1,0.7205,0.9111,0.108,0.4594,0.5934,0
KM-119,27.79,11976,50.28,103.55,122555.1,32,4,1,0.2772,0.1379,0.6367,0.9587,0.4506,0
KM-123,89.77,44437,54.73,95.66,82296.4,78,5,0,1.0,0.414,0.5279,0.7333,0.7057,0
KM-118,31.18,27415,63.61,79.25,169631.1,88,2,0,0.1972,0.2006,0.1875,0.2642,0.2095,0
KM-106,93.93,11423,70.29,91.88,57940.2,104,3,1,1.0,0.134,0.156,0.6251,0.5397,0
KM-120,47.3,79784,71.24,98.36,72735.9,101,3,1,0.3737,1.0,0.1515,0.8102,0.5731,1
KM-125,8.82,50502,61.54,57.49,12124.4,117,3,0,0.1578,0.5016,0.3138,0.0,0.2434,0
KM-122,26.3,12376,48.99,89.35,77985.4,89,1,0,0.1192,0.0608,0.7739,0.5528,0.3223,0
KM-112,23.5,14252,71.86,93.44,47266.1,106,4,0,0.2552,0.0752,0.159,0.6697,0.2739,1
KM-112,90.54,15759,67.24,46.61,89477.2,138,2,0,0.9198,0.0874,0.207,0.0,0.3852,0
KM-113,50.0,12784,66.26,99.44,41954.8,147,3,0,0.4,0.0639,0.2205,0.841,0.3683,0
KM-121,68.54,63743,41.71,95.4,90806.0,78,2,0,0.5697,0.7112,1.0,0.7257,0.7223,1
KM-110,61.42,35397,46.64,51.76,8617.8,135,1,0,0.4272,0.2943,0.9369,0.0,0.4105,0
KM-112,12.67,74346,53.66,94.66,128737.6,86,2,0,0.1161,0.8959,0.5826,0.7045,0.522,0
KM-106,61.31,67995,42.75,75.35,99025.4,93,0,0,0.3759,0.7836,1.0,0.153,0.558,1
KM-103,22.09,57515,72.3,82.28,72568.7,36,4,2,0.2488,0.7696,0.054,0.3508,0.3604,0
KM-106,79.95,34440,61.64,69.77,31179.8,118,1,1,0.6892,0.3625,0.3116,0.0,0.3941,1
KM-115,83.92,46543,43.57,57.9,103624.6,153,3,1,0.8543,0.5238,1.0,0.0,0.6299,0
KM-121,72.89,24712,43.81,104.65,174993.5,132,1,0,0.5812,0.1717,1.0,0.99,0.6444,0
KM-107,43.82,79353,52.03,51.41,78205.7,56,2,0,0.292,0.9879,0.6026,0.0,0.4697,0
KM-102,49.81,45013,43.02,66.36,29644.5,148,0,1,0.2481,0.5021,1.0,0.0,0.4123,0
KM-118,72.5,78718,48.34,80.27,143638.1,63,2,2,0.6256,1.0,0.7607,0.2934,0.6798,1
KM-108,38.89,10216,42.07,100.12,139350.4,86,1,1,0.2012,0.1256,1.0,0.8605,0.4739,0
KM-125,9.97,22409,49.57,62.59,134454.2,86,3,0,0.1599,0.1483,0.7464,0.0,0.2423,0
KM-115,43.65,7953,44.84,60.25,31997.5,102,1,2,0.2405,0.1913,0.9592,0.0,0.3239,0
KM-104,10.79,42181,47.61,70.3,27352.8,63,1,2,0.0616,0.5429,0.7903,0.0087,0.3171,0
KM-122,86.76,59325,64.93,65.18,17413.8,61,3,1,0.9027,0.7186,0.0942,0.0,0.5145,0
KM-105,68.96,57329,60.01,67.01,89034.8,161,0,0,0.4755,0.6066,0.4412,0.0,0.4063,0
KM-125,25.79,43704,69.2,65.94,150422.8,102,0,0,0.0665,0.4038,0.153,0.0,0.1548,0
KM-121,10.45,68605,40.19,63.99,63702.9,75,0,3,0.0109,1.0,1.0,0.0,0.4538,0
KM-119,47.21,60726,55.35,84.06,33336.0,77,1,0,0.2729,0.6613,0.5016,0.4018,0.4415,0
KM-103,68.69,71877,74.23,80.15,102909.5,119,1,1,0.5219,0.9316,0.1785,0.2899,0.5092,0
KM-107,89.1,44689,73.56,57.59,137749.5,141,3,1,0.9439,0.4975,0.2115,0.0,0.497,0
KM-105,12.44,70769,51.58,78.9,37087.2,14,2,0,0.1155,0.832,0.5579,0.2542,0.4108,0
KM-121,34.79,76706,54.52,97.35,48205.8,47,3,0,0.271,0.9389,0.4898,0.7814,0.5838,0
KM-107,83.22,30764,60.73,50.76,146670.4,145,2,0,0.7926,0.2385,0.3882,0.0,0.4147,0
KM-110,41.96,20841,43.86,46.66,110755.4,139,2,1,0.2761,0.213,1.0,0.0,0.3499,0
KM-112,88.5,14185,58.48,79.53,107223.7,112,3,0,0.9332,0.0747,0.429,0.2724,0.4856,0
KM-106,86.78,71000,53.07,48.17,114360.0,19,1,0,0.803,0.8361,0.5058,0.0,0.5912,0
KM-119,68.95,6068,68.67,63.57,43235.0,118,0,0,0.4754,0.0209,0.177,0.0,0.207,0
KM-123,20.04,15017,62.2,94.14,120783.1,156,1,1,0.0901,0.1613,0.3459,0.6898,0.279,0
KM-112,65.14,46629,59.54,45.97,119460.9,137,1,2,0.4743,0.605,0.4237,0.0,0.402,0
KM-116,87.75,51368,41.01,62.37,27607.6,152,1,2,0.82,0.6745,1.0,0.0,0.6556,1
KM-115,57.76,71672,41.81,61.02,54869.6,162,1,0,0.3837,0.848,1.0,0.0,0.5463,0
KM-118,79.67,79891,64.46,47.59,148595.8,177,2,0,0.7347,0.998,0.287,0.0,0.564,0
KM-121,68.45,49159,59.55,47.07,68504.2,130,2,0,0.5686,0.4817,0.4128,0.0,0.402,0
KM-102,35.48,37311,70.71,83.13,169452.1,121,0,3,0.1258,0.5585,0.1815,0.3752,0.295,1
KM-125,36.83,48131,58.32,68.17,88877.5,93,3,0,0.2856,0.4667,0.4067,0.0,0.298,0
KM-116,66.15,11727,45.13,83.69,85370.2,98,2,1,0.5375,0.1361,0.9418,0.3913,0.4888,0
KM-108,36.19,68279,55.76,68.08,140553.4,173,4,0,0.331,0.7885,0.6291,0.0,0.4388,1
KM-112,65.63,15980,74.56,80.51,71060.2,40,0,2,0.4308,0.2493,0.06,0.3002,0.2851,0
KM-123,16.97,59486,70.5,96.28,120660.8,116,1,1,0.0788,0.7212,0.174,0.751,0.3929,0
KM-103,19.02,59865,59.92,89.94,12902.3,63,1,0,0.0862,0.6473,0.2978,0.5696,0.3655,0
KM-125,45.72,22861,43.96,86.16,98363.7,133,4,0,0.409,0.1528,1.0,0.4618,0.4737,0
KM-104,51.4,6440,49.76,73.97,93242.1,161,2,1,0.3642,0.1028,0.8511,0.1135,0.3461,0
KM-112,15.72,57355,74.16,48.17,179009.2,61,1,1,0.0747,0.687,0.0915,0.0,0.2162,0
KM-103,54.16,49426,57.94,61.04,141611.8,128,4,0,0.4933,0.4856,0.4746,0.0,0.389,0
KM-113,50.46,52267,42.53,45.9,149013.6,103,0,2,0.2546,0.6881,1.0,0.0,0.4611,0
KM-113,35.21,60400,68.93,66.22,39251.6,108,1,1,0.174,0.736,0.162,0.0,0.2773,0
KM-109,57.79,11286,52.34,75.35,70162.1,93,3,0,0.484,0.053,0.646,0.1529,0.3424,0
KM-111,38.88,47016,73.89,102.51,18919.4,124,2,1,0.2512,0.5305,0.186,0.9288,0.4435,0
KM-113,75.91,19188,53.14,47.9,33374.3,98,2,2,0.6763,0.2775,0.6215,0.0,0.4304,1
KM-118,18.2,65731,52.25,45.35,105616.9,5,1,2,0.0831,0.9048,0.5176,0.0,0.3588,0
KM-125,50.32,28045,42.0,67.4,142449.4,11,0,1,0.2532,0.2876,0.9365,0.0,0.3478,0
KM-117,84.12,53296,66.63,62.88,100827.3,61,1,0,0.7576,0.5438,0.0915,0.0,0.4194,0
KM-116,72.21,26021,46.39,100.4,160518.3,19,0,1,0.5214,0.2655,0.7728,0.8686,0.5771,1
KM-121,27.17,3583,42.59,93.08,136320.4,79,1,0,0.1238,0.0095,1.0,0.6594,0.3776,0
KM-119,19.71,62877,59.58,99.31,147588.6,111,2,1,0.1388,0.7768,0.3831,0.8373,0.4869,0
KM-103,56.34,14453,48.16,55.45,158209.4,1,0,0,0.3175,0.0768,0.6749,0.0,0.2653,1
KM-123,16.48,18985,49.48,53.97,60995.2,175,4,0,0.2272,0.1156,0.8833,0.0,0.2851,0
KM-123,26.95,48149,40.45,48.31,139984.0,165,1,0,0.1226,0.4669,1.0,0.0,0.3597,0
KM-106,45.3,75059,66.77,63.8,132823.8,144,1,0,0.2552,0.9088,0.216,0.0,0.3597,0
KM-103,76.4,65755,49.78,81.27,27788.2,134,2,1,0.6838,0.8252,0.8097,0.3219,0.6719,0
KM-106,11.87,68010,57.75,63.59,137233.0,160,3,4,0.1641,1.0,0.5298,0.0,0.4134,0
KM-123,8.63,12254,45.32,91.36,40828.3,72,1,1,0.0574,0.1399,0.8953,0.6102,0.3562,1
KM-123,93.75,47436,67.65,51.39,88354.6,66,3,2,1.0,0.6166,0.099,0.0,0.5239,1
KM-119,9.42,61962,60.97,97.58,6340.2,87,1,0,0.0589,0.6816,0.2916,0.788,0.4069,0
KM-104,19.01,8574,59.06,71.82,69957.2,125,3,0,0.1861,0.0351,0.4252,0.0519,0.1693,0
KM-108,58.78,56471,48.04,97.15,39932.1,73,0,0,0.3455,0.5931,0.7878,0.7757,0.5819,0
KM-108,64.09,39282,67.97,63.06,36508.2,128,2,0,0.5107,0.3441,0.192,0.0,0.3032,0
KM-114,42.41,10031,45.88,104.69,166533.3,67,3,0,0.3298,0.0444,0.8653,0.9912,0.4978,0
KM-123,76.13,18759,58.59,60.34,142220.7,154,2,1,0.6795,0.1935,0.4875,0.0,0.3837,0
KM-119,15.2,79660,69.97,92.26,117898.2,170,1,1,0.0731,1.0,0.255,0.6359,0.4538,0
KM-102,63.7,37066,50.54,52.49,115332.9,157,1,0,0.4557,0.3154,0.8139,0.0,0.4011,1
KM-124,84.84,49128,50.55,73.99,41257.0,34,1,0,0.7698,0.4812,0.6289,0.1141,0.5384,1
KM-109,79.79,26872,63.84,99.33,57350.0,170,1,0,0.6866,0.1947,0.3016,0.8381,0.5169,0
KM-116,34.74,23091,67.85,57.56,75864.8,80,0,0,0.1207,0.1551,0.12,0.0,0.105,0
KM-118,86.12,54943,74.54,75.97,143373.9,18,0,2,0.7416,0.7292,0.027,0.1706,0.4814,0
KM-119,25.47,49341,58.26,96.16,23100.4,7,0,0,0.0649,0.4844,0.2803,0.7476,0.3494,1
KM-112,73.43,28798,41.14,78.39,41398.6,102,1,0,0.5891,0.216,1.0,0.2398,0.5082,1
KM-123,12.82,28617,73.31,81.43,137478.6,56,0,1,0.0164,0.2939,0.084,0.3266,0.1614,0
KM-112,57.11,22952,59.14,56.14,148953.5,157,0,0,0.3262,0.1537,0.4698,0.0,0.2465,0
KM-113,49.25,19032,44.14,59.79,156955.6,162,1,0,0.2926,0.116,1.0,0.0,0.3314,1
KM-124,49.69,1021,46.2,94.0,65382.8,47,1,1,0.2969,0.0814,0.8225,0.6856,0.4259,0
KM-104,32.07,56018,45.83,65.12,102022.7,13,2,0,0.2029,0.5859,0.7864,0.0,0.3748,0
KM-115,82.22,2563,71.84,83.53,54891.1,99,4,0,0.8761,0.0057,0.1485,0.3866,0.4151,0
KM-102,32.28,26877,64.73,102.54,148429.3,38,4,1,0.3042,0.2747,0.068,0.9297,0.3747,0
KM-120,90.33,61010,60.05,63.94,132482.7,167,1,1,0.866,0.746,0.4483,0.0,0.5792,1
KM-106,22.16,58538,69.76,103.95,121857.3,88,0,0,0.0491,0.6259,0.132,0.97,0.3941,0
KM-101,49.75,64974,60.03,90.78,149747.9,24,1,1,0.2976,0.8119,0.235,0.5938,0.4729,1
KM-104,79.2,53151,66.2,66.18,136300.5,39,3,0,0.7773,0.5415,0.0585,0.0,0.4191,0
KM-114,14.9,48776,59.84,45.11,49387.9,89,3,4,0.1722,0.7961,0.34,0.0,0.3273,1
KM-118,24.21,42664,74.95,66.5,172709.5,35,1,0,0.1086,0.3895,0.0525,0.0,0.1459,0
KM-122,39.62,47967,45.46,47.55,50563.8,89,0,1,0.157,0.5443,0.9152,0.0,0.3741,0
KM-108,70.77,31135,51.72,86.33,53994.4,156,3,1,0.6509,0.3228,0.7653,0.4666,0.5549,0
KM-108,70.39,6640,43.2,97.5,124098.0,139,0,0,0.4955,0.0239,1.0,0.7857,0.5365,0
KM-121,55.67,43193,60.27,53.69,41925.9,36,2,1,0.4099,0.4767,0.2434,0.0,0.3113,0
KM-105,84.16,46245,67.82,104.57,97559.6,68,2,0,0.8083,0.4395,0.102,0.9878,0.6107,0
KM-101,11.41,43109,74.48,48.94,145182.0,147,0,1,0.013,0.4756,0.2205,0.0,0.1675,0
KM-120,89.0,68610,56.17,99.93,131047.6,77,3,1,0.9421,0.8742,0.4686,0.8551,0.813,0
KM-109,16.48,54766,74.94,98.53,80451.6,163,1,0,0.0772,0.5664,0.2445,0.8151,0.3805,0
KM-117,43.95,28992,56.21,51.97,73791.8,19,2,1,0.2932,0.2982,0.3802,0.0,0.2532,0
KM-106,73.09,45216,50.86,104.57,115419.7,22,0,1,0.5342,0.5049,0.5985,0.9877,0.6304,1
KM-113,81.95,69043,54.07,66.25,117790.7,83,1,0,0.7216,0.8018,0.5615,0.0,0.5653,0
KM-120,61.11,58019,64.88,46.28,179700.6,158,2,2,0.4734,0.7776,0.2417,0.0,0.4084,0
KM-114,86.86,70984,44.95,83.17,135389.9,157,1,0,0.8045,0.8358,1.0,0.3762,0.7658,1
KM-109,37.84,26597,46.79,80.69,146669.3,176,0,2,0.1432,0.3517,0.9924,0.3054,0.3976,0
KM-121,89.27,9015,59.82,85.07,98227.3,111,2,0,0.8969,0.0378,0.3735,0.4304,0.4842,0
KM-121,25.42,34263,66.08,80.01,71733.6,164,1,1,0.1146,0.3603,0.246,0.2861,0.2366,0
KM-119,63.67,4794,72.36,87.13,167932.9,110,2,2,0.5054,0.1747,0.165,0.4896,0.3515,0
KM-111,44.14,18446,60.75,86.06,51720.6,20,3,1,0.3449,0.1907,0.2001,0.459,0.3002,0
KM-107,24.17,22394,46.34,47.18,126557.9,34,2,1,0.1584,0.2281,0.7976,0.0,0.272,0
KM-118,48.91,76687,50.33,72.51,88581.6,126,1,1,0.2892,1.0,0.7758,0.0717,0.5207,1
KM-111,59.26,31727,71.8,84.67,81902.5,20,5,0,0.6012,0.2498,0.03,0.4192,0.3627,0
KM-101,21.42,72779,56.67,79.27,111980.2,117,1,0,0.0959,0.8677,0.5088,0.2647,0.4052,0
KM-111,93.81,52224,45.56,55.4,62552.7,105,4,0,1.0,0.5274,0.9351,0.0,0.6689,1
KM-122,19.26,54189,53.6,95.24,31315.9,109,1,2,0.0871,0.7175,0.6195,0.721,0.478,0
KM-114,15.58,23112,67.57,72.73,78746.7,17,2,0,0.1243,0.1553,0.0255,0.078,0.103,0
KM-125,79.34,40541,64.37,100.73,74040.4,62,0,0,0.6296,0.3608,0.1182,0.878,0.5098,0
KM-113,53.2,67607,47.01,96.38,16115.2,73,2,1,0.383,0.8569,0.8291,0.7538,0.6649,0
KM-111,27.53,45939,58.6,104.9,154276.3,19,2,1,0.1758,0.5151,0.2844,0.9971,0.4466,0
KM-111,14.72,54144,59.97,75.62,87504.7,34,2,1,0.1217,0.6368,0.2521,0.1606,0.2843,0
KM-106,77.22,72559,71.9,59.7,150833.1,20,1,0,0.6463,0.8638,0.03,0.0,0.4482,0
KM-113,35.52,19989,65.87,66.12,76153.8,51,1,4,0.1762,0.4449,0.0765,0.0,0.1882,0
KM-104,76.38,13805,63.57,49.75,102362.4,78,0,0,0.5834,0.0717,0.1742,0.0,0.2569,1
KM-111,47.6,74972,68.53,67.61,152132.6,10,4,0,0.4266,0.9072,0.015,0.0,0.3791,0
KM-115,57.43,48011,60.05,97.29,177803.7,60,2,1,0.4298,0.5449,0.288,0.7796,0.5002,1
KM-103,19.83,2838,43.93,94.43,92251.9,68,1,0,0.0893,0.0067,0.9449,0.698,0.3615,1
KM-120,85.38,11375,70.62,100.69,16778.6,5,0,1,0.7289,0.1336,0.0075,0.8767,0.4654,1
KM-109,74.87,60657,55.96,51.17,154836.5,100,1,3,0.6106,0.9002,0.5117,0.0,0.5411,0
KM-106,61.87,28943,51.26,96.12,9027.9,79,1,0,0.4328,0.2176,0.668,0.7462,0.4887,0
KM-108,57.82,78871,74.11,59.94,22911.4,2,0,1,0.3343,1.0,0.003,0.0,0.3676,1
KM-105,73.02,36148,63.7,74.31,148525.7,150,0,1,0.5332,0.3837,0.277,0.1232,0.3626,0
KM-107,67.01,40687,73.23,92.13,67231.6,166,4,1,0.6491,0.4427,0.249,0.6324,0.5141,1
KM-106,16.28,39297,42.62,74.51,127762.6,159,2,1,0.1265,0.4243,1.0,0.129,0.3761,0
KM-102,87.81,79462,69.48,93.28,73184.6,112,2,0,0.871,0.9899,0.168,0.6652,0.719,0
KM-104,62.9,23681,60.7,96.36,17624.8,179,1,2,0.4457,0.3211,0.4404,0.7532,0.475,1
KM-107,49.34,53028,51.88,61.51,54326.9,65,0,0,0.2434,0.5397,0.6224,0.0,0.3446,0
KM-122,52.06,71009,69.6,58.03,100136.9,45,3,0,0.421,0.8362,0.0675,0.0,0.3699,0
KM-122,31.41,3429,54.47,64.13,20700.9,125,0,0,0.0987,0.0089,0.6088,0.0,0.1585,0
KM-110,69.07,6553,42.07,59.22,14322.5,154,1,0,0.5271,0.0234,1.0,0.0,0.3904,1
KM-112,17.17,43691,49.64,101.89,146779.8,131,0,1,0.0295,0.4836,0.811,0.9111,0.4756,0
KM-114,31.19,55502,59.94,51.97,88868.8,39,2,0,0.1973,0.5779,0.2609,0.0,0.2657,0
KM-122,76.65,38437,66.15,103.88,82206.6,150,1,2,0.6375,0.493,0.225,0.9679,0.585,1
KM-113,94.94,13594,52.32,96.06,105583.5,1,3,0,1.0,0.07,0.5086,0.7444,0.6181,1
KM-112,88.39,22209,49.4,85.29,122815.2,75,2,1,0.8812,0.2263,0.7364,0.4369,0.5996,1
KM-119,31.01,49780,48.4,82.86,77593.9,107,1,0,0.1462,0.4908,0.8246,0.3675,0.4123,1
KM-105,64.4,70538,45.61,84.86,36373.9,23,5,1,0.6647,0.9079,0.81,0.4245,0.7065,1
KM-125,16.13,39270,69.48,72.75,161173.8,170,1,1,0.076,0.4239,0.255,0.0785,0.1993,0
KM-120,43.03,4336,66.77,51.28,146317.6,55,3,2,0.3352,0.1726,0.0825,0.0,0.177,0
KM-117,59.19,6334,44.82,65.39,40171.7,135,3,1,0.5003,0.1023,1.0,0.0,0.4007,0
KM-125,84.03,37199,56.51,77.29,114300.4,83,1,0,0.756,0.3171,0.4639,0.2084,0.4783,0
KM-121,28.35,52018,65.84,76.84,80046.9,130,2,1,0.1804,0.6043,0.195,0.1953,0.2923,0
KM-102,47.51,56585,74.36,93.93,103368.3,156,1,1,0.2757,0.6749,0.234,0.6838,0.4488,0
KM-108,26.51,78201,71.57,50.15,64355.0,175,3,0,0.2203,0.9665,0.2625,0.0,0.3712,0
KM-101,18.82,2444,66.07,73.07,162295.8,114,1,0,0.0854,0.0053,0.171,0.0878,0.083,0
KM-108,13.35,60027,44.42,82.76,114505.7,146,0,0,0.0178,0.65,1.0,0.3646,0.4416,0
KM-124,90.35,62018,59.35,78.65,34400.4,27,1,2,0.8662,0.8426,0.2667,0.2473,0.6166,1
KM-105,56.04,78247,48.33,89.32,48431.3,50,2,1,0.4141,1.0,0.7416,0.5519,0.6536,0
KM-121,10.02,78413,58.88,99.84,86232.7,123,1,1,0.06,1.0,0.4292,0.8526,0.5274,0
KM-108,27.94,21637,65.64,91.7,152632.2,163,1,1,0.1281,0.2207,0.2445,0.6201,0.2729,1
KM-124,38.83,63675,60.63,66.21,64967.9,153,0,2,0.1507,0.8701,0.4045,0.0,0.3512,1
KM-116,26.11,6320,62.17,83.64,122512.7,48,3,0,0.2182,0.0222,0.1852,0.3897,0.1969,0
KM-102,20.49,48759,68.34,57.94,31901.3,60,2,1,0.142,0.5558,0.09,0.0,0.2067,0
KM-121,69.38,37050,43.32,97.48,56175.8,118,1,1,0.5313,0.3952,1.0,0.7852,0.6418,1
KM-108,76.54,68485,41.06,55.71,131262.0,99,1,0,0.6358,0.7921,1.0,0.0,0.6206,1
KM-106,51.87,44164,73.88,83.61,146233.6,37,3,0,0.419,0.4102,0.0555,0.3888,0.3381,1
KM-112,45.08,65050,47.78,84.73,126024.3,142,3,2,0.3532,0.8932,0.902,0.4207,0.6115,1
KM-109,41.74,66577,46.42,58.2,71826.1,80,1,1,0.2242,0.8392,0.8633,0.0,0.4609,0
KM-103,47.39,45767,48.78,65.85,15895.5,112,2,1,0.3246,0.5127,0.8168,0.0,0.4051,0
KM-124,35.6,45835,46.99,47.07,153842.0,22,0,0,0.1268,0.4337,0.7534,0.0,0.3035,0
KM-112,68.8,44575,65.46,77.1,163147.5,49,3,1,0.6233,0.4959,0.0735,0.203,0.3974,0
KM-124,82.38,34677,61.54,50.29,154638.4,168,3,0,0.8286,0.2854,0.3905,0.0,0.4395,0
KM-101,91.86,53060,65.29,67.01,59190.6,177,1,1,0.8938,0.6202,0.2655,0.0,0.521,1
KM-101,93.23,2344,69.53,95.31,178666.6,86,0,1,0.8692,0.085,0.129,0.723,0.4959,0
KM-109,23.91,28950,52.47,56.05,49844.0,141,4,1,0.2572,0.2977,0.7125,0.0,0.3069,0
KM-125,36.54,66108,63.39,92.54,135284.2,78,1,1,0.1835,0.8312,0.1815,0.644,0.4371,0
KM-122,70.23,18726,67.4,58.33,140367.1,157,0,1,0.4933,0.1932,0.2355,0.0,0.2681,0
KM-103,21.59,38491,68.81,64.84,102404.2,150,2,0,0.1466,0.3337,0.225,0.0,0.1797,0
KM-111,33.59,47028,61.43,48.81,146292.9,89,0,0,0.1128,0.4507,0.2764,0.0,0.2075,1
KM-114,6.04,1367,46.65,52.44,167801.8,14,1,1,0.0536,0.0822,0.7551,0.0,0.1904,0
KM-114,86.1,13220,51.76,79.33,102806.3,8,1,1,0.7913,0.1472,0.5416,0.2665,0.4754,0
KM-109,85.27,41754,62.02,50.56,137609.6,177,2,1,0.8271,0.4571,0.3846,0.0,0.4807,0
KM-121,64.73,23008,73.9,101.44,171745.6,106,5,2,0.669,0.3142,0.159,0.8982,0.5241,0
KM-106,51.46,56016,43.91,53.15,68505.7,33,5,0,0.5148,0.5859,0.8931,0.0,0.5053,0
KM-122,86.8,40869,54.76,50.15,84831.8,112,2,0,0.8535,0.3651,0.5776,0.0,0.5055,0
KM-125,73.29,20728,64.07,58.37,150362.7,162,3,0,0.6872,0.1319,0.2801,0.0,0.3295,1
KM-114,46.96,38849,47.11,78.72,119194.9,68,1,0,0.2705,0.3384,0.8176,0.249,0.3926,0
KM-120,31.12,53004,46.47,69.53,116960.9,25,0,2,0.0968,0.6993,0.7788,0.0,0.3645,0
KM-101,13.28,73949,52.28,60.66,70512.7,143,2,0,0.1176,0.8887,0.7232,0.0,0.408,0
KM-122,88.81,3193,55.27,78.87,84998.2,59,3,1,0.9388,0.088,0.4777,0.2534,0.4968,1
KM-119,36.69,77618,64.57,66.76,139772.1,59,1,0,0.1846,0.9557,0.1059,0.0,0.3247,0
KM-106,64.35,76490,53.9,66.88,53795.7,134,0,0,0.4142,0.9349,0.6451,0.0,0.5077,0
KM-105,38.18,34534,53.02,51.79,135758.0,174,0,1,0.1457,0.3636,0.7404,0.0,0.29,0
KM-112,27.53,53902,68.1,65.57,172042.4,134,3,0,0.2258,0.5531,0.201,0.0,0.2575,1
KM-123,64.11,4681,68.36,73.88,40566.3,76,3,1,0.561,0.0942,0.114,0.1108,0.2649,0
KM-120,7.34,61099,73.4,62.92,70159.8,113,1,0,0.0554,0.6674,0.1695,0.0,0.2201,0
KM-121,76.91,58872,43.57,57.31,35899.5,78,2,1,0.6915,0.7113,0.9741,0.0,0.6147,0
KM-108,90.57,79646,43.73,65.79,11988.3,149,3,2,0.9703,1.0,1.0,0.0,0.7896,0
KM-121,66.09,55284,54.91,67.37,37123.7,49,3,1,0.5868,0.6545,0.4771,0.0,0.4644,0
KM-110,13.69,13154,52.21,99.62,176487.1,40,2,1,0.1187,0.1467,0.5714,0.8462,0.3618,0
KM-118,54.23,28902,73.73,48.5,65511.4,122,0,2,0.2941,0.3771,0.183,0.0,0.2338,0
KM-105,12.41,52369,48.0,75.54,143455.1,157,1,3,0.0654,0.7696,0.9157,0.1583,0.4301,0
KM-120,59.03,52779,72.14,87.85,159925.7,134,2,2,0.4485,0.6959,0.201,0.51,0.4731,0
KM-109,66.66,32661,74.87,54.58,98982.0,116,0,0,0.4444,0.2609,0.174,0.0,0.2555,0
KM-122,23.97,63852,44.71,93.56,43618.2,3,0,1,0.0575,0.7931,0.8161,0.6732,0.5162,1
KM-105,94.35,57655,44.95,51.47,110980.5,53,0,1,0.8901,0.6918,0.8814,0.0,0.6608,0
KM-122,74.7,13672,65.66,90.55,55762.9,120,0,1,0.558,0.1507,0.18,0.5872,0.3864,0
KM-115,83.48,42004,64.11,48.5,47697.5,38,0,1,0.697,0.4605,0.0924,0.0,0.3775,1
KM-101,45.08,13304,71.81,89.13,160468.6,82,0,1,0.2032,0.1478,0.123,0.5467,0.242,0
KM-117,70.72,37295,59.09,101.84,126491.6,100,0,4,0.5002,0.6383,0.3863,0.9097,0.5939,0
KM-101,68.38,15655,45.47,59.24,152072.5,79,3,1,0.6176,0.1666,0.8996,0.0,0.4377,0
KM-106,86.1,47707,73.54,65.4,115182.8,9,0,2,0.7413,0.6205,0.0135,0.0,0.4173,0
KM-103,22.07,1887,64.33,79.93,175093.0,150,3,0,0.1987,0.0036,0.2517,0.2838,0.1776,1
KM-120,32.58,70568,53.45,96.11,91121.4,116,0,0,0.1061,0.8285,0.6361,0.746,0.5207,0
KM-108,22.94,61092,56.95,96.37,22842.0,146,1,2,0.1026,0.8273,0.541,0.7535,0.5016,1
KM-122,34.32,34697,61.64,70.32,172355.1,123,2,2,0.2178,0.4456,0.3188,0.0093,0.2532,0
KM-106,24.6,60791,65.89,48.66,148577.9,133,1,2,0.1105,0.8224,0.1995,0.0,0.2842,0
KM-125,10.33,48257,69.85,104.49,46580.3,121,1,1,0.0607,0.5485,0.1815,0.9854,0.3917,0
KM-109,23.35,8361,49.45,83.98,91787.2,3,2,1,0.1545,0.1138,0.6264,0.3995,0.2877,0
KM-114,69.24,41923,42.33,96.96,41239.8,49,1,0,0.5294,0.3794,0.9803,0.7702,0.6302,0
KM-111,68.29,32030,62.12,73.21,102502.1,3,3,0,0.6164,0.2533,0.1198,0.0918,0.3214,1
KM-121,65.73,7507,70.51,70.66,167887.7,92,2,1,0.5321,0.1087,0.138,0.0188,0.2448,1
KM-107,50.69,38483,44.42,95.63,140599.5,69,6,2,0.5569,0.4936,0.9267,0.7322,0.6501,1
KM-109,52.67,57312,53.63,100.33,66333.3,118,1,0,0.3274,0.6064,0.6319,0.8665,0.5659,0
KM-112,82.68,23444,56.4,77.2,114451.0,95,3,0,0.8335,0.1586,0.4865,0.2056,0.4698,0
KM-116,23.45,74967,47.33,60.23,67660.8,30,3,0,0.205,0.9071,0.7517,0.0,0.4489,0
KM-112,58.07,21778,44.61,57.96,50455.4,164,3,0,0.4872,0.142,1.0,0.0,0.406,0
KM-113,10.91,1850,46.46,83.94,86455.9,151,0,3,0.0119,0.2435,0.9682,0.3983,0.3383,0
KM-110,54.09,16745,44.71,67.4,143772.4,156,2,2,0.3925,0.2558,1.0,0.0,0.4013,0
KM-121,27.27,26640,51.94,97.82,178946.6,86,1,2,0.1244,0.3522,0.6514,0.795,0.4208,0
KM-112,59.95,20585,71.62,47.11,132627.8,65,2,2,0.4594,0.2905,0.0975,0.0,0.2529,0
KM-117,84.31,45504,67.5,85.0,60660.5,38,2,1,0.8109,0.509,0.057,0.4286,0.5082,0
KM-119,44.13,75774,68.59,78.42,73552.2,58,5,0,0.4448,0.9218,0.087,0.2405,0.4516,1
KM-117,27.94,8205,68.8,67.38,16745.4,120,0,1,0.0781,0.1128,0.18,0.0,0.0915,0
KM-105,80.41,57471,41.66,72.99,157736.1,108,0,0,0.6466,0.6089,1.0,0.0854,0.5956,1
KM-115,66.04,63211,74.07,98.31,103367.3,87,1,1,0.4861,0.7824,0.1305,0.8088,0.5536,0
KM-109,60.18,1749,70.76,83.04,15616.1,19,3,0,0.5122,0.0032,0.0285,0.3725,0.2603,1
KM-115,19.4,43462,56.14,80.08,36753.2,46,1,0,0.0876,0.4004,0.4233,0.288,0.273,1
KM-107,64.4,41541,51.14,58.39,19183.3,29,2,0,0.5148,0.3742,0.598,0.0,0.3933,0
KM-111,62.52,61717,57.46,103.71,133477.8,101,0,2,0.3909,0.8376,0.453,0.963,0.6294,0
KM-112,60.53,66839,70.31,69.17,171891.8,7,1,2,0.4164,0.9237,0.0105,0.0,0.3788,0
KM-115,91.49,6886,42.97,104.73,126766.3,64,4,1,1.0,0.1053,0.9771,0.9923,0.7702,1
KM-109,19.24,5258,48.56,83.64,143087.0,90,1,0,0.087,0.0168,0.7924,0.3896,0.2711,0
KM-119,79.64,63908,54.49,55.9,142789.1,75,1,1,0.6843,0.794,0.533,0.0,0.5446,0
KM-121,59.24,17662,43.91,51.85,149735.8,45,1,0,0.4009,0.1037,0.9111,0.0,0.3485,0
KM-102,33.41,57540,46.58,51.43,138951.0,19,1,0,0.1616,0.61,0.7654,0.0,0.3621,0
KM-119,10.36,52277,61.56,45.94,47617.1,36,1,3,0.0607,0.7682,0.1917,0.0,0.2517,1
KM-101,58.92,8042,58.08,51.54,91429.9,174,2,1,0.4472,0.1119,0.5379,0.0,0.2921,0
KM-118,72.73,29493,67.98,89.13,156501.2,124,0,0,0.529,0.2238,0.186,0.5465,0.3876,0
KM-105,87.13,70546,69.39,91.07,92194.1,112,4,0,0.9591,0.8281,0.168,0.6021,0.6967,1
KM-108,16.56,18763,60.47,84.16,140587.6,64,1,1,0.0774,0.1936,0.2772,0.4045,0.2118,0
KM-117,73.62,48048,49.5,91.96,14023.0,160,4,1,0.742,0.5455,0.86,0.6276,0.6936,1
KM-117,74.46,73828,67.81,97.55,80002.5,27,3,0,0.7045,0.8865,0.0405,0.7872,0.6337,0
KM-117,68.52,70640,45.81,99.11,44794.7,41,3,1,0.6195,0.9097,0.8292,0.8318,0.7765,0
KM-109,55.76,7276,54.04,57.63,135066.0,134,5,1,0.561,0.1074,0.6394,0.0,0.3511,0
KM-115,14.66,44207,50.92,77.14,48670.5,15,1,0,0.0715,0.4108,0.5855,0.2041,0.2856,0
KM-118,49.08,67045,70.67,73.78,58888.7,115,3,0,0.3909,0.7672,0.1725,0.1081,0.3847,0
KM-122,28.37,8627,50.36,88.82,160617.5,146,0,1,0.0805,0.1154,0.8044,0.5376,0.3254,0
KM-108,62.07,48911,72.36,68.98,58790.5,109,2,1,0.4853,0.5581,0.1635,0.0,0.3421,1
KM-118,9.21,3497,69.67,50.25,70982.7,55,3,0,0.1585,0.0091,0.0825,0.0,0.0743,0
KM-125,33.83,20199,64.46,65.55,26527.9,157,1,1,0.1644,0.2069,0.2571,0.0,0.1607,0
KM-117,80.62,71775,44.73,75.64,114105.0,11,0,1,0.6499,0.9298,0.8272,0.161,0.6576,1
KM-105,51.65,55685,60.08,98.65,89193.8,112,1,0,0.3168,0.5807,0.365,0.8186,0.4928,0
KM-120,34.87,26829,61.7,74.92,21203.2,157,0,0,0.1216,0.1942,0.3674,0.1405,0.1927,1
KM-121,87.5,34172,63.31,65.78,144289.2,90,2,1,0.8656,0.3592,0.2025,0.0,0.4333,1
KM-111,49.55,45122,67.37,79.09,109734.8,102,1,2,0.2955,0.5836,0.153,0.2598,0.3319,0
KM-117,45.52,25758,59.15,47.23,113919.7,86,1,1,0.2572,0.2627,0.363,0.0,0.2283,0
KM-104,43.51,56310,45.98,76.01,168039.7,145,4,2,0.3893,0.7505,0.9782,0.1719,0.5539,0
KM-123,45.8,16424,41.36,91.47,28174.5,5,0,1,0.2097,0.173,0.9532,0.6135,0.43,0
KM-112,61.66,49374,73.83,45.23,169702.9,56,2,1,0.4801,0.5649,0.084,0.0,0.3261,1
KM-113,38.98,10378,73.18,84.7,119587.3,86,1,1,0.2019,0.1267,0.129,0.4199,0.2121,0
KM-122,91.79,5953,44.19,50.23,6637.1,143,2,0,0.9426,0.0203,1.0,0.0,0.535,0
KM-110,61.88,71691,47.54,74.53,10765.6,7,0,0,0.383,0.8483,0.7089,0.1295,0.5138,0
KM-121,68.57,29981,41.02,102.31,61961.9,17,0,0,0.4702,0.2294,0.9848,0.9232,0.6035,1
KM-112,64.27,12763,45.91,84.86,22219.8,99,1,0,0.463,0.0637,0.9121,0.4245,0.4453,1
KM-107,42.5,61039,64.93,81.8,97656.8,150,2,2,0.2806,0.8265,0.2277,0.3371,0.4178,0
KM-122,80.91,68144,43.0,67.68,163123.2,110,1,1,0.7047,0.8662,1.0,0.0,0.6632,1
KM-119,81.94,45577,60.89,94.49,36680.6,163,0,1,0.6714,0.51,0.4088,0.6997,0.5842,1
KM-112,39.2,58718,41.71,83.16,122463.7,66,0,0,0.1537,0.6288,1.0,0.3759,0.4862,0
KM-113,15.89,69707,42.14,84.01,44993.4,5,2,0,0.1252,0.8134,0.9218,0.4004,0.5116,1
KM-125,80.22,7988,55.8,48.8,25273.8,35,1,1,0.6936,0.1116,0.4203,0.0,0.3547,0
KM-122,71.61,60266,56.41,94.95,44577.5,145,0,4,0.5128,0.9738,0.561,0.7127,0.6777,0
KM-114,73.73,68148,72.24,99.88,101757.6,26,1,0,0.5936,0.7862,0.039,0.8536,0.5828,1
KM-110,20.22,74647,41.62,77.96,65037.9,160,1,0,0.0909,0.9013,1.0,0.2275,0.5026,0
KM-104,33.35,16706,62.35,104.0,122093.6,14,1,2,0.1612,0.2554,0.1269,0.9715,0.3399,0
KM-106,69.24,40182,43.58,74.62,93171.2,105,3,0,0.6294,0.356,1.0,0.1321,0.5357,1
KM-104,92.21,19847,52.39,96.08,168449.9,19,2,0,0.9503,0.1236,0.5331,0.7452,0.6192,0
KM-112,40.12,20785,49.17,66.65,177039.3,36,1,0,0.211,0.1324,0.6874,0.0,0.2444,1
KM-112,34.89,4687,43.25,84.91,112996.7,164,1,1,0.1718,0.0942,1.0,0.426,0.3689,1
KM-109,30.35,42006,72.13,67.11,15818.9,129,1,1,0.1421,0.4605,0.1935,0.0,0.2036,0
KM-125,63.56,4053,70.36,101.94,177613.6,139,0,1,0.404,0.0914,0.2085,0.9126,0.3885,0
KM-124,55.57,57109,61.36,52.44,34230.9,86,1,1,0.3588,0.6831,0.2747,0.0,0.3513,0
KM-107,10.8,47764,59.94,99.77,56608.4,154,2,2,0.1117,0.6213,0.4334,0.8506,0.4512,0
KM-104,47.94,13302,62.11,59.36,73885.7,33,2,1,0.3299,0.1478,0.1652,0.0,0.1854,0
KM-122,58.19,27284,72.75,88.42,30342.5,137,2,0,0.4386,0.1992,0.2055,0.5263,0.3497,0
KM-113,54.96,18013,41.04,76.83,24882.5,54,2,0,0.402,0.1068,1.0,0.1952,0.4065,0
KM-115,49.31,65933,59.51,69.46,167343.4,78,2,1,0.3431,0.8282,0.3365,0.0,0.3945,0
KM-106,27.27,71835,74.54,87.42,19650.0,40,0,0,0.0744,0.8509,0.06,0.4978,0.3503,0
KM-105,53.3,14135,44.49,85.77,152609.0,100,2,0,0.3841,0.0743,0.9702,0.4506,0.4371,0
KM-113,53.85,42478,70.38,80.1,179246.8,99,0,1,0.29,0.4669,0.1485,0.2886,0.3057,0
KM-122,36.86,50755,49.15,88.3,118984.5,38,1,1,0.1859,0.5853,0.6909,0.5229,0.4542,0
KM-115,39.3,65243,48.79,84.51,170480.5,63,4,0,0.3544,0.7365,0.7429,0.4145,0.5396,1
KM-107,63.19,16218,59.8,85.24,83060.3,129,2,1,0.4993,0.1713,0.4013,0.4355,0.3849,0
KM-118,61.9,70835,68.84,66.7,23919.9,28,5,1,0.6332,0.9132,0.042,0.0,0.4583,0
KM-112,54.36,30832,48.12,66.18,52172.0,30,1,0,0.3456,0.2393,0.7201,0.0,0.3248,1
KM-102,47.36,59380,56.65,95.54,69479.4,68,6,1,0.5243,0.7195,0.4359,0.7298,0.5965,0
KM-114,15.79,71997,44.4,66.49,89243.3,53,0,1,0.0249,0.9338,0.9035,0.0,0.4229,0
KM-120,30.03,63787,61.85,96.74,32991.5,154,0,0,0.0902,0.712,0.357,0.764,0.4338,0
KM-119,55.13,28138,66.14,46.18,69766.1,39,1,1,0.354,0.2886,0.0585,0.0,0.2077,1
KM-112,92.66,13767,66.57,73.17,72214.1,37,3,2,1.0,0.2314,0.0555,0.0905,0.4371,1
KM-115,37.35,79457,72.25,64.45,56078.6,41,2,1,0.2395,1.0,0.0615,0.0,0.3461,0
KM-110,55.53,63691,44.56,70.51,9623.9,158,1,1,0.3583,0.7904,1.0,0.0144,0.5259,1
KM-107,74.19,33822,74.95,104.23,66526.5,16,0,0,0.5505,0.2749,0.024,0.9779,0.4618,1
KM-123,5.49,30593,61.44,64.38,66887.0,26,2,0,0.103,0.2365,0.1814,0.0,0.1315,0
KM-122,39.62,78317,44.65,93.81,118824.5,153,2,0,0.257,0.9686,1.0,0.6803,0.6682,0
KM-121,81.41,48890,50.95,70.88,125833.9,37,1,1,0.7128,0.5577,0.6174,0.0252,0.5174,1
KM-108,49.13,68458,51.72,84.04,92061.8,28,4,2,0.4414,0.9516,0.573,0.4011,0.5872,1
KM-102,62.42,74012,59.85,75.16,133339.6,6,3,0,0.5397,0.8899,0.2152,0.1475,0.4839,0
KM-105,92.19,63893,42.63,53.7,156292.0,16,0,0,0.8499,0.7137,0.9189,0.0,0.6597,1
KM-120,23.99,41345,57.5,51.54,22276.0,100,2,2,0.1575,0.5315,0.4498,0.0,0.278,0
KM-112,22.24,59353,55.15,67.55,79933.1,55,3,0,0.1995,0.639,0.4766,0.0,0.3249,1
KM-102,72.02,43275,50.23,49.52,132901.9,110,3,1,0.6687,0.4779,0.7559,0.0,0.5047,1
KM-112,12.44,59452,45.12,45.39,114023.2,44,3,2,0.1655,0.8006,0.861,0.0,0.4303,0
KM-101,21.06,28342,59.4,60.56,85172.4,105,4,1,0.2443,0.2909,0.3816,0.0,0.2346,0
KM-125,28.08,4322,71.45,53.1,139184.2,68,2,5,0.1788,0.4126,0.102,0.0,0.1861,0
KM-101,26.91,38177,41.59,56.79,81633.7,136,3,0,0.2224,0.3297,1.0,0.0,0.3603,0
KM-123,40.05,52271,72.17,55.56,135464.8,98,2,1,0.2604,0.6081,0.147,0.0,0.2726,0
KM-106,83.19,33907,46.27,89.15,73763.3,121,1,0,0.7421,0.2759,0.9306,0.5472,0.6243,0
KM-122,46.03,2428,71.77,74.1,119553.0,35,1,0,0.2619,0.0053,0.0525,0.117,0.1269,0
KM-104,20.13,3965,49.23,101.8,106047.2,123,0,0,0.0405,0.011,0.8151,0.9086,0.3617,0
KM-104,66.35,29766,70.67,52.83,127382.3,164,0,0,0.4403,0.227,0.246,0.0,0.26,0
KM-122,29.54,6014,69.48,65.93,71512.0,154,1,0,0.1372,0.0206,0.231,0.0,0.0994,0
KM-112,87.55,50726,69.97,75.9,36528.0,164,1,1,0.8165,0.5849,0.246,0.1687,0.515,0
KM-117,25.29,43585,43.15,70.02,6465.0,165,0,0,0.064,0.4021,1.0,0.0007,0.3231,1
KM-123,79.72,21918,65.39,81.93,153513.3,7,1,0,0.6855,0.1434,0.0105,0.341,0.3461,0
KM-102,90.38,78993,55.2,56.95,98825.0,109,3,2,0.9668,1.0,0.5556,0.0,0.6995,1
KM-124,52.83,48949,51.14,82.83,85651.9,51,0,1,0.2791,0.5586,0.631,0.3666,0.4369,0
KM-102,66.88,37183,67.29,67.04,115041.0,136,1,0,0.4973,0.3169,0.204,0.0,0.2941,0
KM-122,6.05,42990,62.7,74.71,14131.4,51,1,0,0.0537,0.3939,0.1685,0.1345,0.1779,0
KM-119,63.15,24566,70.1,95.77,148136.0,164,2,1,0.4988,0.2502,0.246,0.7363,0.4336,0
KM-116,77.83,58412,52.69,74.44,148043.2,67,0,1,0.6057,0.7039,0.593,0.1268,0.532,0
KM-108,33.53,68799,62.92,88.59,150853.8,81,0,3,0.1124,1.0,0.2047,0.531,0.4365,0
KM-112,58.76,51125,68.19,55.33,78994.0,1,2,0,0.4453,0.5109,0.0015,0.0,0.2839,1
KM-103,51.36,54841,47.39,53.85,8174.5,53,2,2,0.3637,0.7276,0.7837,0.0,0.4659,0
KM-106,16.89,13718,48.97,60.73,158570.8,83,0,2,0.0285,0.231,0.7657,0.0,0.2209,0
KM-109,67.73,45362,49.41,65.62,72286.6,163,1,0,0.5087,0.427,0.868,0.0,0.4584,1
KM-113,38.39,31979,41.01,63.9,140020.5,135,2,1,0.2474,0.3327,1.0,0.0,0.3698,0
KM-103,84.86,55847,56.63,104.62,31082.7,39,1,2,0.7701,0.7433,0.3932,0.989,0.7318,0
KM-104,10.82,3314,73.98,103.01,143154.1,149,4,0,0.2117,0.0084,0.2235,0.9431,0.3095,0
KM-106,40.66,6559,72.83,71.53,105615.3,122,0,2,0.1653,0.1835,0.183,0.0438,0.1491,0
KM-117,35.77,25384,50.05,101.43,142769.2,64,2,0,0.228,0.1787,0.6939,0.898,0.4429,0
KM-124,94.77,44740,66.42,82.03,97958.8,145,1,1,0.9481,0.4982,0.2175,0.3438,0.5687,0
KM-114,27.55,40827,47.96,54.35,130709.2,17,4,1,0.2759,0.4446,0.7072,0.0,0.3492,0
KM-119,20.96,41954,44.58,97.55,142334.0,111,1,0,0.0939,0.3798,0.9835,0.7871,0.4819,0
KM-108,59.42,45242,67.69,71.69,40652.5,135,1,0,0.403,0.4253,0.2025,0.0482,0.2975,0
KM-112,75.02,45604,58.07,74.76,29306.1,138,2,1,0.6627,0.5104,0.484,0.1359,0.4835,0
KM-101,84.66,26656,57.18,92.16,48329.4,177,3,0,0.8667,0.1923,0.5784,0.6332,0.5938,0
KM-114,70.35,47174,68.13,96.86,116308.2,21,1,1,0.5449,0.5328,0.0315,0.7673,0.4837,1
KM-107,88.33,61323,63.81,82.48,166774.7,113,1,3,0.8302,0.9111,0.2171,0.3566,0.6331,0
KM-109,47.27,51180,65.35,100.24,45387.8,12,3,2,0.3735,0.6717,0.018,0.864,0.475,1
KM-117,91.64,67414,74.14,66.78,138228.6,56,1,0,0.8899,0.7736,0.084,0.0,0.5216,0
KM-110,92.06,55061,56.33,103.85,178746.7,166,2,2,0.9475,0.731,0.5957,0.9671,0.8269,0
KM-109,49.27,78371,54.62,83.64,165827.4,31,0,1,0.2428,1.0,0.4617,0.3898,0.5053,0
KM-125,84.87,46594,61.73,66.76,87004.7,19,1,0,0.7702,0.4445,0.1591,0.0,0.4125,0
KM-109,49.11,44791,55.51,69.86,123222.1,58,1,0,0.2912,0.4189,0.4665,0.0,0.2999,0
KM-111,28.69,28062,56.7,67.29,144373.5,177,0,0,0.0823,0.2078,0.5976,0.0,0.2003,0
KM-104,75.52,77402,40.19,68.26,18642.3,177,1,2,0.6204,1.0,1.0,0.0,0.6671,1
KM-103,18.08,72708,56.07,45.57,166936.6,56,0,0,0.0327,0.8664,0.4412,0.0,0.3163,0
KM-107,11.82,76957,56.1,49.87,115949.9,81,5,1,0.264,1.0,0.4774,0.0,0.4379,0
KM-124,57.05,68346,57.8,89.58,91830.3,65,1,0,0.3754,0.7897,0.3856,0.5594,0.5178,0
KM-123,63.02,51304,72.65,86.31,81395.5,74,3,1,0.5472,0.5936,0.111,0.466,0.4553,1
KM-103,86.08,1911,43.42,99.84,152096.7,177,2,1,0.841,0.0837,1.0,0.8526,0.6858,0
KM-112,8.65,78122,55.19,100.96,143611.8,23,1,0,0.0575,0.965,0.4268,0.8845,0.5236,1
KM-116,44.63,10571,72.48,71.56,137682.7,26,3,0,0.3491,0.048,0.039,0.0447,0.1509,0
KM-115,30.65,57355,52.84,81.4,74067.4,28,0,0,0.0939,0.607,0.5283,0.3256,0.3554,0
KM-101,81.84,76478,61.77,65.3,69064.5,16,1,1,0.7197,1.0,0.1532,0.0,0.5325,0
KM-112,26.21,76648,50.86,75.21,112177.0,141,0,2,0.0687,1.0,0.7772,0.1487,0.4592,0
KM-122,17.78,17985,59.38,69.93,48747.1,166,4,1,0.2316,0.1866,0.474,0.0,0.2225,1
KM-110,50.73,3075,57.17,79.59,162944.1,107,5,1,0.5074,0.0875,0.4737,0.2739,0.349,1
KM-104,15.81,69054,74.13,47.35,52207.4,92,1,0,0.075,0.802,0.138,0.0,0.2543,1
KM-118,47.48,54137,65.63,60.67,154021.3,82,0,1,0.2254,0.6367,0.123,0.0,0.2627,0
KM-119,22.9,1352,61.33,55.94,9937.4,146,2,1,0.1524,0.0822,0.366,0.0,0.1471,0
KM-114,43.91,45699,51.64,94.34,76055.0,48,1,0,0.2428,0.4317,0.6065,0.6955,0.4533,0
KM-122,9.28,27057,52.73,82.47,153146.3,144,1,3,0.0586,0.4367,0.7067,0.3563,0.3423,1
KM-116,69.56,58791,50.25,103.57,135596.7,86,1,1,0.5338,0.71,0.7189,0.9592,0.7,0
KM-120,67.8,29552,64.19,49.15,110014.5,167,1,0,0.5096,0.2245,0.283,0.0,0.2911,0
KM-124,78.45,50258,54.31,93.46,110645.7,137,1,1,0.6654,0.5779,0.6329,0.6701,0.638,1
KM-120,62.69,30036,41.84,82.95,62959.1,95,4,0,0.5929,0.2301,1.0,0.3701,0.5391,0
KM-120,93.39,8647,58.67,66.13,97197.5,123,4,1,1.0,0.1155,0.4377,0.0,0.4664,0
KM-113,18.97,72502,48.64,69.66,117248.4,138,3,0,0.186,0.8628,0.8614,0.0,0.4531,0
KM-103,66.61,69402,40.16,95.69,55185.2,70,2,0,0.5436,0.808,1.0,0.7341,0.7391,1
KM-109,72.31,16367,40.02,97.17,138867.7,81,2,0,0.6229,0.0925,1.0,0.7762,0.5964,0
KM-119,82.77,56982,52.62,51.43,93479.2,36,1,1,0.7351,0.6811,0.549,0.0,0.5374,0
KM-125,15.79,36541,62.41,97.85,77587.8,166,2,1,0.1249,0.3887,0.3525,0.7956,0.3705,0
KM-102,5.49,65094,66.1,76.71,46178.7,37,0,0,0.003,0.734,0.0555,0.1918,0.234,0
KM-108,48.88,20021,69.26,91.74,59580.4,30,2,1,0.3389,0.2052,0.045,0.6212,0.3032,0
KM-121,29.87,62846,53.47,58.13,43495.3,131,1,0,0.1392,0.6963,0.6577,0.0,0.3543,0
KM-108,35.53,48502,47.41,76.2,94342.6,20,2,2,0.2263,0.6321,0.7335,0.1773,0.4194,0
KM-102,31.94,37848,59.08,72.57,9053.5,160,0,3,0.102,0.5654,0.477,0.0733,0.2871,1
KM-125,62.88,41450,65.66,94.95,178068.9,30,3,3,0.5454,0.613,0.045,0.7129,0.4957,0
KM-101,34.69,78088,48.0,65.23,14649.7,84,3,1,0.2704,1.0,0.8061,0.0,0.5058,1
KM-107,53.02,7565,70.6,52.24,102867.3,178,0,0,0.2811,0.0291,0.267,0.0,0.1591,0
KM-103,59.53,43362,73.22,102.75,152312.9,92,2,2,0.4543,0.5591,0.138,0.9356,0.5135,1
KM-104,34.67,52096,49.4,70.31,55911.1,153,0,1,0.1202,0.6055,0.8536,0.009,0.366,0
KM-112,34.71,29630,66.6,84.96,10407.4,175,1,0,0.1705,0.2254,0.2625,0.4275,0.254,0
KM-124,71.63,28245,66.24,47.31,74371.5,177,1,0,0.5631,0.2098,0.2655,0.0,0.3026,0
KM-104,15.25,38645,57.5,45.83,114304.6,111,0,0,0.0233,0.3357,0.4665,0.0,0.1854,0
KM-106,82.0,26533,41.61,86.64,102678.2,27,2,1,0.7724,0.271,0.9761,0.4753,0.6284,0
KM-101,45.81,20220,74.69,77.13,178000.6,157,0,1,0.2099,0.2071,0.2355,0.2038,0.2131,0
KM-101,11.91,32606,47.36,97.56,168536.4,148,1,0,0.0642,0.2602,0.9274,0.7873,0.4305,0
KM-104,40.3,72630,40.39,79.71,141718.6,179,0,2,0.1624,1.0,1.0,0.2774,0.5623,1
KM-103,65.42,68586,42.46,52.67,161739.2,5,1,0,0.478,0.7938,0.9091,0.0,0.5476,0
KM-103,19.67,73119,40.09,46.92,150906.8,38,1,0,0.0887,0.8738,1.0,0.0,0.4495,0
KM-120,53.5,18777,73.93,55.48,115795.5,158,1,0,0.3362,0.1137,0.237,0.0,0.1935,0
KM-105,62.06,33438,44.36,57.14,133410.8,42,1,0,0.4352,0.2702,0.8887,0.0,0.3976,0
KM-108,30.33,1208,42.63,47.57,171029.3,22,2,1,0.192,0.0819,0.9276,0.0,0.2732,1
KM-117,73.58,42957,52.37,98.12,46377.3,24,2,1,0.6414,0.4735,0.5412,0.8036,0.6118,1
KM-108,28.28,79607,73.41,82.35,171988.9,112,3,2,0.23,1.0,0.168,0.3528,0.4346,1
KM-111,76.94,57532,49.55,80.08,31504.1,33,2,1,0.692,0.6899,0.6677,0.2881,0.6058,1
KM-125,24.31,60057,63.45,60.98,74676.3,176,1,0,0.1091,0.6504,0.3258,0.0,0.266,0
KM-101,29.05,34976,72.93,95.49,143307.9,115,0,1,0.0844,0.3691,0.1725,0.7282,0.3019,0
KM-122,89.98,75206,54.48,60.98,137536.8,5,0,1,0.8097,0.9915,0.4283,0.0,0.6169,0
KM-117,70.29,43132,41.65,57.3,82768.5,90,1,1,0.544,0.4759,1.0,0.0,0.5094,1
KM-111,25.67,72907,52.71,101.2,144357.5,140,1,1,0.1159,0.95,0.7015,0.8915,0.5967,0
KM-123,61.84,54738,59.62,81.51,106772.1,41,2,1,0.4825,0.646,0.2768,0.3288,0.4515,0
KM-112,79.95,69812,58.84,60.29,172960.4,167,0,0,0.6392,0.8152,0.4969,0.0,0.5269,1
KM-121,63.4,66564,58.14,95.38,128088.1,123,1,0,0.452,0.759,0.4589,0.7252,0.5847,0
KM-114,68.17,75567,58.38,85.36,83627.9,57,3,0,0.6147,0.918,0.3505,0.4389,0.6025,1
KM-115,20.74,20499,44.85,67.42,165764.9,158,1,0,0.093,0.1297,1.0,0.0,0.265,0
KM-122,26.18,19548,70.54,87.13,57606.9,155,2,0,0.1686,0.1208,0.2325,0.4895,0.2336,0
KM-102,68.27,46182,56.91,46.12,132735.6,132,0,0,0.4661,0.4386,0.5215,0.0,0.3771,0
KM-124,81.48,31261,41.74,97.55,110022.3,135,3,0,0.8139,0.2443,1.0,0.7872,0.7034,1
KM-117,81.27,50310,51.44,65.3,115071.1,81,1,0,0.7105,0.4987,0.664,0.0,0.5061,0
KM-121,81.16,69520,58.79,104.01,127916.6,161,2,3,0.7586,1.0,0.4898,0.9718,0.8078,0
KM-116,66.31,5884,72.87,73.23,113919.7,136,0,0,0.4397,0.0199,0.204,0.0922,0.2181,1
KM-101,40.77,75277,73.31,85.03,60060.7,130,2,0,0.2662,0.9128,0.195,0.4295,0.4463,0
KM-107,34.26,60500,60.7,62.1,97508.2,171,5,0,0.3674,0.6577,0.4284,0.0,0.3787,0
KM-120,50.85,66613,74.46,90.4,89351.2,59,1,0,0.3086,0.7598,0.0885,0.5829,0.4322,0
KM-111,89.03,35855,45.58,57.03,73449.4,20,1,1,0.8427,0.38,0.8069,0.0,0.5513,1
KM-111,56.92,43352,68.99,54.24,171839.7,134,2,2,0.424,0.5589,0.201,0.0,0.3283,0
KM-101,31.29,45211,70.18,96.86,155416.6,51,5,1,0.3479,0.5048,0.0765,0.7675,0.4168,0
KM-121,65.54,9622,57.84,73.45,20008.7,104,1,1,0.4796,0.1217,0.4422,0.0985,0.3064,0
KM-115,39.96,13297,60.27,79.86,154906.8,80,1,0,0.2097,0.0678,0.309,0.2817,0.2085,0
KM-116,12.12,79665,54.56,65.32,17888.6,131,1,0,0.0647,0.9937,0.614,0.0,0.3939,0
KM-111,38.54,49489,65.25,102.35,158038.4,10,2,2,0.2485,0.6466,0.015,0.9244,0.4365,1
KM-109,50.9,13183,56.41,98.78,109453.8,108,0,0,0.259,0.0669,0.5057,0.8224,0.373,0
KM-111,83.24,10232,69.9,51.83,21543.4,16,1,2,0.7428,0.2057,0.024,0.0,0.3162,0
KM-102,77.43,26552,41.37,69.42,121394.8,29,1,0,0.6496,0.1912,0.9886,0.0,0.4729,1
KM-107,15.1,72570,71.58,70.99,121201.4,87,2,0,0.1228,0.864,0.1305,0.0284,0.2907,1
KM-123,56.21,45840,67.51,69.29,86585.2,24,2,1,0.416,0.5137,0.036,0.0,0.2812,0
KM-123,72.71,5762,74.94,86.48,150718.0,50,1,0,0.5787,0.0193,0.075,0.471,0.3166,0
KM-117,34.2,46083,72.68,71.33,66764.8,10,2,1,0.2169,0.5172,0.015,0.0379,0.2158,1
KM-107,20.25,10374,51.85,73.75,130558.1,4,2,1,0.141,0.1267,0.5322,0.1071,0.2089,0
KM-104,29.79,4124,61.96,48.34,27277.2,145,0,3,0.0887,0.2517,0.339,0.0,0.1618,0
KM-124,34.31,41912,66.16,89.19,133558.6,116,0,1,0.1177,0.4592,0.174,0.5483,0.3005,0
KM-103,44.75,2806,55.88,91.72,110429.4,21,1,1,0.2502,0.0866,0.3962,0.6205,0.3126,0
KM-109,88.79,31207,61.38,60.84,137461.7,112,0,2,0.7883,0.4036,0.313,0.0,0.4394,0
KM-123,82.91,5435,57.09,81.64,145907.6,136,0,0,0.6874,0.0177,0.5203,0.3327,0.4156,0
KM-105,80.25,3057,64.49,102.55,41185.8,36,3,0,0.794,0.0075,0.0745,0.93,0.4807,1
KM-119,79.01,73285,66.07,59.21,133858.1,156,0,1,0.6243,0.9568,0.234,0.0,0.5045,0
KM-124,30.44,60766,60.17,49.54,95694.9,176,1,1,0.1427,0.742,0.4574,0.0,0.3269,0
KM-115,27.91,20798,67.49,104.65,133745.0,148,2,0,0.1779,0.1326,0.222,0.99,0.3378,0
KM-122,28.22,53957,61.22,101.25,132933.0,24,1,1,0.1296,0.6339,0.187,0.8929,0.4198,0
KM-106,84.25,59538,44.92,55.15,64774.6,70,1,0,0.7597,0.642,0.9084,0.0,0.6081,0
KM-110,70.67,34737,60.95,98.22,98329.2,105,3,2,0.6494,0.4461,0.3195,0.8062,0.564,0
KM-125,13.7,65577,44.65,77.36,135917.8,155,0,0,0.0188,0.7422,1.0,0.2102,0.4341,0
KM-122,20.29,79586,72.1,53.12,70478.5,168,1,2,0.0912,1.0,0.252,0.0,0.3323,0
KM-113,70.92,31472,57.35,64.07,46379.3,83,1,1,0.553,0.3267,0.4306,0.0,0.3614,0
KM-118,65.3,74128,65.15,64.87,25038.7,53,2,1,0.5264,0.9719,0.0795,0.0,0.4431,0
KM-114,35.06,34874,72.84,93.04,43676.9,90,3,4,0.2729,0.6078,0.135,0.6584,0.4061,1
KM-104,70.68,62700,40.97,92.65,153722.7,142,1,0,0.5496,0.6939,1.0,0.6472,0.6953,0
KM-104,73.99,72853,50.39,92.65,15444.5,79,2,0,0.6475,0.869,0.7031,0.6473,0.714,0
KM-101,29.34,32722,52.33,58.01,31645.3,136,4,2,0.2861,0.4216,0.7106,0.0,0.3477,0
KM-123,15.65,40653,62.17,53.46,177854.0,97,2,0,0.1245,0.3622,0.2586,0.0,0.1859,0
KM-117,94.7,32130,68.41,50.21,70129.2,93,1,0,0.9467,0.2545,0.1395,0.0,0.4229,1
KM-125,15.85,38850,55.36,76.11,23325.7,44,2,1,0.1251,0.4184,0.4518,0.1745,0.2737,1
KM-113,84.79,79499,71.45,77.77,56455.6,46,1,0,0.769,0.9906,0.069,0.2221,0.575,1
KM-116,82.3,12254,59.85,76.41,126447.3,88,0,1,0.6773,0.1399,0.3378,0.1832,0.3763,0
KM-125,49.96,75668,41.98,99.18,8153.4,26,1,1,0.2996,0.9999,0.9596,0.8337,0.7135,1
KM-113,71.93,11006,65.18,56.6,131379.3,104,2,2,0.6174,0.211,0.156,0.0,0.3,0
KM-108,68.55,32444,51.48,86.82,52382.7,70,0,0,0.47,0.2583,0.6458,0.4806,0.4543,0
KM-120,33.56,24679,70.57,80.98,49298.5,2,2,0,0.2126,0.1713,0.003,0.3137,0.1806,0
KM-125,83.61,16390,56.41,48.75,166116.8,151,2,0,0.799,0.0927,0.5701,0.0,0.4169,1
KM-109,43.51,58201,44.62,81.89,112095.4,30,1,1,0.2393,0.7005,0.8602,0.3398,0.4989,1
KM-101,5.62,13785,40.68,98.28,63400.8,36,4,1,0.2032,0.1515,1.0,0.8079,0.4706,0
KM-113,29.67,68195,55.24,96.62,62566.3,11,0,1,0.0881,0.867,0.407,0.7606,0.4811,1
KM-124,23.49,31190,48.15,81.98,18098.5,164,1,1,0.1052,0.3234,0.9199,0.3424,0.3701,0
KM-102,38.85,47433,61.07,103.4,49419.2,127,2,2,0.251,0.6165,0.3478,0.9542,0.5024,1
KM-118,26.04,24881,51.08,89.78,12410.2,154,1,0,0.1178,0.1734,0.7878,0.5651,0.3552,0
KM-122,56.85,13559,65.54,90.76,46565.7,174,3,0,0.4732,0.0698,0.261,0.5933,0.3539,0
KM-102,17.32,61099,56.36,94.2,96122.0,78,4,1,0.23,0.7474,0.4628,0.6915,0.4982,0
KM-106,37.8,50113,56.8,70.31,24877.3,175,2,1,0.2429,0.5758,0.5903,0.009,0.3488,0
KM-125,29.78,17619,53.93,92.33,41845.5,177,2,2,0.1887,0.2634,0.7083,0.638,0.4012,0
KM-102,33.07,54024,42.17,100.82,143178.7,114,2,1,0.2094,0.6349,1.0,0.8807,0.6081,0
KM-115,57.46,30582,72.77,59.48,143155.5,66,2,0,0.4302,0.2364,0.099,0.0,0.2295,0
KM-107,83.33,41318,50.96,100.55,82947.9,30,3,1,0.8443,0.4512,0.6066,0.8728,0.7042,0
KM-114,6.74,61300,71.45,55.19,115672.1,41,0,0,0.0045,0.6707,0.0615,0.0,0.1816,0
KM-102,53.63,6571,61.73,76.23,53946.5,157,1,2,0.3376,0.1835,0.3662,0.178,0.2729,0
KM-105,19.75,50147,67.07,97.63,158294.9,101,0,0,0.039,0.4963,0.1515,0.7896,0.3259,0
KM-116,44.78,4154,52.64,94.59,30911.1,158,2,2,0.3006,0.1718,0.7315,0.7027,0.435,1
KM-108,11.28,34157,73.08,94.34,124145.1,172,0,0,0.0127,0.279,0.258,0.6953,0.2649,1
KM-105,43.44,20120,70.84,58.72,120078.9,84,0,1,0.1887,0.2061,0.126,0.0,0.1428,0
KM-121,17.53,71496,69.36,93.03,50983.8,62,1,0,0.0807,0.8449,0.093,0.658,0.3897,0
KM-112,21.19,5121,44.96,52.73,53467.8,24,1,0,0.0949,0.0162,0.8377,0.0,0.2048,0
KM-123,30.25,59951,40.52,52.64,134146.4,36,1,1,0.1415,0.7287,1.0,0.0,0.4317,0
KM-121,80.78,53625,58.01,80.92,80675.2,65,1,1,0.7026,0.6288,0.3771,0.3119,0.5409,1
KM-125,61.1,41594,40.31,90.42,154036.0,31,1,0,0.4233,0.3749,1.0,0.5834,0.5586,1
KM-123,93.61,42384,72.15,75.82,175259.7,24,0,0,0.8762,0.3856,0.036,0.1664,0.4436,0
KM-107,15.59,69980,74.41,79.69,173258.5,80,3,0,0.1743,0.8181,0.12,0.2768,0.3449,1
KM-111,41.64,55882,50.15,65.77,173822.9,25,0,0,0.1734,0.5838,0.6316,0.0,0.3329,0
KM-118,73.55,30851,60.81,86.96,69139.1,35,2,0,0.641,0.2395,0.2203,0.4847,0.4252,0
KM-117,80.38,78329,43.77,49.96,36586.6,123,1,0,0.6962,0.9688,1.0,0.0,0.6859,0
KM-101,84.97,15241,62.47,54.75,14201.9,158,2,0,0.8219,0.0832,0.3383,0.0,0.3761,0
KM-102,20.11,40233,43.32,96.11,23945.2,168,0,1,0.0404,0.4366,1.0,0.7459,0.4725,0
KM-116,78.63,55338,61.39,104.21,106963.4,119,0,4,0.6183,0.8953,0.3228,0.9774,0.7003,0
KM-113,30.61,3341,56.23,51.54,66557.6,76,2,4,0.1937,0.3285,0.4648,0.0,0.2429,0
KM-107,75.77,46477,66.47,104.38,108846.8,159,0,0,0.5741,0.4428,0.2385,0.9823,0.5558,0
KM-118,42.95,20279,62.59,91.69,160253.7,127,1,1,0.2344,0.2076,0.2868,0.6196,0.3152,0
KM-113,52.04,71039,52.35,47.86,122226.4,152,1,4,0.3208,1.0,0.7342,0.0,0.5091,1
KM-103,91.41,78111,44.64,82.95,114309.5,147,0,2,0.8355,1.0,1.0,0.3701,0.8165,0
KM-107,30.8,37381,43.35,88.6,49891.0,134,0,1,0.0949,0.3994,1.0,0.5313,0.4393,0
KM-118,36.21,14411,58.15,96.64,99157.9,43,2,1,0.2311,0.1565,0.3387,0.7611,0.34,1
KM-102,79.61,74973,49.76,74.49,138203.8,8,1,2,0.6838,1.0,0.6216,0.1282,0.6393,0
KM-121,78.57,25587,52.14,48.36,39933.9,39,2,2,0.7173,0.3409,0.573,0.0,0.4509,0
KM-123,47.91,5617,57.17,96.9,145548.5,170,1,3,0.2795,0.2586,0.5683,0.7687,0.4299,1
KM-106,44.68,36952,42.64,87.99,79216.8,62,1,1,0.2496,0.3939,0.9873,0.5139,0.4861,0
KM-112,52.79,65870,51.53,57.99,83486.5,104,3,0,0.4286,0.7471,0.695,0.0,0.4758,1
KM-113,93.73,23099,65.57,64.76,107556.7,83,3,0,1.0,0.1552,0.1245,0.0,0.4137,1
KM-122,48.74,72936,60.73,51.37,6322.6,79,1,2,0.2876,1.0,0.2894,0.0,0.4085,0
KM-103,56.01,42616,54.12,65.22,132336.9,147,1,1,0.3637,0.4688,0.6558,0.0,0.3757,0
KM-125,23.51,58851,71.46,70.07,119279.4,127,1,0,0.1053,0.631,0.1905,0.002,0.2331,0
KM-123,28.04,49664,41.69,64.99,79350.3,100,1,0,0.1286,0.4891,1.0,0.0,0.3673,0
KM-108,53.0,37819,56.17,75.2,179322.9,147,2,0,0.3809,0.325,0.5736,0.1485,0.359,0
KM-101,54.95,43278,54.12,73.27,34141.9,60,3,2,0.452,0.5579,0.5251,0.0935,0.4214,0
KM-108,23.39,61332,68.74,58.92,92485.7,88,0,0,0.0547,0.6713,0.132,0.0,0.2134,0
KM-104,26.28,30042,44.8,64.22,139698.1,142,2,0,0.1691,0.2301,1.0,0.0,0.3167,0
KM-109,62.1,36163,47.57,56.01,107938.8,65,0,1,0.3857,0.3839,0.7945,0.0,0.3899,0
KM-102,35.36,45891,48.67,53.09,11034.3,36,2,0,0.225,0.4345,0.7071,0.0,0.3288,0
KM-123,51.62,18064,53.57,68.07,31732.3,97,0,0,0.2665,0.1073,0.6026,0.0,0.2406,0
KM-111,9.09,71358,52.92,94.99,28416.9,37,0,1,0.0083,0.9224,0.5388,0.714,0.484,0
KM-106,62.04,45423,63.7,89.6,34542.6,149,2,1,0.4849,0.5078,0.2756,0.56,0.4638,1
KM-121,70.92,34863,49.18,54.29,139414.3,143,1,1,0.553,0.3677,0.8472,0.0,0.4549,1
KM-110,28.56,28900,63.36,90.95,103108.1,33,4,1,0.2816,0.2971,0.115,0.5985,0.3155,0
KM-119,39.02,75891,42.27,79.57,55178.7,147,2,0,0.2523,0.924,1.0,0.2735,0.574,0
KM-111,45.64,62762,49.05,84.44,55505.4,33,3,0,0.3583,0.6949,0.6874,0.4126,0.5191,0
KM-106,38.72,34144,46.88,63.54,150159.1,171,1,0,0.1999,0.2788,0.9812,0.0,0.3359,1
KM-103,34.27,56643,41.78,54.25,24521.3,121,3,0,0.2674,0.5958,1.0,0.0,0.4426,1
KM-104,92.86,5847,57.46,93.18,70304.4,73,1,0,0.9124,0.0198,0.4113,0.6624,0.539,0
KM-124,56.33,19963,45.35,56.7,41551.3,3,2,1,0.4173,0.2047,0.7905,0.0,0.3553,0
KM-107,81.46,6416,63.08,67.15,127515.5,151,2,1,0.7635,0.1027,0.3032,0.0,0.3536,0
KM-121,29.67,35358,42.57,89.22,113909.8,54,2,0,0.188,0.2938,0.9782,0.549,0.4447,0
KM-123,23.32,57523,59.33,50.18,76300.2,33,1,1,0.1044,0.6897,0.2764,0.0,0.2642,0
KM-113,68.48,20335,73.7,98.17,53793.7,21,0,1,0.469,0.2082,0.0315,0.8048,0.3834,0
KM-107,5.09,57315,45.16,68.92,61235.2,22,4,1,0.2026,0.6864,0.8265,0.0,0.4078,0
KM-117,21.74,43453,69.17,70.03,131210.2,116,0,1,0.0473,0.4803,0.174,0.0009,0.1716,0
KM-121,59.25,69667,56.49,87.15,10742.2,149,3,0,0.501,0.8127,0.5638,0.4901,0.5893,0
KM-120,26.93,54706,69.03,75.24,93037.0,165,4,1,0.2725,0.6455,0.2475,0.1497,0.3362,0
KM-106,8.09,22080,62.0,45.96,109870.7,137,0,0,0.0065,0.145,0.3257,0.0,0.1037,0
KM-119,8.07,15780,42.98,96.14,167166.8,36,2,1,0.1065,0.1676,0.9347,0.7468,0.4155,1
KM-119,16.23,23154,64.67,45.58,48082.8,30,3,1,0.1763,0.2357,0.0581,0.0,0.1323,0
KM-122,81.66,49451,72.86,96.98,27557.7,172,2,5,0.7668,0.886,0.258,0.7709,0.6957,1
KM-108,31.07,68969,62.7,55.3,133946.3,99,1,1,0.1465,0.8805,0.2404,0.0,0.3195,0
KM-109,94.5,13337,61.14,78.48,76136.9,135,1,0,0.9431,0.0681,0.3569,0.2423,0.4669,0
KM-111,59.21,62821,62.57,68.11,170868.1,138,1,1,0.4006,0.7759,0.3043,0.0,0.395,0
KM-111,18.22,7675,66.82,91.03,46572.3,57,3,1,0.1832,0.1097,0.0855,0.6007,0.2288,0
KM-113,72.94,46215,57.57,76.33,18325.7,178,2,1,0.632,0.5191,0.564,0.1808,0.5,0
KM-112,50.32,13410,72.63,45.62,69260.7,23,3,0,0.4033,0.0686,0.0345,0.0,0.1652,0
KM-117,75.6,33768,54.75,74.36,55103.2,112,2,2,0.6716,0.4342,0.5779,0.1247,0.4841,0
KM-111,18.16,4205,69.42,60.11,73175.6,17,2,0,0.133,0.0121,0.0255,0.0,0.0547,0
KM-114,71.8,3842,69.86,76.09,177899.2,28,1,0,0.5656,0.0105,0.042,0.1739,0.2438,0
KM-119,74.76,77147,54.97,102.12,86703.3,57,2,1,0.6589,1.0,0.4867,0.9176,0.7615,1
KM-108,23.61,75761,64.42,66.12,23235.1,102,0,2,0.0557,1.0,0.1762,0.0,0.3048,0
KM-107,38.67,76024,68.04,68.34,41104.6,39,0,1,0.1496,1.0,0.0585,0.0,0.3141,0
KM-112,52.51,37004,56.28,49.2,166912.2,98,0,0,0.2757,0.3146,0.4959,0.0,0.2743,0
KM-105,93.6,25204,52.48,54.41,120454.9,153,2,0,0.976,0.1768,0.7303,0.0,0.5319,0
KM-109,41.58,8812,41.34,83.6,39070.2,5,0,1,0.1729,0.1166,0.9539,0.3885,0.3581,0
KM-107,8.11,69235,49.55,102.98,50700.8,13,0,0,0.0066,0.8051,0.6376,0.9422,0.5195,1
KM-106,49.24,35707,64.51,82.55,110059.8,24,0,0,0.2425,0.2982,0.0556,0.3585,0.2422,0
KM-108,29.5,34719,61.9,69.15,16837.0,14,2,0,0.187,0.2859,0.145,0.0,0.1659,0
KM-108,34.76,41162,42.36,94.15,99190.8,41,3,0,0.2708,0.3691,0.9669,0.6899,0.5184,0
KM-112,32.79,16703,48.11,55.68,59861.9,114,2,2,0.2075,0.2554,0.8465,0.0,0.3058,0
KM-124,19.48,60580,65.64,53.86,169147.0,174,2,0,0.1379,0.659,0.261,0.0,0.2652,1
KM-108,41.12,19867,66.56,100.01,119238.8,146,2,1,0.2691,0.2038,0.219,0.8575,0.3604,1
KM-125,49.68,78945,41.44,74.78,108079.8,32,1,1,0.2968,1.0,0.9905,0.1365,0.5793,0
KM-114,79.87,1717,66.3,73.34,33332.7,57,1,0,0.688,0.0031,0.0855,0.0955,0.2778,0
KM-104,77.95,32866,62.73,64.69,112152.4,31,1,0,0.6577,0.2633,0.1372,0.0,0.3234,0
KM-104,63.18,72527,64.32,98.5,29193.1,173,2,0,0.4992,0.8632,0.2866,0.8142,0.6107,0
KM-125,11.79,40826,44.4,55.25,58964.2,83,2,0,0.1139,0.3646,0.9484,0.0,0.3207,0
KM-116,68.97,60256,61.56,71.16,155203.9,171,1,1,0.5257,0.7337,0.3942,0.0332,0.4529,0
KM-105,81.99,14360,49.32,101.89,128569.5,14,0,0,0.6722,0.076,0.6483,0.9111,0.5662,0
KM-105,87.43,72925,61.01,103.24,146304.3,102,0,0,0.7644,0.8703,0.3128,0.9498,0.7376,0
KM-102,24.36,61655,51.94,93.64,23889.8,94,2,0,0.1593,0.6766,0.6635,0.6754,0.4927,0
KM-103,55.82,14549,50.51,101.65,141315.6,1,1,0,0.3616,0.0776,0.5812,0.9042,0.443,0
KM-116,22.2,41453,64.59,100.93,15977.1,70,1,0,0.0993,0.373,0.1213,0.8838,0.329,1
KM-125,61.5,41521,51.86,47.98,111533.1,135,1,1,0.4282,0.4539,0.728,0.0,0.4089,1
KM-111,11.08,55827,40.19,59.37,95300.4,91,4,1,0.2123,0.663,1.0,0.0,0.44,1
KM-117,9.56,71038,58.25,71.44,91939.7,14,2,1,0.1091,0.9168,0.2912,0.0412,0.3339,0
KM-105,6.2,60850,68.22,77.55,115169.6,157,1,1,0.0538,0.7434,0.2355,0.2157,0.2949,0
KM-107,12.44,46877,66.76,74.1,152595.6,61,2,2,0.1155,0.6085,0.0915,0.1172,0.2343,0
KM-121,33.07,27996,50.52,71.58,137148.7,7,0,1,0.1094,0.287,0.5898,0.0451,0.237,0
KM-125,6.57,42633,52.36,51.1,137855.0,140,2,0,0.1043,0.389,0.7155,0.0,0.2769,0
KM-123,85.18,25311,46.78,99.88,151821.4,166,3,0,0.8755,0.178,0.9778,0.8538,0.7172,0
KM-118,69.95,17348,61.49,89.18,36737.6,141,1,2,0.5393,0.261,0.3518,0.548,0.434,0
KM-102,14.5,68092,63.35,60.63,11165.1,150,2,0,0.121,0.7853,0.2908,0.0,0.2968,0
KM-117,65.74,72233,70.38,93.87,50307.3,74,1,0,0.4821,0.858,0.111,0.6821,0.5419,0
KM-101,15.0,38772,43.85,46.05,179133.6,165,3,3,0.1725,0.5774,1.0,0.0,0.4047,1
KM-112,39.03,14336,43.25,71.66,55424.3,65,0,2,0.1523,0.2359,0.9675,0.0475,0.3153,1
KM-103,7.91,65252,41.23,45.87,37099.5,109,5,0,0.2563,0.7366,1.0,0.0,0.4739,0
KM-114,26.29,10048,69.41,62.81,79335.3,52,0,0,0.0691,0.0445,0.078,0.0,0.0509,0
KM-112,35.48,62154,63.76,91.33,155477.9,108,1,2,0.1759,0.8448,0.2114,0.6094,0.4369,0
KM-123,8.26,19146,61.63,100.66,16706.0,129,2,1,0.1068,0.1971,0.3284,0.8761,0.3276,1
KM-106,74.17,76129,68.94,57.26,164458.9,56,4,2,0.75,1.0,0.084,0.0,0.5293,0
KM-121,52.65,79126,62.05,85.6,152435.0,175,3,0,0.4272,0.9837,0.3805,0.4457,0.5607,0
KM-119,38.64,14617,42.8,56.42,89106.6,135,0,1,0.1493,0.1581,1.0,0.0,0.2918,0
KM-125,76.33,35718,66.65,74.54,56208.0,172,2,0,0.6826,0.2983,0.258,0.1296,0.391,0
KM-122,80.59,65271,63.41,47.54,168894.1,24,0,1,0.6495,0.817,0.0998,0.0,0.4515,0
KM-101,61.43,21394,60.98,49.99,5939.0,118,1,1,0.4274,0.2183,0.3377,0.0,0.2717,0
KM-120,91.77,32836,44.43,62.69,17463.2,22,0,1,0.8422,0.343,0.8558,0.0,0.5517,0
KM-103,89.49,43761,41.02,87.97,58677.1,145,3,2,0.9509,0.5646,1.0,0.5133,0.7766,1
KM-114,77.3,3830,60.13,84.96,92143.8,55,0,0,0.5975,0.0105,0.2772,0.4274,0.3527,0
KM-107,45.17,5914,46.77,103.9,36223.3,65,0,0,0.204,0.0201,0.8266,0.9685,0.4355,0
KM-125,58.59,9930,55.06,74.24,61029.1,78,4,4,0.5433,0.3637,0.5144,0.121,0.4082,0
KM-110,56.79,28432,50.91,57.04,51516.2,126,2,1,0.4226,0.2919,0.7527,0.0,0.3714,0
KM-114,54.48,71557,56.2,46.58,18347.1,94,3,1,0.4468,0.9259,0.4929,0.0,0.4865,1
KM-120,22.63,63459,72.27,45.03,81635.7,119,1,3,0.1012,0.9465,0.1785,0.0,0.3077,0
KM-105,39.96,58125,46.2,85.95,6838.7,176,2,0,0.2596,0.6193,1.0,0.4558,0.5369,0
KM-123,37.2,67196,48.88,90.25,73829.9,57,3,0,0.2884,0.7698,0.7304,0.5785,0.5552,1
KM-113,14.66,25439,47.08,80.21,72567.2,131,2,1,0.1215,0.2593,0.9134,0.2917,0.3484,0
KM-120,20.91,45151,43.12,100.84,30235.2,178,3,0,0.1937,0.424,1.0,0.8811,0.55,1
KM-101,25.35,47508,65.76,65.67,142653.9,28,0,1,0.0643,0.5376,0.042,0.0,0.1653,0
KM-113,19.05,20233,60.81,62.43,48224.8,38,2,0,0.1363,0.1272,0.2244,0.0,0.1244,0
KM-121,40.47,29022,63.33,57.82,23701.4,51,1,1,0.2138,0.2985,0.1432,0.0,0.1781,0
KM-114,71.71,78939,48.31,54.78,47945.3,119,2,1,0.6142,1.0,0.846,0.0,0.6342,0
KM-109,53.32,58879,46.84,89.2,78268.7,165,2,3,0.3843,0.8714,0.9738,0.5485,0.6568,0
KM-112,60.99,43381,51.31,92.94,111337.1,122,1,0,0.422,0.3993,0.7306,0.6553,0.5247,0
KM-108,36.99,57735,51.21,82.19,25069.0,162,1,2,0.1869,0.7731,0.7945,0.3483,0.4872,0
KM-119,56.85,62482,55.69,85.87,127616.3,129,2,0,0.4232,0.6902,0.566,0.4533,0.5246,0
KM-111,74.9,71699,40.47,76.31,138810.4,143,2,0,0.6611,0.8485,1.0,0.1802,0.6795,1
KM-105,52.57,36301,66.57,50.18,160323.2,144,1,1,0.3264,0.3857,0.216,0.0,0.2538,1
KM-107,49.12,2087,41.49,55.91,107304.2,26,1,0,0.2913,0.0042,0.9795,0.0,0.2989,0
KM-116,92.0,58575,43.92,101.57,66521.8,133,1,0,0.8964,0.6265,1.0,0.9021,0.8508,0
KM-120,61.86,9084,45.66,83.92,30930.7,39,1,2,0.4326,0.1983,0.8322,0.3976,0.447,0
KM-101,47.31,2777,51.09,76.73,127572.3,11,3,1,0.3738,0.0865,0.573,0.1923,0.3055,0
KM-104,84.5,23143,52.84,45.86,138642.8,143,1,0,0.764,0.1556,0.7009,0.0,0.4465,0
KM-107,26.64,74960,73.11,77.88,106828.7,73,1,1,0.121,0.987,0.1095,0.2252,0.356,1
KM-115,20.39,67913,60.51,90.49,125690.5,99,1,1,0.0916,0.8622,0.3283,0.5856,0.4304,1
KM-113,28.53,77568,40.49,46.33,52973.9,175,6,1,0.3814,1.0,1.0,0.0,0.5835,0
KM-120,71.61,36149,62.96,87.43,79528.8,175,1,2,0.5627,0.4637,0.3441,0.4981,0.4813,0
KM-110,63.88,56343,72.75,68.39,66785.6,9,1,0,0.4581,0.5911,0.0135,0.0,0.3108,0
KM-107,74.12,45174,60.57,62.69,10494.7,171,1,0,0.5993,0.4243,0.4338,0.0,0.4026,0
KM-107,81.86,35314,40.05,62.29,20772.9,97,2,1,0.7701,0.3733,1.0,0.0,0.5629,0
KM-110,85.82,52679,61.28,52.06,15656.0,179,0,0,0.7366,0.5343,0.4174,0.0,0.4749,0
KM-104,83.4,6515,47.73,95.42,79170.4,19,0,1,0.6956,0.1032,0.7194,0.7264,0.5584,1
KM-106,88.43,70318,51.24,96.38,35150.2,147,3,0,0.932,0.8241,0.771,0.7537,0.8372,1
KM-108,80.79,28215,65.3,78.83,75351.6,54,3,0,0.8027,0.2095,0.081,0.2522,0.4,0
KM-118,94.44,3364,57.11,78.23,27262.5,7,1,2,0.9418,0.1686,0.3262,0.235,0.484,1
KM-118,72.66,13483,45.58,99.08,89371.6,94,2,1,0.6279,0.1492,0.9177,0.8309,0.6068,0
KM-105,35.83,23485,66.6,100.68,90511.7,134,1,1,0.1784,0.2391,0.201,0.8766,0.3377,0
KM-121,35.62,25252,61.33,98.02,123995.2,176,2,1,0.2269,0.2573,0.4106,0.8007,0.386,1
KM-107,23.13,60130,55.87,61.42,134636.7,19,1,0,0.1035,0.6516,0.3938,0.0,0.2779,0
KM-113,15.06,37698,54.33,57.17,8317.0,67,0,0,0.0227,0.3235,0.5272,0.0,0.1942,0
KM-122,50.88,59790,51.78,45.79,166380.3,84,0,0,0.2589,0.6461,0.6546,0.0,0.3831,0
KM-109,84.65,26456,74.34,76.7,166431.2,93,0,0,0.7165,0.1902,0.1395,0.1915,0.3645,0
KM-114,57.4,44912,59.49,92.52,11654.7,55,0,0,0.3295,0.4206,0.3028,0.6436,0.4097,1
KM-118,59.58,4936,45.25,103.32,95294.3,159,2,1,0.4549,0.0953,1.0,0.9521,0.5735,0
KM-122,41.52,21761,57.55,46.53,78137.4,80,2,0,0.2724,0.1419,0.4178,0.0,0.2144,0
KM-102,8.93,43830,66.35,51.17,10223.8,89,5,0,0.258,0.4055,0.1335,0.0,0.2184,0
KM-120,15.48,17852,50.72,66.43,153115.4,10,2,2,0.124,0.2654,0.5862,0.0,0.227,0
KM-109,26.41,15472,55.72,81.77,22019.2,87,3,1,0.2198,0.1651,0.5018,0.3362,0.2858,0
KM-114,11.21,10648,54.03,70.37,112099.0,93,2,1,0.1126,0.1286,0.5782,0.0105,0.1893,0
KM-101,9.7,44657,46.32,50.45,13161.3,90,0,0,0.0094,0.4171,0.8823,0.0,0.284,0
KM-118,33.58,46561,47.49,49.29,16994.8,104,1,0,0.1628,0.444,0.8564,0.0,0.3392,0
KM-125,21.43,3837,43.62,81.6,116320.6,4,1,1,0.0959,0.0905,0.8612,0.3313,0.2947,0
KM-108,90.38,24649,53.83,46.31,146933.6,23,4,0,1.0,0.171,0.4815,0.0,0.489,0
KM-104,51.63,61230,67.94,74.56,13936.2,29,0,0,0.2665,0.6696,0.0435,0.1302,0.2954,0
KM-119,36.22,62357,41.4,88.32,59985.3,166,1,0,0.1812,0.6882,1.0,0.5234,0.5402,0
KM-116,11.99,8709,46.38,73.61,12130.8,42,7,0,0.3644,0.0359,0.8078,0.1031,0.3187,0
KM-110,46.92,2167,41.32,65.71,124522.2,132,2,2,0.3202,0.1645,1.0,0.0,0.3532,0
KM-106,70.55,73062,72.46,87.69,161098.9,17,2,0,0.5977,0.8728,0.0255,0.5055,0.5336,0
KM-113,18.96,5997,48.21,72.28,60122.2,128,5,0,0.2859,0.0205,0.8635,0.0651,0.2909,0
KM-113,89.58,68181,55.77,48.19,138905.8,143,1,3,0.8524,1.0,0.5839,0.0,0.6651,1
KM-118,31.02,64959,71.2,101.29,164175.8,44,1,0,0.1463,0.7317,0.066,0.8939,0.4261,1
KM-111,13.4,31779,48.62,78.3,162062.8,115,2,1,0.1179,0.3304,0.8277,0.237,0.3368,0
KM-114,75.11,39868,58.54,86.48,36620.0,72,2,1,0.6642,0.4318,0.3663,0.4708,0.5078,0
KM-109,67.4,65866,68.36,97.72,8382.6,55,1,0,0.5043,0.7471,0.0825,0.7921,0.5382,0
KM-119,51.06,46679,46.27,104.22,156995.7,138,2,1,0.3607,0.5257,0.9563,0.9778,0.6445,1
KM-115,66.42,51771,48.79,55.57,166624.6,50,0,1,0.4412,0.6006,0.7235,0.0,0.4493,0
KM-117,74.08,17406,69.91,50.01,155790.0,137,1,2,0.5988,0.2615,0.2055,0.0,0.316,0
KM-124,13.05,75446,63.78,84.99,43147.0,71,0,1,0.017,0.9958,0.1555,0.4284,0.3717,0
KM-115,57.68,46196,47.73,90.82,36418.1,105,1,0,0.3827,0.4388,0.8482,0.595,0.5323,0
KM-120,49.3,79162,62.75,48.55,61985.6,117,4,0,0.443,0.9843,0.2654,0.0,0.4542,0
KM-108,27.23,79100,46.85,54.55,101662.0,114,3,0,0.2241,0.9832,0.897,0.0,0.5036,1
KM-109,94.07,1013,57.68,76.81,126008.0,57,2,2,0.985,0.1614,0.3784,0.1947,0.4997,0
KM-122,46.78,68358,67.31,94.99,118463.3,77,1,0,0.2689,0.7899,0.1155,0.7141,0.4575,0
KM-116,57.71,36146,41.76,66.26,97467.9,105,0,0,0.333,0.3037,1.0,0.0,0.3925,1
KM-119,72.22,17437,41.93,59.48,11569.7,166,6,2,0.8216,0.2618,1.0,0.0,0.553,0
KM-104,94.22,30212,53.04,96.64,78557.0,142,1,1,0.9377,0.3121,0.6914,0.7611,0.6967,0
KM-114,14.29,54901,50.63,64.62,140950.8,140,0,3,0.0204,0.8085,0.7848,0.0,0.3662,0
KM-113,37.64,68904,54.03,104.52,165503.8,148,1,0,0.1917,0.7993,0.6607,0.9863,0.5963,0
KM-121,76.52,1185,48.49,59.59,143547.9,21,2,0,0.6856,0.0018,0.692,0.0,0.3788,1
KM-119,17.31,30572,72.93,60.2,61576.8,134,1,1,0.0799,0.3162,0.201,0.0,0.1472,0
KM-124,78.46,63739,62.13,83.96,167478.7,127,1,1,0.6656,0.7912,0.3053,0.3989,0.5716,0
KM-118,42.05,77105,63.74,101.21,48440.1,100,0,0,0.1768,0.9462,0.2003,0.8917,0.5169,0
KM-106,54.19,58885,51.37,80.09,131563.0,56,0,1,0.2937,0.7115,0.6292,0.2882,0.4641,0
KM-111,44.1,50297,48.79,48.96,154418.3,76,0,2,0.1945,0.6585,0.7626,0.0,0.3852,0
KM-110,40.62,43779,64.95,84.49,163161.0,26,3,3,0.315,0.6448,0.0411,0.4139,0.3625,0
KM-120,15.49,18059,60.88,63.22,37218.5,69,0,0,0.024,0.1073,0.2684,0.0,0.0889,0
KM-125,24.6,26025,45.54,46.44,70489.4,65,3,1,0.2105,0.2655,0.8757,0.0,0.3152,0
KM-117,94.73,6057,58.16,78.96,106635.1,59,1,2,0.9474,0.1808,0.3622,0.256,0.5004,1
KM-104,86.94,4297,63.25,97.56,150552.6,3,1,2,0.8059,0.1724,0.0745,0.7875,0.4975,0
KM-102,57.47,40873,53.29,79.95,113778.1,19,1,1,0.3802,0.4452,0.4969,0.2842,0.4006,0
KM-106,37.4,5576,42.12,100.67,58197.4,25,1,0,0.1898,0.0184,0.9528,0.8762,0.4369,0
KM-122,75.97,20472,71.0,79.49,23903.2,136,1,2,0.6271,0.2895,0.204,0.2711,0.3869,0
KM-122,12.17,76859,49.8,47.65,33579.2,84,1,2,0.0648,1.0,0.7341,0.0,0.4195,0
KM-118,58.65,14522,62.4,65.74,24124.0,103,1,1,0.3939,0.1573,0.2586,0.0,0.2289,0
KM-122,49.2,56462,43.21,102.81,170073.9,11,2,0,0.3421,0.5929,0.8881,0.9376,0.6331,0
KM-102,46.83,48684,74.24,101.17,54200.4,21,0,2,0.2193,0.6347,0.0315,0.8906,0.4199,1
KM-102,84.75,10075,72.37,66.21,152264.1,150,2,2,0.8183,0.2047,0.225,0.0,0.3826,0
KM-107,51.75,50027,45.67,78.43,30986.9,162,1,1,0.3178,0.5745,1.0,0.2407,0.503,0
KM-110,52.95,41764,70.28,100.79,143892.3,61,1,2,0.3304,0.5372,0.0915,0.8798,0.4442,1
KM-112,13.35,11663,47.42,78.28,79120.3,144,1,0,0.0678,0.0557,0.9193,0.2365,0.2688,0
KM-106,8.83,65770,42.24,46.8,162598.3,37,2,1,0.1078,0.8254,0.9661,0.0,0.4373,0
KM-125,54.57,5631,44.5,90.42,142727.9,34,2,0,0.3978,0.0187,0.871,0.5836,0.4348,0
KM-111,94.25,7629,61.85,73.99,64091.1,71,1,0,0.9384,0.0294,0.2324,0.1141,0.4051,0
KM-101,73.56,21537,73.02,90.33,161993.7,127,1,1,0.5911,0.2197,0.1905,0.5809,0.4161,1
KM-121,85.78,48538,41.73,46.33,29925.9,4,2,0,0.8359,0.4726,0.9367,0.0,0.598,0
KM-101,84.62,67308,70.95,98.07,85669.9,2,2,0,0.816,0.7717,0.003,0.802,0.6395,0
KM-108,49.86,77924,41.69,100.02,7140.5,171,1,2,0.2986,1.0,1.0,0.8578,0.7261,0
KM-101,17.38,32791,73.75,67.13,90829.5,138,3,1,0.1802,0.3424,0.207,0.0,0.1901,0
KM-103,78.8,75410,55.28,60.94,48815.7,96,3,0,0.771,0.9152,0.5327,0.0,0.6052,1
KM-116,61.59,62759,68.24,63.58,161447.1,158,3,1,0.5293,0.7748,0.237,0.0,0.4264,0
KM-119,27.05,1999,52.0,100.15,92957.8,57,3,0,0.2232,0.0039,0.6055,0.8616,0.3725,1
KM-112,14.31,47443,68.62,53.57,31683.8,115,3,3,0.1705,0.6967,0.1725,0.0,0.2683,0
KM-125,51.92,68387,46.42,83.37,22142.8,132,2,2,0.3696,0.9504,0.9412,0.382,0.6316,0
KM-113,14.28,1160,44.99,61.32,16770.0,141,1,1,0.0704,0.0817,1.0,0.0,0.2451,1
KM-104,21.61,78438,44.69,66.42,19035.5,44,0,3,0.0467,1.0,0.8782,0.0,0.442,0
KM-114,30.85,31648,43.93,84.28,68652.8,170,0,0,0.0952,0.2488,1.0,0.4081,0.3771,0
KM-118,76.65,53905,48.46,84.85,116740.0,13,2,2,0.6875,0.7131,0.6812,0.4243,0.64,1
KM-107,46.78,14300,43.3,102.64,41362.0,99,1,1,0.2688,0.1556,1.0,0.9327,0.5195,0
KM-112,77.94,27556,55.54,67.24,127850.9,105,0,0,0.6075,0.2022,0.5358,0.0,0.3703,0
KM-109,81.14,20487,53.74,102.78,22267.6,51,1,0,0.7083,0.1296,0.5269,0.9366,0.573,0
KM-102,58.76,15480,74.34,77.44,46662.3,78,2,0,0.4452,0.0851,0.117,0.2125,0.243,0
KM-110,55.64,68677,68.82,91.32,69125.4,6,2,0,0.4096,0.7954,0.009,0.6091,0.4658,0
KM-101,54.06,56764,48.29,74.71,138266.4,108,1,3,0.3423,0.8377,0.8304,0.1347,0.5222,0
KM-112,76.04,13835,42.45,53.19,109494.9,119,0,1,0.5782,0.1519,1.0,0.0,0.4404,0
KM-116,13.7,30594,69.62,82.87,59244.0,10,2,0,0.1188,0.2365,0.015,0.3677,0.1772,0
KM-102,84.27,55091,65.29,102.04,162064.3,140,1,1,0.7602,0.6515,0.21,0.9154,0.654,0
KM-120,72.97,44793,71.35,79.8,66496.7,126,0,1,0.5325,0.499,0.189,0.28,0.4049,0
KM-120,86.96,65800,44.2,58.07,46540.3,127,0,1,0.7562,0.8259,1.0,0.0,0.6712,0
KM-110,27.37,17810,61.2,68.67,154501.7,113,1,0,0.1249,0.105,0.3215,0.0,0.1343,0
KM-121,65.25,9947,48.19,89.76,86438.2,34,1,1,0.4757,0.1238,0.7236,0.5646,0.4551,1
KM-107,9.18,75126,63.02,51.28,96536.1,175,1,0,0.0584,0.91,0.3419,0.0,0.3163,0
KM-122,74.02,24313,47.77,55.32,135902.3,130,1,1,0.5979,0.2475,0.8842,0.0,0.448,0
KM-118,46.61,3305,63.72,61.31,174891.2,109,1,0,0.2673,0.0084,0.2147,0.0,0.1386,0
KM-116,46.21,5216,65.09,55.88,6276.2,35,3,0,0.3635,0.0166,0.0525,0.0,0.1419,0
KM-115,35.11,67022,40.36,94.46,166516.9,167,1,1,0.1733,0.8468,1.0,0.6988,0.6121,0
KM-110,71.14,33267,71.35,45.58,176443.6,98,1,0,0.5561,0.2682,0.147,0.0,0.2911,1
KM-102,89.37,71316,43.89,96.63,89158.3,176,4,1,0.9987,0.9217,1.0,0.7609,0.9321,1
KM-119,82.51,58289,51.25,83.88,99381.8,8,4,1,0.8808,0.7019,0.5619,0.3964,0.6754,1
KM-114,54.15,25977,61.79,45.74,44850.3,149,2,2,0.3933,0.345,0.3517,0.0,0.2943,0
KM-121,83.72,37646,73.16,57.25,178471.2,44,1,0,0.7509,0.3228,0.066,0.0,0.3567,0
KM-114,82.99,34373,43.12,59.68,46203.9,42,2,2,0.7888,0.4416,0.9383,0.0,0.5741,0
KM-117,11.02,65566,57.75,92.13,171014.1,86,1,1,0.0622,0.822,0.4188,0.6323,0.4375,0
KM-111,68.76,24222,43.91,64.78,99789.4,10,3,0,0.6228,0.1666,0.8587,0.0,0.4314,0
KM-120,61.02,4702,57.18,99.87,121302.9,86,4,0,0.5724,0.0142,0.4419,0.8534,0.463,0
KM-115,16.84,19501,46.53,92.0,103419.6,86,3,1,0.1784,0.2004,0.8677,0.6286,0.4118,0
KM-125,79.82,36186,72.7,80.68,136718.3,7,2,2,0.7371,0.4642,0.0105,0.305,0.4371,0
KM-119,77.43,75541,70.62,59.05,128301.0,167,5,1,0.8495,0.9976,0.2505,0.0,0.5968,0
KM-106,13.28,47212,40.38,48.75,158104.9,168,2,2,0.1176,0.6134,1.0,0.0,0.3945,1
KM-114,91.01,44162,53.03,90.95,9442.0,100,1,0,0.8784,0.4101,0.6288,0.5985,0.6554,1
KM-110,77.99,11775,68.07,72.18,96731.3,48,2,0,0.7083,0.0565,0.072,0.0622,0.2889,1
KM-105,57.1,7893,68.23,99.48,48469.0,22,1,0,0.376,0.031,0.033,0.8423,0.3144,0
KM-104,50.16,51026,48.52,49.28,53665.8,154,1,2,0.3016,0.6694,0.89,0.0,0.4509,0
KM-121,87.1,17658,59.49,76.64,94210.5,66,2,2,0.8586,0.2637,0.3195,0.1896,0.4683,0
KM-106,31.34,43905,42.69,56.96,13214.4,48,0,0,0.0982,0.4066,0.9644,0.0,0.3289,0
KM-117,49.02,5427,62.82,70.56,157260.9,87,0,1,0.2403,0.0977,0.2178,0.0159,0.1553,0
KM-112,86.48,29813,42.98,89.6,159880.6,24,1,3,0.7978,0.4675,0.9168,0.56,0.6915,0
KM-120,47.67,69549,50.13,45.83,81854.5,139,2,0,0.3272,0.8106,0.8032,0.0,0.4778,0
KM-125,63.33,48846,62.8,88.71,22771.0,50,2,0,0.5011,0.4771,0.1631,0.5345,0.4342,0
KM-116,90.92,5476,68.56,69.83,23467.2,8,2,0,0.9267,0.0179,0.012,0.0,0.3312,0
KM-117,7.38,36745,58.89,83.27,117175.4,61,2,0,0.1054,0.3113,0.3361,0.3791,0.2578,0
KM-125,5.27,19566,58.21,79.63,43523.8,148,2,0,0.1028,0.121,0.4935,0.2752,0.22,0
KM-103,42.39,52029,73.6,69.98,158568.1,94,1,2,0.2297,0.6845,0.141,0.0,0.2797,0
KM-109,51.34,64011,64.3,88.89,90961.2,65,1,0,0.3135,0.7157,0.1254,0.5397,0.4217,0
KM-116,10.08,39087,57.05,86.19,60510.4,156,0,3,0.0102,0.5815,0.5521,0.4626,0.3519,1
KM-108,30.37,64556,63.45,92.73,83376.1,90,1,1,0.1422,0.8049,0.1969,0.6494,0.4202,0
KM-101,66.8,40726,50.94,45.34,90361.9,106,0,0,0.4463,0.3632,0.7212,0.0,0.3912,0
KM-116,35.84,54548,59.37,90.77,166208.5,145,1,0,0.1784,0.563,0.4428,0.5935,0.4105,0
KM-109,23.81,2695,42.09,70.59,87959.2,57,2,1,0.1567,0.0862,1.0,0.0169,0.2798,0
KM-108,13.41,20755,65.41,102.59,153739.6,99,1,2,0.068,0.2921,0.1485,0.931,0.3127,0
KM-120,90.85,15601,41.78,87.53,147567.0,63,0,2,0.8254,0.2461,1.0,0.5009,0.6506,1
KM-111,24.24,2266,45.62,88.48,77616.7,71,2,1,0.1587,0.0848,0.8816,0.5279,0.3587,0
KM-107,57.11,27712,52.0,48.16,161136.6,19,1,1,0.3762,0.2839,0.5484,0.0,0.3123,0
KM-120,6.57,42171,50.99,60.73,114012.0,114,1,1,0.0543,0.4627,0.7312,0.0,0.2809,1
KM-101,62.48,34188,44.46,74.03,40217.9,107,0,2,0.3903,0.4394,0.982,0.1151,0.4659,0
KM-125,38.69,44559,53.43,93.36,91666.6,51,3,0,0.2997,0.4157,0.5392,0.6675,0.4502,0
KM-104,83.14,13534,64.82,82.38,139573.8,25,2,0,0.7912,0.0696,0.0445,0.3538,0.374,0
KM-120,85.42,25063,47.88,53.41,28872.0,144,4,3,0.9297,0.4154,0.9007,0.0,0.6094,0
KM-104,85.05,78006,52.09,70.62,162449.2,93,0,1,0.7233,1.0,0.6559,0.0177,0.6379,1
KM-103,83.36,10199,65.07,65.35,136920.6,12,0,0,0.6949,0.0455,0.018,0.0,0.2582,0
KM-108,82.6,19986,57.24,71.18,100515.3,60,1,0,0.7323,0.1249,0.4006,0.0338,0.3744,1
KM-101,46.82,70275,52.19,61.57,175862.1,115,0,1,0.2192,0.9033,0.6848,0.0,0.4395,0
KM-125,51.31,52855,66.12,61.39,13543.2,3,1,1,0.3133,0.617,0.0045,0.0,0.2648,0
KM-107,67.43,57482,57.22,66.35,18596.9,3,3,1,0.6047,0.6891,0.3155,0.0,0.447,0
KM-111,12.93,48388,70.39,95.43,62627.4,74,0,1,0.0167,0.5504,0.111,0.7266,0.311,0
KM-120,11.3,77571,45.54,59.88,169050.1,90,2,2,0.1128,1.0,0.9132,0.0,0.4721,0
KM-120,60.1,2112,47.4,74.28,83279.5,133,3,0,0.5112,0.0043,0.9036,0.1223,0.3852,1
KM-118,70.91,73222,65.67,76.07,135085.8,81,0,1,0.5028,0.9556,0.1215,0.1735,0.4739,1
KM-123,22.02,68207,61.09,52.61,135108.7,55,4,2,0.2485,0.9472,0.2389,0.0,0.3716,0
KM-116,17.14,9482,67.47,94.53,8335.9,158,6,0,0.3294,0.0408,0.237,0.7009,0.3131,0
KM-121,54.73,55139,63.77,72.9,6172.7,136,1,2,0.3495,0.7322,0.2532,0.0827,0.3726,0
KM-102,81.93,59161,56.24,65.59,154450.5,45,3,1,0.8213,0.7159,0.4178,0.0,0.55,0
KM-117,92.79,67607,64.17,100.11,156057.9,43,0,1,0.861,0.8569,0.0978,0.8602,0.7072,0
KM-109,81.43,28045,51.81,59.73,17433.3,175,2,1,0.7631,0.2876,0.7902,0.0,0.497,0
KM-115,87.21,32437,58.1,96.41,87671.4,79,1,2,0.8105,0.4182,0.3945,0.7546,0.618,1
KM-104,29.84,9732,55.43,104.07,98724.4,141,3,2,0.239,0.2024,0.5943,0.9735,0.4478,0
KM-103,57.75,78470,56.53,60.94,63836.6,31,1,0,0.3835,0.9715,0.3855,0.0,0.4542,0
KM-101,34.41,44379,69.37,49.91,106706.7,148,0,1,0.1184,0.4932,0.222,0.0,0.2091,1
KM-101,75.21,52477,49.7,54.63,90219.1,9,2,1,0.6657,0.6113,0.6254,0.0,0.5109,1
KM-123,80.48,23427,51.87,62.18,67310.7,46,1,0,0.6978,0.1585,0.5943,0.0,0.4027,1
KM-113,43.9,41495,67.36,80.55,109639.0,109,3,1,0.3427,0.4536,0.1635,0.3014,0.3263,0
KM-123,91.42,64710,50.84,69.12,55130.0,123,3,1,0.9857,0.8075,0.751,0.0,0.6971,0
KM-109,44.3,21476,66.46,68.58,5022.6,160,0,1,0.1963,0.2191,0.24,0.0,0.1715,0
KM-113,33.29,28035,63.28,46.59,163762.6,66,0,0,0.1108,0.2075,0.1678,0.0,0.1242,0
KM-120,33.99,7268,40.16,61.55,165986.0,114,1,1,0.1655,0.1074,1.0,0.0,0.2848,0
KM-125,71.16,23022,66.1,88.23,42749.1,100,2,0,0.6064,0.1544,0.15,0.5208,0.385,0
KM-105,10.87,10016,71.21,104.61,104260.8,108,1,0,0.0618,0.0443,0.162,0.9889,0.2629,0
KM-123,93.51,41819,44.9,94.53,166514.1,109,2,1,0.9745,0.4579,0.9675,0.7009,0.7892,1
KM-122,7.29,40661,52.9,50.25,172797.2,50,1,0,0.0553,0.3624,0.5589,0.0,0.2217,0
KM-106,29.02,57604,43.62,58.76,129961.7,105,2,1,0.1842,0.691,1.0,0.0,0.4372,0
KM-117,87.5,20810,51.53,91.15,35051.7,122,2,2,0.8656,0.2927,0.7217,0.6043,0.6413,0
KM-124,45.66,19608,56.21,73.89,135076.9,108,0,3,0.2084,0.3613,0.5135,0.1112,0.2882,0
KM-122,42.96,38145,50.36,95.23,146831.0,170,2,0,0.2846,0.3292,0.8407,0.721,0.4942,1
KM-114,9.68,61630,67.16,63.11,132384.7,19,2,0,0.1094,0.6762,0.0285,0.0,0.213,0
KM-122,48.27,35832,51.56,58.8,151397.2,95,4,0,0.433,0.2998,0.6801,0.0,0.3625,1
KM-105,63.21,38569,73.6,80.51,154422.9,74,4,1,0.5996,0.4148,0.111,0.3004,0.3958,0
KM-118,39.35,48751,40.69,78.46,55626.5,78,2,1,0.2549,0.5557,1.0,0.2417,0.4765,0
KM-102,13.5,8091,43.44,70.63,167187.0,36,3,0,0.1682,0.0322,0.9163,0.018,0.2538,0
KM-108,92.5,25463,50.22,82.48,108932.6,12,2,3,0.9556,0.4196,0.6092,0.3565,0.6325,1
KM-122,56.6,42924,50.12,89.43,28765.0,80,0,1,0.3203,0.473,0.7152,0.5552,0.4844,0
KM-105,58.77,79273,57.11,88.92,13741.8,14,4,0,0.5454,0.9864,0.3365,0.5404,0.6129,0
KM-117,16.13,23218,51.45,94.04,28700.3,4,1,1,0.076,0.2364,0.5481,0.687,0.3327,0
KM-112,22.54,55839,74.26,60.2,106207.6,130,2,1,0.1508,0.6631,0.195,0.0,0.2576,0
KM-102,71.01,9416,72.44,79.68,69735.8,136,1,1,0.5542,0.1204,0.204,0.2767,0.3202,0
KM-123,59.75,66906,61.37,48.97,38273.9,103,3,3,0.507,1.0,0.2996,0.0,0.4874,1
KM-116,36.92,8501,71.16,90.23,103579.4,80,2,2,0.2363,0.1946,0.12,0.578,0.271,0
KM-104,42.79,61820,55.21,83.47,97429.0,165,1,0,0.2331,0.6793,0.639,0.3849,0.4562,0
KM-124,35.71,43555,53.82,82.13,143068.8,61,2,0,0.2275,0.4017,0.5388,0.3466,0.3571,0
KM-104,65.13,50775,61.21,55.73,10126.8,1,1,2,0.4742,0.6656,0.1532,0.0,0.363,0
KM-125,62.21,55301,64.41,78.89,174110.2,163,4,0,0.5871,0.5747,0.2683,0.2541,0.4536,0
KM-121,19.13,25354,60.76,75.03,15932.1,172,1,0,0.0866,0.1784,0.4277,0.1436,0.1892,0
KM-105,60.5,59420,65.73,80.85,25327.4,99,1,0,0.416,0.6401,0.1485,0.31,0.3973,0
KM-109,6.39,13088,71.32,69.57,113661.8,79,3,0,0.1541,0.0662,0.1185,0.0,0.0942,0
KM-124,43.04,43656,45.5,99.29,34086.4,112,4,0,0.3853,0.4031,0.948,0.8369,0.5926,0
KM-121,13.93,73061,66.45,80.92,24335.3,134,1,0,0.0694,0.8728,0.201,0.312,0.3451,0
KM-120,32.62,23633,46.0,64.13,176938.8,150,2,2,0.2064,0.3206,0.9848,0.0,0.3493,0
KM-109,28.69,12646,50.93,49.67,145398.6,152,4,1,0.2823,0.1428,0.7906,0.0,0.2926,1
KM-114,88.76,77150,41.67,45.05,116888.5,120,4,0,0.9879,0.947,1.0,0.0,0.7825,0
KM-110,76.29,16208,42.84,98.74,172362.2,60,2,2,0.682,0.2512,0.9766,0.821,0.661,0
KM-120,72.01,74848,40.57,90.23,154225.9,95,1,3,0.5686,1.0,1.0,0.5781,0.7646,1
KM-107,52.67,64659,40.67,101.34,64038.2,21,1,1,0.3275,0.8066,1.0,0.8953,0.6953,1
KM-117,71.88,49032,58.4,64.53,157735.5,170,3,2,0.6666,0.6398,0.5192,0.0,0.4971,0
KM-102,6.92,66773,55.29,85.73,84534.5,57,1,0,0.0548,0.7625,0.474,0.4494,0.3945,0
KM-123,81.74,79865,52.01,83.69,102045.6,139,2,1,0.7681,1.0,0.7281,0.3911,0.7427,0
KM-118,84.79,2663,60.23,59.77,51333.7,106,2,1,0.819,0.0861,0.3498,0.0,0.3781,1
KM-113,88.47,64608,61.85,88.43,123222.8,93,1,0,0.8327,0.7258,0.2655,0.5266,0.6313,0
KM-115,79.35,36754,55.17,98.61,18314.1,172,0,0,0.6296,0.3114,0.6512,0.8174,0.5919,1
KM-124,20.73,64036,53.62,91.95,55268.1,50,1,1,0.093,0.7961,0.5302,0.6271,0.463,0
KM-123,9.94,43858,67.03,100.24,34546.7,73,2,0,0.1099,0.4059,0.1095,0.8641,0.3347,0
KM-103,75.31,48447,57.83,84.21,55440.2,42,1,0,0.6172,0.4713,0.3499,0.4059,0.485,1
KM-102,22.94,27949,54.4,87.44,93576.6,85,1,2,0.1026,0.3665,0.5517,0.4983,0.3375,0
KM-108,79.45,17040,61.52,62.93,123965.6,119,2,1,0.7312,0.1783,0.3177,0.0,0.364,1
KM-106,7.28,57211,73.37,91.93,31507.5,175,1,1,0.0553,0.6848,0.2625,0.6266,0.3684,0
KM-118,13.93,12249,63.99,102.52,70414.2,51,2,0,0.1194,0.0599,0.117,0.9292,0.266,0
KM-106,68.39,60882,49.9,78.14,101977.9,39,3,1,0.6177,0.7439,0.6624,0.2327,0.5812,0
KM-112,67.99,25247,40.3,67.94,8766.4,55,0,1,0.4623,0.2573,1.0,0.0,0.4261,1
KM-102,70.61,66025,62.8,94.37,88697.8,145,2,0,0.5986,0.7498,0.3054,0.6964,0.5973,0
KM-117,21.0,57471,47.2,59.72,46593.0,15,2,0,0.1441,0.6089,0.7345,0.0,0.3496,0
KM-115,28.16,8650,53.26,100.26,125059.5,33,1,1,0.1293,0.1156,0.5192,0.8646,0.3509,0
KM-102,48.88,49779,74.45,99.52,108825.8,8,4,1,0.4389,0.5708,0.012,0.8433,0.4674,0
KM-121,26.35,77935,41.72,59.99,131430.6,69,0,1,0.0695,1.0,1.0,0.0,0.4743,0
KM-104,83.69,56978,45.25,82.48,125981.7,151,0,2,0.7004,0.7611,1.0,0.3567,0.7068,0
KM-107,57.4,34637,46.17,65.11,88568.8,33,1,1,0.3795,0.3649,0.8025,0.0,0.3845,0
KM-125,93.91,44374,44.76,69.89,30545.7,13,2,0,0.9819,0.4131,0.8292,0.0,0.6128,1
KM-120,49.2,44897,70.84,89.7,99936.0,100,2,1,0.3421,0.5004,0.15,0.5628,0.3874,0
KM-118,80.8,47566,67.53,50.41,37079.4,74,2,1,0.7529,0.5385,0.111,0.0,0.4203,1
KM-115,5.76,23549,45.4,104.55,51685.7,168,2,0,0.1033,0.1597,1.0,0.9871,0.4735,1
KM-119,11.71,19711,47.27,91.69,87961.0,87,2,0,0.1137,0.1223,0.8398,0.6198,0.3623,0
KM-114,64.73,5570,46.47,80.13,24146.7,137,1,0,0.469,0.0184,0.9465,0.2894,0.416,0
KM-123,88.05,36740,60.7,52.21,69735.9,93,0,1,0.7752,0.3912,0.3116,0.0,0.4315,0
KM-125,58.6,43687,48.35,50.51,24009.7,47,1,2,0.3933,0.5635,0.7366,0.0,0.4259,0
KM-106,50.18,17333,43.8,95.69,88659.4,151,2,0,0.3518,0.1008,1.0,0.7341,0.4952,1
KM-110,71.21,33983,64.26,63.5,173523.9,119,1,0,0.557,0.2769,0.208,0.0,0.3058,0
KM-114,69.19,13634,63.79,91.66,87570.8,71,1,1,0.5287,0.1504,0.1551,0.6188,0.3774,0
KM-109,48.8,15337,73.44,94.66,146833.6,121,3,0,0.3882,0.0839,0.1815,0.7046,0.3341,0
KM-124,31.44,6411,49.45,48.07,94775.7,159,0,2,0.0989,0.1827,0.8603,0.0,0.2523,0
KM-119,93.69,69966,65.14,47.13,106507.7,2,1,1,0.9277,0.8979,0.003,0.0,0.5498,0
KM-103,7.03,61178,46.06,71.38,35894.1,92,1,0,0.0549,0.6687,0.8957,0.0395,0.3734,1
KM-116,10.96,74329,63.13,90.27,138168.9,17,3,1,0.162,0.9756,0.1004,0.5792,0.4365,0
KM-107,35.66,52955,59.3,85.04,19655.7,13,0,0,0.1271,0.5385,0.2476,0.4297,0.3146,0
KM-117,27.36,36381,53.57,103.5,61674.2,6,1,0,0.1249,0.3067,0.466,0.957,0.405,1
KM-111,14.37,15275,54.85,87.41,85228.6,14,3,0,0.1706,0.0834,0.427,0.4975,0.2655,0
KM-125,26.28,28118,54.25,55.28,152736.7,101,1,0,0.1191,0.2084,0.5815,0.0,0.2101,0
KM-119,51.26,34882,50.17,53.18,45473.8,78,0,0,0.2628,0.2879,0.7103,0.0,0.306,0
KM-121,50.28,24721,45.27,67.19,166762.9,59,2,3,0.3528,0.4118,0.8777,0.0,0.402,0
KM-104,81.69,45683,61.13,92.0,5069.3,59,0,2,0.6673,0.5915,0.2431,0.6287,0.5558,0
KM-118,77.31,46534,74.76,66.05,26810.7,82,3,1,0.7477,0.5236,0.123,0.0,0.4172,0
KM-101,14.83,11746,59.66,70.49,74540.8,47,4,1,0.222,0.1363,0.284,0.014,0.1714,0
KM-112,26.45,24452,52.99,48.93,165110.8,159,1,1,0.12,0.249,0.719,0.0,0.248,0
KM-114,30.22,55855,49.91,65.84,162679.9,131,2,2,0.1913,0.7434,0.8001,0.0,0.4128,0
KM-110,86.15,74876,72.74,65.66,135488.5,55,1,2,0.7922,1.0,0.0825,0.0,0.5438,1
KM-121,35.69,54590,55.17,72.35,30227.3,134,2,0,0.2274,0.5637,0.5943,0.0671,0.3528,0
KM-104,5.44,50967,74.07,75.48,164306.1,141,2,0,0.103,0.5085,0.2115,0.1567,0.2368,1
KM-110,41.61,44221,44.29,84.43,69005.0,91,1,1,0.2231,0.491,0.9647,0.4123,0.4762,0
KM-113,35.28,54447,61.9,75.85,17063.2,24,3,0,0.2745,0.5615,0.1599,0.167,0.3018,1
KM-121,45.18,36779,74.59,48.38,23279.7,106,1,1,0.2541,0.3917,0.159,0.0,0.2187,0
KM-106,6.62,24744,56.31,60.94,177508.8,147,1,2,0.0544,0.332,0.5679,0.0,0.2156,0
KM-114,61.07,42765,53.17,68.71,142585.6,65,0,0,0.373,0.3908,0.5708,0.0,0.3424,0
KM-110,65.06,13232,47.17,74.48,97911.1,128,2,1,0.5232,0.1473,0.9053,0.128,0.4266,0
KM-107,18.23,46975,69.26,60.89,41850.5,90,1,1,0.0832,0.53,0.135,0.0,0.1886,0
KM-104,8.39,77488,56.34,77.54,32782.2,65,1,0,0.057,0.9533,0.4438,0.2154,0.3901,0
KM-105,28.87,2805,52.11,77.69,107095.4,30,1,0,0.1334,0.0066,0.5606,0.2196,0.2044,1
KM-103,63.67,57788,41.16,62.16,67419.3,45,2,0,0.5053,0.6139,1.0,0.0,0.5304,0
KM-117,92.0,38613,68.33,56.39,75190.4,132,0,0,0.8465,0.3353,0.198,0.0,0.4197,0
KM-111,78.14,55313,50.12,63.48,88203.5,137,1,1,0.6605,0.6549,0.8007,0.0,0.5551,0
KM-122,24.44,66095,54.72,94.37,170994.4,100,3,0,0.2097,0.751,0.5613,0.6962,0.5126,0
KM-117,70.07,39134,68.28,76.43,177702.4,123,1,1,0.5409,0.4221,0.1845,0.1836,0.3685,0
KM-121,41.6,7464,51.31,87.04,109005.1,178,1,4,0.2231,0.3485,0.8145,0.4868,0.4255,1
KM-124,46.99,27971,51.04,77.88,6743.1,169,3,2,0.3708,0.3667,0.8119,0.2252,0.4289,0
KM-112,90.27,9327,44.61,45.22,7742.7,6,3,0,0.9648,0.0398,0.8244,0.0,0.5125,0
KM-101,59.94,13418,64.34,69.36,171978.5,179,1,1,0.4093,0.1487,0.2949,0.0,0.2394,0
KM-124,41.91,16957,72.28,75.38,169364.8,96,4,0,0.3756,0.0976,0.144,0.1538,0.2154,0
KM-112,63.35,28818,56.4,49.06,120325.1,100,1,2,0.4513,0.3762,0.4941,0.0,0.3508,0
KM-125,87.67,36656,54.43,77.48,172376.1,32,4,0,0.9686,0.3102,0.4706,0.2137,0.5534,0
KM-120,44.97,62213,67.31,95.59,132404.3,141,2,1,0.3022,0.7658,0.2115,0.7312,0.4858,1
KM-105,21.97,67300,71.78,69.95,20715.7,140,3,1,0.1983,0.8516,0.21,0.0,0.3243,1
KM-115,39.13,15735,49.82,100.18,93963.8,161,2,0,0.2531,0.0872,0.8486,0.8622,0.4526,0
KM-108,27.32,10003,65.56,56.86,126415.5,79,0,0,0.0746,0.0442,0.1185,0.0,0.0609,0
KM-124,93.74,19202,49.63,53.04,151815.5,118,1,0,0.9288,0.1176,0.7919,0.0,0.5128,0
KM-115,18.21,12584,68.6,91.49,114195.8,38,1,0,0.0832,0.0624,0.057,0.6141,0.1789,1
KM-124,55.15,26012,41.12,58.61,23115.8,83,0,0,0.3041,0.1854,1.0,0.0,0.3528,0
KM-113,81.56,43252,72.91,75.89,134829.1,94,3,1,0.8152,0.4775,0.141,0.1683,0.4666,0
KM-107,6.34,6221,70.01,98.53,65387.3,12,0,0,0.004,0.0217,0.018,0.8153,0.1735,1
KM-120,5.88,46380,42.76,54.86,71033.3,42,2,2,0.1035,0.6014,0.9525,0.0,0.3771,0
KM-108,48.5,26382,70.73,63.5,176966.0,77,2,0,0.3352,0.1894,0.1155,0.0,0.1878,0
KM-103,32.38,47477,68.74,93.1,152578.3,173,1,0,0.1549,0.4572,0.2595,0.66,0.3524,1
KM-118,12.45,43629,49.99,82.57,116985.1,69,2,0,0.1155,0.4027,0.7037,0.3591,0.3537,0
KM-105,22.36,40648,59.71,85.08,72339.4,137,2,1,0.15,0.4422,0.4171,0.4308,0.3326,0
KM-116,51.79,63499,51.19,87.76,87048.7,49,3,1,0.4182,0.7872,0.6257,0.5075,0.5698,0
KM-104,7.34,7289,54.77,74.78,151031.5,107,2,1,0.1054,0.1075,0.5696,0.1366,0.205,0
KM-119,12.35,24354,58.79,69.99,99437.7,41,2,0,0.1153,0.168,0.3099,0.0,0.1443,0
KM-115,20.24,16471,40.42,93.39,100733.1,26,2,0,0.141,0.0934,1.0,0.6682,0.4063,0
KM-125,40.53,57262,43.31,63.71,140531.8,20,1,3,0.2143,0.8456,0.8975,0.0,0.4659,0
KM-125,86.15,12434,48.25,50.06,82408.8,178,1,0,0.7921,0.0613,0.937,0.0,0.48,1
KM-125,42.4,37783,71.73,85.89,21075.9,139,3,2,0.3298,0.4846,0.2085,0.454,0.3691,1
KM-112,63.78,24109,68.85,92.25,83275.4,25,0,0,0.4068,0.1654,0.0375,0.6357,0.3184,0
KM-105,60.93,55115,59.88,57.79,53417.8,38,4,0,0.5712,0.5718,0.2618,0.0,0.3953,1
KM-121,28.52,39312,44.28,60.0,19845.8,93,1,1,0.1313,0.4245,0.9683,0.0,0.3457,0
KM-112,25.4,30422,51.41,92.38,97754.0,175,1,2,0.1145,0.3945,0.8062,0.6394,0.4278,0
KM-101,26.64,52485,73.6,87.02,38020.7,17,1,1,0.121,0.6114,0.0255,0.4862,0.2975,0
KM-102,47.9,32832,57.8,72.04,40964.7,162,0,1,0.2295,0.3429,0.5311,0.0583,0.2839,0
KM-124,55.63,21416,61.41,89.75,135895.9,164,2,1,0.4095,0.2185,0.3897,0.5643,0.3887,1
KM-104,75.06,32993,53.18,55.18,54680.4,3,4,0,0.7635,0.2648,0.4773,0.0,0.4289,0
KM-106,46.09,12201,54.67,90.93,18295.3,14,1,1,0.2624,0.1396,0.434,0.5979,0.3331,0
KM-120,26.9,19221,73.02,101.54,41324.6,20,1,1,0.1224,0.1978,0.03,0.901,0.2785,0
KM-105,19.59,58928,46.59,53.35,60717.8,3,2,0,0.1384,0.6322,0.7409,0.0,0.3547,0
KM-108,58.08,12435,67.64,56.01,176719.1,109,1,1,0.3873,0.1413,0.1635,0.0,0.2036,0
KM-120,72.14,19790,55.89,47.23,28306.5,106,0,0,0.5204,0.123,0.5234,0.0,0.3176,0
KM-122,69.57,76327,40.57,74.12,30696.1,123,1,1,0.5339,1.0,1.0,0.1177,0.6604,0
KM-108,73.16,4671,51.25,46.49,102326.0,158,1,0,0.5852,0.0141,0.7868,0.0,0.3657,0
KM-108,18.33,46615,48.8,64.97,104644.7,107,3,0,0.1836,0.4448,0.8084,0.0,0.3372,0
KM-122,15.65,26624,43.15,59.53,46632.2,61,3,2,0.1745,0.352,0.9656,0.0,0.3422,1
KM-121,36.64,12042,40.02,83.56,132053.9,175,1,2,0.1843,0.2184,1.0,0.3874,0.3966,0
KM-116,45.24,77984,65.39,84.95,163081.3,96,2,0,0.3047,0.9624,0.144,0.427,0.4615,0
KM-109,88.45,2894,64.63,51.82,64177.0,94,1,1,0.8324,0.0869,0.1558,0.0,0.3442,1
KM-105,49.53,34245,58.36,72.83,169580.5,155,1,2,0.2954,0.4401,0.4982,0.0808,0.3292,0
KM-105,16.1,41708,54.08,61.39,65355.6,137,2,1,0.1259,0.4564,0.6421,0.0,0.2866,0
KM-109,15.41,2347,49.85,48.74,78781.0,62,1,0,0.0737,0.005,0.6991,0.0,0.1669,0
KM-104,82.82,19758,51.57,77.86,76043.3,21,3,1,0.8359,0.2027,0.5686,0.2246,0.5019,1
KM-125,60.82,40834,74.16,96.78,48232.9,99,2,1,0.4699,0.4447,0.1485,0.7652,0.4584,0
KM-107,65.74,42210,46.9,103.39,100662.1,86,2,1,0.5322,0.4633,0.8532,0.954,0.6635,0
KM-101,7.89,76709,59.3,95.16,125832.1,125,3,2,0.1562,1.0,0.4154,0.7188,0.5315,0
KM-115,68.87,72206,73.41,66.38,21394.1,156,1,0,0.5243,0.8575,0.234,0.0,0.4447,0
KM-110,29.62,77375,54.25,61.76,66616.3,9,6,0,0.3877,0.9512,0.4436,0.0,0.4622,0
KM-109,29.29,22012,44.66,86.45,118338.4,152,0,1,0.0858,0.2243,1.0,0.47,0.3801,0
KM-104,83.59,16268,66.11,102.67,61608.1,123,2,1,0.7987,0.1717,0.1845,0.9335,0.5461,0
KM-120,29.0,72538,42.97,88.62,176161.6,110,0,0,0.0841,0.8634,1.0,0.5319,0.5517,0
KM-110,82.69,1606,42.59,92.44,130665.1,146,2,1,0.7838,0.0828,1.0,0.6412,0.6233,0
KM-122,85.83,70593,56.72,84.87,34513.8,8,3,1,0.8867,0.9089,0.3432,0.4249,0.6912,1
KM-124,44.38,50903,63.91,90.47,144476.8,179,2,1,0.2969,0.5876,0.312,0.5849,0.4302,1
KM-116,76.75,79350,48.66,56.66,70469.8,129,4,0,0.7891,0.9878,0.8473,0.0,0.6926,0
KM-117,13.84,72305,65.65,94.93,41864.3,65,1,1,0.0692,0.9392,0.0975,0.7123,0.421,1
KM-109,45.95,45815,65.4,73.07,152377.2,156,3,1,0.3611,0.5134,0.234,0.0877,0.3191,0
KM-102,21.99,28582,41.69,98.85,125833.9,11,0,0,0.0484,0.2136,0.9488,0.8244,0.4249,0
KM-103,31.69,30677,53.09,91.1,166947.4,10,0,1,0.1004,0.3175,0.4914,0.6028,0.3334,0
KM-123,70.96,73643,61.96,95.6,12058.7,65,3,1,0.6535,0.9632,0.2192,0.7314,0.6596,0
KM-118,52.01,54408,65.25,75.41,144034.1,80,2,3,0.3705,0.8009,0.12,0.1546,0.3848,0
KM-120,52.39,49825,54.62,84.17,74216.5,34,0,0,0.2744,0.4915,0.4663,0.4048,0.3932,0
KM-122,38.62,43525,64.93,87.81,95052.1,120,3,1,0.2991,0.4813,0.1827,0.509,0.3634,0
KM-125,88.37,8755,44.7,53.93,46409.6,1,1,0,0.8309,0.0362,0.8137,0.0,0.4626,1
KM-106,70.79,78659,68.46,59.65,106861.8,147,1,0,0.5511,0.975,0.2205,0.0,0.4807,0
KM-122,60.94,36133,47.82,70.04,132128.7,154,0,0,0.3713,0.3035,0.9182,0.0011,0.3897,0
KM-122,68.86,40548,54.28,45.04,151011.3,162,0,0,0.4741,0.3608,0.6719,0.0,0.3905,0
KM-124,11.57,59614,52.08,62.98,36971.4,154,0,0,0.0134,0.6433,0.7478,0.0,0.3151,0
KM-104,79.14,59783,69.09,51.53,85107.9,59,1,0,0.6764,0.646,0.0885,0.0,0.4159,1
KM-105,82.23,17336,45.05,91.1,150021.6,39,1,0,0.7262,0.1009,0.8565,0.6029,0.5713,0
KM-124,14.36,37349,40.01,82.91,9782.6,112,2,1,0.1206,0.399,1.0,0.3689,0.4157,1
KM-105,52.17,13493,57.66,91.47,16782.7,150,1,1,0.3222,0.1493,0.5185,0.6135,0.3765,0
KM-107,90.35,16219,54.81,55.72,91181.0,108,1,0,0.8663,0.0913,0.5695,0.0,0.4399,0
KM-117,82.4,2215,49.71,102.5,57720.8,110,1,3,0.7289,0.2446,0.7766,0.9286,0.6573,0
KM-115,57.03,2331,41.76,75.47,151971.1,151,1,1,0.3753,0.085,1.0,0.1563,0.3839,0
KM-107,92.35,73119,61.11,80.3,38192.7,88,1,0,0.9028,0.8738,0.2875,0.2943,0.6508,0
KM-117,11.89,62684,51.78,70.54,125218.4,99,2,1,0.1141,0.7736,0.6772,0.0156,0.3719,0
KM-116,22.61,41226,68.93,99.72,104041.8,32,0,2,0.0511,0.5299,0.048,0.8491,0.3298,0
KM-104,38.6,73597,63.73,51.66,86472.5,16,2,1,0.249,0.9624,0.0749,0.0,0.3427,0
KM-104,22.74,34704,50.19,54.91,166200.2,23,3,1,0.2017,0.3657,0.6268,0.0,0.2874,0
KM-121,51.66,58439,67.79,49.88,50050.7,91,4,0,0.4669,0.6243,0.1365,0.0,0.3468,0
KM-103,35.92,71930,57.23,77.01,52324.1,10,2,0,0.229,0.8526,0.3256,0.2002,0.3985,1
KM-120,71.36,64249,70.71,49.71,72965.1,160,2,1,0.6092,0.7997,0.24,0.0,0.4611,0
KM-104,24.99,54732,64.17,93.57,74302.8,23,3,1,0.2124,0.6459,0.0676,0.6735,0.384,0
KM-118,6.06,44439,54.45,72.07,85238.4,86,3,0,0.1537,0.414,0.5511,0.0591,0.2793,0
KM-125,75.5,16489,68.5,69.5,35642.3,123,5,1,0.82,0.1736,0.1845,0.0,0.3673,0
KM-115,24.74,24658,68.46,103.16,173723.2,157,3,0,0.2112,0.1711,0.2355,0.9475,0.3533,1
KM-119,74.28,38531,50.07,68.56,35932.7,176,0,0,0.5517,0.3343,0.8612,0.0,0.4489,0
KM-108,76.06,78907,50.2,94.3,73054.8,48,0,0,0.5786,0.9796,0.664,0.6942,0.719,0
KM-113,44.93,9971,52.39,74.92,68415.7,21,0,0,0.2019,0.044,0.536,0.1407,0.217,0
KM-117,46.38,57315,41.91,103.24,109987.9,90,1,0,0.2651,0.6064,1.0,0.9497,0.6343,1
KM-116,74.89,15496,70.92,47.01,178749.7,65,2,0,0.6608,0.0853,0.0975,0.0,0.2721,1
KM-106,55.75,77329,64.45,96.74,146811.1,113,3,0,0.4608,0.9503,0.1913,0.7641,0.5899,0
KM-108,82.82,77291,52.73,81.81,94604.8,100,1,1,0.736,1.0,0.6409,0.3374,0.7033,0
KM-107,8.72,74934,72.36,55.8,175215.9,40,1,2,0.0576,1.0,0.06,0.0,0.2822,1
KM-116,54.86,66661,60.51,87.55,20806.2,47,3,1,0.4509,0.8406,0.2503,0.5015,0.5183,0
KM-101,94.22,16930,51.15,103.47,53539.0,154,1,1,0.9378,0.1774,0.7851,0.9563,0.7208,0
KM-121,91.99,30266,74.48,86.47,11033.7,63,2,1,0.9463,0.3127,0.0945,0.4705,0.5224,0
KM-104,24.96,55009,67.86,81.65,98114.8,123,5,0,0.3123,0.5702,0.1845,0.3329,0.3553,0
KM-118,28.06,64465,47.44,92.74,147317.5,174,0,0,0.0787,0.7234,0.9634,0.6497,0.531,0
KM-109,16.37,50936,51.84,46.09,156563.8,95,2,1,0.1268,0.588,0.6688,0.0,0.3251,0
KM-104,12.6,5152,42.02,71.62,162443.7,32,1,1,0.0659,0.0963,0.9671,0.0462,0.2498,0
KM-105,38.69,11604,40.5,91.68,167470.5,125,2,0,0.2497,0.0552,1.0,0.6195,0.4251,0
KM-116,5.7,21003,61.04,48.28,30292.6,48,4,3,0.2032,0.3745,0.2306,0.0,0.2109,0
KM-107,23.13,47818,68.18,70.92,49666.1,81,3,0,0.2035,0.4621,0.1215,0.0262,0.2163,0
KM-117,22.1,59700,64.0,65.75,126002.4,14,0,0,0.0488,0.6447,0.0611,0.0,0.1905,1
KM-117,25.18,31438,69.35,46.8,126049.1,129,1,3,0.1134,0.4863,0.1935,0.0,0.2,0
KM-123,52.48,44421,50.92,83.22,150020.3,108,1,2,0.3254,0.5738,0.7251,0.3778,0.4779,1
KM-108,46.55,26981,40.82,99.82,144029.7,111,1,0,0.2667,0.1959,1.0,0.852,0.5127,0
KM-109,39.77,9798,67.98,93.69,88548.7,115,2,0,0.2581,0.0429,0.1725,0.677,0.271,0
KM-102,26.3,36695,63.2,80.55,19383.0,98,0,0,0.0691,0.3107,0.2188,0.3015,0.2059,0
KM-103,42.29,12036,59.25,59.46,175382.9,7,3,0,0.3288,0.0584,0.2404,0.0,0.1778,0
KM-102,47.97,42455,57.74,81.57,111768.0,163,0,2,0.2301,0.5466,0.535,0.3305,0.3903,1
KM-120,70.63,10875,44.74,103.08,10972.7,108,2,0,0.5988,0.0501,0.9725,0.9451,0.6056,1
KM-112,27.86,49833,74.57,65.39,15328.2,81,1,0,0.1276,0.4916,0.1215,0.0,0.1919,0
KM-112,15.72,11061,49.76,89.5,99439.4,27,2,3,0.1247,0.2914,0.65,0.5572,0.3579,1
KM-120,71.46,46932,46.2,84.22,143283.8,40,3,0,0.6606,0.4493,0.812,0.4064,0.5872,0
KM-114,42.99,20106,69.48,70.84,159411.5,110,0,2,0.1848,0.286,0.165,0.024,0.174,0
KM-109,91.85,11674,40.42,88.42,126900.5,177,1,4,0.8936,0.3757,1.0,0.5264,0.712,1
KM-117,27.8,3028,52.85,81.47,74204.5,166,1,2,0.1273,0.1674,0.7348,0.3278,0.2989,0
KM-124,56.7,4358,70.71,88.37,89603.8,148,0,1,0.3215,0.0927,0.222,0.5248,0.2851,1
KM-107,19.21,47091,60.23,99.94,153652.5,143,2,2,0.1369,0.6116,0.4052,0.8553,0.4529,0
KM-117,79.26,72314,66.11,103.58,60598.6,10,1,0,0.6783,0.8594,0.015,0.9595,0.6471,1
KM-124,45.64,11455,70.62,103.27,71175.3,134,0,1,0.2083,0.1342,0.201,0.9506,0.3368,1
KM-101,28.93,66491,57.58,86.22,91775.8,163,0,0,0.0837,0.7577,0.5413,0.4635,0.4197,0
KM-102,54.99,31215,43.32,45.91,151759.0,38,3,1,0.4524,0.3237,0.9242,0.0,0.4241,0
KM-112,76.13,36916,45.8,47.31,177674.2,146,2,2,0.6796,0.4735,0.9868,0.0,0.5536,0
KM-106,88.38,71483,56.67,95.09,143873.3,161,3,0,0.9312,0.8446,0.5746,0.7168,0.7954,0
KM-119,59.44,8579,54.57,62.89,158208.6,145,2,3,0.4533,0.2751,0.6347,0.0,0.3544,1
KM-106,15.21,74944,64.2,88.5,10054.1,120,1,1,0.0731,0.9867,0.212,0.5285,0.4204,0
KM-118,57.14,51247,57.21,51.89,104978.8,172,1,1,0.3765,0.5927,0.5695,0.0,0.3938,0
KM-103,61.61,42498,71.57,47.24,74978.9,10,0,0,0.3796,0.3872,0.015,0.0,0.2326,0
KM-123,94.56,3370,64.46,55.77,126158.6,92,0,0,0.8941,0.0086,0.1594,0.0,0.347,1
KM-109,53.42,25185,67.13,89.17,69325.5,97,3,2,0.4353,0.3366,0.1455,0.5477,0.3752,0
KM-123,40.49,12772,70.3,72.93,10212.9,128,2,3,0.264,0.3038,0.192,0.0838,0.2235,0
KM-115,61.56,38554,52.0,63.07,54739.7,39,1,1,0.4289,0.4146,0.5783,0.0,0.3694,0
KM-113,72.25,61486,74.32,93.63,56110.2,75,0,0,0.522,0.6738,0.1125,0.6751,0.5087,0
KM-119,20.89,73709,41.11,69.96,54354.4,139,2,0,0.1436,0.8844,1.0,0.0,0.4714,0
KM-113,42.68,43637,71.71,99.72,72762.2,118,0,0,0.1821,0.4029,0.177,0.849,0.3697,1
KM-101,93.32,49720,67.69,47.99,100911.1,167,3,0,1.0,0.49,0.2505,0.0,0.5226,0
KM-106,66.9,13140,65.71,90.33,20874.0,168,3,2,0.5976,0.2266,0.252,0.581,0.4324,0
KM-103,13.53,19696,67.99,101.14,104935.2,87,2,2,0.1183,0.2822,0.1305,0.8896,0.316,1
KM-104,43.36,12852,60.13,75.69,165098.2,34,1,0,0.2381,0.0644,0.2457,0.1626,0.1811,0
KM-122,55.25,13319,74.46,48.06,139394.5,59,2,0,0.4052,0.0679,0.0885,0.0,0.1765,1
KM-115,15.53,73906,40.05,58.55,103161.3,58,1,1,0.0741,0.9679,1.0,0.0,0.4679,0
KM-102,26.86,77004,72.18,78.27,127633.2,26,0,0,0.0722,0.9444,0.039,0.2364,0.3164,1
KM-116,57.3,35364,71.74,86.06,145113.8,19,3,0,0.4784,0.2939,0.0285,0.4588,0.3384,0
KM-116,78.89,53263,52.51,74.65,111451.6,74,0,0,0.6223,0.5433,0.6105,0.1327,0.5023,0
KM-103,51.92,42168,74.37,92.48,106239.8,66,1,1,0.3195,0.4627,0.099,0.6423,0.3758,1
KM-109,68.4,64322,48.53,82.73,30090.9,162,1,0,0.5179,0.7209,0.9019,0.3636,0.6146,0
KM-109,63.73,52123,56.62,90.69,82792.0,175,1,2,0.4562,0.6859,0.5975,0.5911,0.5689,0
KM-123,74.99,48687,49.18,54.57,13223.4,21,0,2,0.5624,0.6348,0.6642,0.0,0.4884,0
KM-114,64.19,54963,45.42,99.39,172627.6,124,2,1,0.5121,0.6495,0.9691,0.8397,0.7033,0
KM-121,9.54,47098,41.82,103.04,26233.8,132,1,1,0.0591,0.5317,1.0,0.9439,0.5424,0
KM-101,11.16,38171,51.14,81.71,140643.4,120,0,1,0.0125,0.4096,0.7344,0.3346,0.3206,0
KM-105,66.07,76058,40.38,60.35,19706.8,162,0,0,0.4365,0.927,1.0,0.0,0.5845,1
KM-105,19.02,42108,41.68,95.28,117869.1,61,2,1,0.1362,0.4619,1.0,0.7222,0.5076,0
KM-117,78.86,13418,62.85,103.22,43497.8,109,1,0,0.6718,0.0687,0.2495,0.9491,0.492,0
KM-109,74.4,27344,53.05,75.94,65529.4,15,1,0,0.6035,0.1998,0.5005,0.1697,0.3952,0
KM-111,23.45,3626,49.17,64.66,109336.9,174,4,2,0.255,0.1696,0.8942,0.0,0.3105,0
KM-101,77.05,47379,70.53,83.04,131275.9,154,2,2,0.6937,0.6158,0.231,0.3725,0.5174,0
KM-103,17.72,52768,40.27,58.46,94639.1,126,2,2,0.1314,0.6957,1.0,0.0,0.4199,1
KM-107,5.33,78886,62.56,86.66,22131.8,88,0,0,0.0028,0.9792,0.2294,0.4761,0.3869,0
KM-115,91.04,7278,49.17,62.0,15950.3,16,1,0,0.8788,0.0274,0.6572,0.0,0.4459,0
KM-105,92.37,33295,74.29,95.71,128198.4,90,4,1,1.0,0.3485,0.135,0.7345,0.611,0
KM-117,11.64,65199,46.31,83.61,38667.7,22,1,1,0.0635,0.8157,0.7805,0.3889,0.4601,0
KM-105,23.54,43337,69.38,75.09,61765.4,93,0,1,0.0554,0.4787,0.1395,0.1454,0.1961,0
KM-112,20.42,63674,45.14,63.37,176736.8,154,2,2,0.1417,0.8701,1.0,0.0,0.4671,0
KM-112,61.79,18771,70.88,51.35,14771.9,110,2,2,0.4818,0.2737,0.165,0.0,0.27,0
KM-105,23.02,18446,67.69,48.82,67505.1,32,3,1,0.203,0.1907,0.048,0.0,0.1283,0
KM-110,50.41,52783,51.18,63.07,83062.0,50,0,1,0.2541,0.6159,0.6278,0.0,0.3685,0
KM-113,74.87,21143,68.24,67.77,15798.3,139,2,0,0.6605,0.1359,0.2085,0.0,0.3069,0
KM-108,7.49,69450,74.16,69.73,37055.5,94,0,1,0.0056,0.8889,0.141,0.0,0.2524,0
KM-124,79.03,32976,44.85,52.04,48299.2,68,0,1,0.6246,0.3446,0.9081,0.0,0.4864,0
KM-121,57.48,29734,43.55,100.45,176442.0,130,1,1,0.3804,0.3066,1.0,0.87,0.5838,0
KM-125,73.05,29631,42.27,103.85,71031.1,49,3,1,0.6836,0.3054,0.9829,0.9671,0.7056,1
KM-117,55.91,69422,51.56,82.74,83203.7,144,4,1,0.5126,0.8884,0.7537,0.364,0.625,1
KM-112,76.42,66267,41.42,88.6,50828.1,139,1,0,0.634,0.7539,1.0,0.5315,0.7167,1
KM-115,73.91,50928,70.04,97.76,157019.0,64,3,0,0.6963,0.5079,0.096,0.7931,0.5485,0
KM-108,28.21,32871,71.08,100.83,102193.2,162,0,0,0.0796,0.2634,0.243,0.8809,0.3185,0
KM-114,66.32,39156,69.96,45.84,6063.0,157,0,0,0.4399,0.3424,0.2355,0.0,0.2867,0
KM-106,64.71,1302,56.26,104.55,45135.7,86,2,0,0.5187,0.0021,0.4787,0.9871,0.4752,1
KM-116,66.89,77633,53.68,63.61,156161.7,168,5,1,0.6974,1.0,0.7046,0.0,0.635,1
KM-104,13.11,18391,44.33,90.17,118482.2,85,1,1,0.0672,0.1902,0.9544,0.5763,0.3772,1
KM-104,5.27,44011,72.92,75.05,97563.3,133,1,0,0.0528,0.408,0.1995,0.1442,0.1892,0
KM-114,75.5,65956,69.65,64.27,21562.0,22,2,1,0.67,0.8286,0.033,0.0,0.4482,1
KM-104,34.87,73596,61.77,81.92,93201.7,42,1,0,0.1716,0.8824,0.1922,0.3407,0.3872,1
KM-109,10.28,28584,72.74,99.86,119565.3,16,0,4,0.0106,0.5336,0.024,0.8531,0.3125,1
KM-103,42.75,28140,68.95,100.3,42728.3,178,4,1,0.3827,0.2886,0.267,0.8658,0.4327,0
KM-101,32.44,60801,52.0,87.85,7202.6,90,0,1,0.1053,0.7426,0.6548,0.5099,0.4554,1
KM-119,23.63,17719,55.98,92.83,83682.9,151,1,0,0.1059,0.1042,0.5874,0.6523,0.311,1
KM-119,13.77,29263,51.6,98.3,32049.7,82,2,1,0.119,0.3012,0.6589,0.8086,0.4105,0
KM-108,76.3,63820,40.5,52.29,18945.2,157,2,0,0.6822,0.7125,1.0,0.0,0.6169,0
KM-107,63.28,11711,74.75,79.42,122179.8,85,1,2,0.4505,0.216,0.1275,0.2691,0.291,0
KM-111,48.22,37946,66.98,70.23,147445.3,111,0,0,0.2325,0.3267,0.1665,0.0065,0.1976,0
KM-111,49.95,23689,61.37,50.88,56428.8,57,1,0,0.2995,0.1611,0.2308,0.0,0.1913,0
KM-108,49.26,66383,44.65,91.1,30036.6,81,2,0,0.3426,0.7559,0.9356,0.603,0.6166,0
KM-103,37.71,41635,44.12,104.01,48999.6,32,3,2,0.2922,0.5355,0.8831,0.9718,0.6071,0
KM-115,78.04,7615,66.61,92.69,142795.8,49,2,0,0.709,0.0294,0.0735,0.6482,0.3998,0
KM-122,42.34,11833,49.76,97.65,113036.1,72,1,0,0.2293,0.0569,0.7177,0.7899,0.396,0
KM-124,69.7,50260,65.73,65.35,128167.2,138,0,0,0.4858,0.498,0.207,0.0,0.3359,1
KM-104,52.02,52669,73.92,53.01,66824.2,30,2,1,0.3706,0.6142,0.045,0.0,0.2923,0
KM-111,24.89,47802,52.45,74.4,46401.5,148,0,0,0.0619,0.4619,0.7241,0.1258,0.3071,0
KM-109,27.63,18640,73.78,97.16,20196.2,85,0,4,0.0764,0.4325,0.1275,0.7761,0.3156,0
KM-125,76.52,59488,58.23,94.26,121659.1,152,1,1,0.6356,0.7212,0.4986,0.6932,0.6411,0
KM-110,29.47,51060,57.62,60.51,34441.5,76,3,1,0.2369,0.5899,0.4093,0.0,0.3122,0
KM-102,80.23,21029,60.8,87.98,109559.7,110,1,1,0.6937,0.2148,0.3331,0.5137,0.4658,0
KM-111,48.99,67492,69.13,54.79,104187.4,74,1,0,0.29,0.7749,0.111,0.0,0.3174,0
KM-111,94.72,17647,43.8,94.29,99362.4,63,1,0,0.9472,0.1036,0.9425,0.694,0.6847,0
KM-110,28.47,58811,55.99,85.38,171697.0,169,3,1,0.2311,0.7103,0.6138,0.4395,0.4691,0
KM-121,65.15,18780,51.46,90.53,79949.2,136,1,2,0.4745,0.2737,0.7456,0.5866,0.5009,1
KM-102,64.56,23844,42.08,54.89,75301.2,166,1,0,0.4668,0.1627,1.0,0.0,0.4041,0
KM-125,52.85,30303,67.41,66.08,19837.4,73,3,2,0.4293,0.3931,0.1095,0.0,0.2704,0
KM-125,86.43,17469,67.65,85.49,9547.3,90,2,0,0.847,0.102,0.135,0.4425,0.4375,0
KM-124,54.04,60079,65.84,101.09,79009.1,21,3,3,0.442,0.8908,0.0315,0.8881,0.5613,0
KM-115,57.42,64834,52.16,79.88,106012.1,55,3,2,0.4797,0.8896,0.596,0.2821,0.5659,0
KM-103,18.38,37271,64.86,93.46,123004.3,101,3,1,0.1838,0.398,0.1573,0.6704,0.3294,0
KM-102,23.3,23806,63.24,51.43,126739.9,72,3,0,0.2043,0.1623,0.1785,0.0,0.1478,0
KM-111,18.0,29373,64.46,75.81,60491.5,4,0,1,0.0324,0.3025,0.0276,0.1659,0.1257,1
KM-107,26.11,3196,71.49,82.3,140738.3,23,1,1,0.1182,0.088,0.0345,0.3513,0.1405,0
KM-114,61.7,53774,40.1,64.81,16614.1,149,0,0,0.3807,0.5511,1.0,0.0,0.471,0
KM-116,20.68,34713,63.72,59.53,161405.3,130,3,1,0.1928,0.3658,0.2463,0.0,0.2082,0
KM-123,64.59,9927,74.33,96.89,20886.5,158,1,1,0.4672,0.1237,0.237,0.7683,0.3955,1
KM-124,46.15,4437,58.71,86.05,141101.4,127,3,2,0.363,0.1731,0.442,0.4586,0.3504,1
KM-112,94.13,70410,68.15,82.77,153412.1,173,0,1,0.886,0.9057,0.2595,0.365,0.6614,1
KM-122,9.65,22694,56.99,48.0,38532.7,37,4,0,0.2093,0.1511,0.3759,0.0,0.1862,0
KM-116,11.42,41956,72.46,104.15,63852.1,45,0,0,0.013,0.3798,0.0675,0.9756,0.3081,1
KM-103,69.67,1720,50.82,93.19,21277.5,57,1,1,0.5354,0.0832,0.6526,0.6625,0.4712,0
KM-116,85.63,51682,50.96,66.21,38128.3,69,1,0,0.7832,0.5192,0.6652,0.0,0.537,0
KM-112,80.4,32855,50.65,65.97,35284.5,34,2,1,0.7465,0.3432,0.6251,0.0,0.4721,0
KM-123,12.83,73585,63.23,45.3,90580.7,158,1,0,0.0665,0.8822,0.3079,0.0,0.3054,1
KM-105,31.61,67905,44.04,104.75,87541.6,27,1,2,0.1499,0.942,0.8788,0.9929,0.6623,1
KM-114,6.78,42993,46.56,56.41,89218.3,144,1,0,0.0546,0.394,0.9537,0.0,0.3083,0
KM-120,50.34,63511,49.05,83.08,170010.5,143,3,1,0.4034,0.7874,0.8523,0.3737,0.5832,1
KM-122,32.02,60391,72.68,75.86,61753.3,161,1,1,0.1525,0.7359,0.2415,0.1674,0.3191,0
KM-113,40.36,45829,43.9,60.56,147061.9,153,0,0,0.1629,0.4336,1.0,0.0,0.3654,0
KM-105,27.5,30399,60.69,65.55,90642.6,59,0,0,0.0756,0.2342,0.261,0.0,0.1372,0
KM-123,16.94,16221,70.89,90.52,51901.8,48,0,0,0.0287,0.0913,0.072,0.5862,0.1645,0
KM-125,80.5,42281,73.5,92.71,19151.3,23,2,2,0.748,0.5442,0.0345,0.649,0.5345,0
KM-115,10.25,13279,73.65,90.3,95983.0,163,1,1,0.0605,0.1476,0.2445,0.58,0.223,0
KM-101,38.78,2746,58.42,51.24,6207.3,58,4,2,0.3504,0.1664,0.35,0.0,0.2342,0
KM-122,92.02,5651,43.49,55.65,87213.8,147,2,1,0.9467,0.0988,1.0,0.0,0.5561,0
KM-102,21.18,45279,51.23,89.19,32695.9,137,0,0,0.0449,0.4258,0.7564,0.5484,0.3831,1
KM-108,43.42,7081,72.02,90.3,108268.6,170,0,0,0.1885,0.0263,0.255,0.5801,0.2396,0
KM-118,27.76,4256,44.64,60.48,78829.5,150,1,2,0.1271,0.1723,1.0,0.0,0.2875,0
KM-109,16.94,55844,70.42,73.13,122122.5,146,1,1,0.0787,0.6632,0.219,0.0894,0.255,0
KM-114,77.52,60951,61.46,98.17,118654.5,176,2,0,0.701,0.665,0.4055,0.8048,0.6537,0
KM-107,34.7,51553,45.42,56.44,98421.2,166,2,1,0.2204,0.5973,1.0,0.0,0.4265,0
KM-102,90.14,60414,62.79,70.65,116242.2,81,2,4,0.9126,0.9763,0.2101,0.0186,0.6092,1
KM-110,9.22,34772,45.68,46.45,28769.1,137,0,1,0.0085,0.3666,0.9781,0.0,0.2902,0
KM-104,49.28,57314,63.77,102.23,26063.5,90,2,1,0.3428,0.6864,0.1841,0.921,0.5126,0
KM-115,52.97,14894,51.68,89.08,144315.2,163,0,2,0.2806,0.2403,0.7771,0.5452,0.4228,0
KM-114,77.24,22668,51.51,90.01,167163.9,44,3,1,0.7465,0.2308,0.6055,0.5717,0.5544,0
KM-105,64.54,14376,47.08,47.86,145499.0,117,0,0,0.4165,0.0762,0.8923,0.0,0.3433,0
KM-122,73.31,54810,41.1,97.11,160267.5,8,3,0,0.6874,0.5671,0.9678,0.7744,0.7308,1
KM-121,81.27,54105,70.82,102.84,101122.3,147,2,0,0.7605,0.5562,0.2205,0.9383,0.637,0
KM-115,62.2,20925,60.11,84.44,109093.3,166,2,0,0.4869,0.1338,0.4444,0.4125,0.3752,0
KM-112,27.8,71875,62.7,78.52,112287.6,25,2,2,0.1773,1.0,0.1293,0.2435,0.3866,0
KM-114,74.74,72673,45.17,74.4,40449.8,58,3,1,0.7086,0.9458,0.8801,0.1258,0.6857,1
KM-103,33.22,73078,65.32,69.18,179238.1,148,4,0,0.3104,0.8731,0.222,0.0,0.3713,0
KM-113,42.83,45428,69.27,73.72,95799.2,105,2,0,0.2835,0.4279,0.1575,0.1063,0.259,0
KM-120,21.77,29698,55.04,89.65,36902.5,67,1,0,0.0974,0.2262,0.4988,0.5616,0.3027,0
KM-112,34.44,36023,74.02,91.71,139037.3,77,1,1,0.1686,0.3822,0.1155,0.6204,0.3017,0
KM-117,53.22,78833,55.88,100.94,46940.2,96,1,1,0.3332,1.0,0.5089,0.884,0.6452,0
KM-123,59.21,59757,40.43,71.91,92930.7,19,4,0,0.5506,0.6456,1.0,0.0546,0.565,0
KM-113,13.74,31533,51.68,87.45,35030.4,138,1,0,0.0689,0.2475,0.7399,0.4986,0.3337,1
KM-123,42.85,56511,62.6,87.76,54133.6,167,0,0,0.1836,0.5937,0.3466,0.5073,0.3835,0
KM-125,69.41,49773,66.23,69.92,104916.3,76,1,0,0.5317,0.4907,0.114,0.0,0.3316,0
KM-102,46.59,1069,42.78,57.68,32626.4,149,1,0,0.2671,0.0015,1.0,0.0,0.2939,0
KM-107,71.29,7672,53.67,86.05,7338.8,98,0,0,0.5082,0.0297,0.6001,0.4585,0.397,0
KM-118,16.45,62899,50.79,102.61,170119.4,26,2,1,0.1271,0.7772,0.6075,0.9316,0.5466,0
KM-116,9.03,54250,64.57,100.24,26909.9,51,1,0,0.0582,0.5584,0.0938,0.8639,0.3515,0
KM-124,17.27,78091,51.11,102.02,162494.5,60,0,0,0.0298,0.9644,0.6455,0.9148,0.5636,0
KM-114,80.38,67178,55.22,53.94,172967.2,140,4,0,0.8461,0.7695,0.6011,0.0,0.6087,0
KM-119,16.26,49786,46.93,75.55,42041.3,117,2,0,0.1264,0.4909,0.8981,0.1587,0.3783,0
KM-123,17.83,39059,65.52,77.69,81702.9,50,0,1,0.0318,0.4212,0.075,0.2198,0.1754,0
KM-105,60.68,57321,54.31,88.16,167290.7,112,2,1,0.4682,0.6865,0.5955,0.5187,0.5583,0
KM-102,45.89,60029,68.02,46.56,81342.0,63,2,0,0.3106,0.65,0.0945,0.0,0.2901,1
KM-101,77.32,8566,69.95,98.85,111205.7,103,0,2,0.5979,0.195,0.1545,0.8242,0.4538,0
KM-114,54.43,26696,62.93,78.98,33079.8,61,4,1,0.4963,0.2728,0.1742,0.2566,0.3281,0
KM-119,81.83,26863,47.86,50.86,41010.2,144,1,0,0.7196,0.1946,0.9016,0.0,0.4808,1
KM-105,69.02,5152,44.11,89.34,39052.2,144,3,0,0.6264,0.0163,1.0,0.5526,0.5338,1
KM-115,50.82,68744,54.03,77.23,57273.5,134,2,0,0.3582,0.7966,0.6397,0.2067,0.4938,0
KM-108,12.84,51309,40.62,92.27,105998.3,28,1,0,0.0665,0.5136,1.0,0.6363,0.4789,1
KM-101,47.61,71591,55.99,62.11,68671.1,89,0,1,0.2267,0.9266,0.4941,0.0,0.4098,0
KM-118,51.17,50147,54.14,64.28,58392.5,47,0,0,0.2618,0.4963,0.5051,0.0,0.3167,1
KM-115,15.03,71908,47.23,75.87,76180.6,118,1,0,0.0726,0.8522,0.888,0.1677,0.4496,0
KM-102,30.25,42598,60.18,100.79,58876.6,175,5,1,0.3415,0.4686,0.4552,0.8797,0.5036,0
KM-102,75.35,70548,67.96,104.6,146825.6,51,2,0,0.6678,0.8281,0.0765,0.9887,0.6538,1
KM-105,56.74,45888,67.79,56.23,7100.2,151,1,2,0.3719,0.5944,0.2265,0.0,0.3241,0
KM-123,55.24,71676,45.53,49.36,45285.0,98,3,0,0.4552,0.8481,0.9256,0.0,0.5564,1
KM-119,17.82,36507,40.18,74.29,159838.9,17,1,0,0.0818,0.3083,1.0,0.1226,0.3302,0
KM-107,9.42,35531,55.95,67.31,24833.5,71,2,1,0.1089,0.376,0.4683,0.0,0.2258,0
KM-123,8.45,3501,57.43,69.25,32674.4,72,1,3,0.0571,0.2492,0.4108,0.0,0.1644,0
KM-125,89.24,9521,47.67,48.71,133148.3,11,3,0,0.9464,0.0411,0.7099,0.0,0.4835,0
KM-107,75.18,77173,63.52,51.03,98917.9,130,2,1,0.6651,1.0,0.2541,0.0,0.5336,1
KM-117,66.45,21331,66.81,48.34,73903.2,6,4,0,0.6415,0.1377,0.009,0.0,0.2608,0
KM-124,43.63,68970,59.25,71.86,74131.8,77,4,0,0.3903,0.8005,0.3456,0.0532,0.4165,0
KM-108,43.61,42560,69.72,67.76,168908.9,79,4,0,0.3902,0.388,0.1185,0.0,0.2573,0
KM-114,8.14,70260,70.85,80.44,120175.0,56,1,2,0.0566,0.9831,0.084,0.2982,0.342,0
KM-113,19.32,19149,59.83,90.74,165772.4,11,4,3,0.2373,0.3571,0.2232,0.5927,0.3355,0
KM-105,69.92,36617,57.25,95.43,145453.5,55,5,1,0.7389,0.3897,0.3925,0.7266,0.5799,1
KM-107,25.96,13319,44.41,94.5,136376.2,105,1,0,0.1174,0.0679,0.9811,0.7001,0.3943,1
KM-101,86.4,67470,60.7,104.14,20681.4,105,2,2,0.8465,0.9345,0.3296,0.9755,0.7909,0
KM-104,77.61,55677,64.48,71.47,50948.6,10,1,0,0.6523,0.5806,0.0357,0.0421,0.389,0
KM-123,75.2,67559,61.2,93.28,141509.3,14,0,0,0.5655,0.7761,0.173,0.6651,0.5596,1
KM-101,35.74,1393,59.76,59.83,76571.2,147,1,0,0.1777,0.0023,0.43,0.0,0.1488,0
KM-116,31.75,71099,67.34,64.93,94038.4,53,1,0,0.1508,0.8378,0.0795,0.0,0.2781,0
KM-116,48.52,25457,68.83,88.15,42773.2,83,2,2,0.3354,0.3395,0.1245,0.5186,0.3309,0
KM-117,79.95,41794,64.26,55.54,162494.4,148,1,2,0.6893,0.5376,0.2517,0.0,0.426,0
KM-102,42.45,9078,53.66,58.49,133954.0,148,0,1,0.1802,0.1182,0.6756,0.0,0.2278,0
KM-123,26.65,16987,57.11,51.8,23855.3,78,2,1,0.171,0.1778,0.4326,0.0,0.1908,0
KM-112,73.47,24627,57.33,46.65,60140.6,75,4,0,0.7397,0.1708,0.4193,0.0,0.3855,0
KM-108,41.78,28779,72.48,68.37,79620.5,99,3,2,0.3245,0.3758,0.1485,0.0,0.2372,0
KM-102,90.83,13301,54.63,84.25,18012.1,3,1,0,0.875,0.0678,0.4194,0.4071,0.4885,0
KM-123,55.22,31265,64.43,99.66,120845.9,115,2,0,0.4049,0.2443,0.1952,0.8473,0.4113,1
KM-103,50.54,49064,71.86,92.64,48873.5,14,1,0,0.3055,0.4803,0.021,0.647,0.3606,0
KM-104,17.74,18523,40.95,96.52,62862.4,10,1,0,0.0815,0.1114,0.977,0.7578,0.4033,0
KM-103,73.21,54646,62.75,96.2,37250.9,47,1,4,0.586,0.8846,0.1605,0.7486,0.608,0
KM-114,62.64,50390,64.68,89.96,46015.9,74,2,1,0.4923,0.5799,0.1236,0.5702,0.4561,0
KM-103,56.89,77246,49.61,99.13,151291.0,101,2,0,0.4236,0.9488,0.767,0.8323,0.7053,1
KM-108,76.76,10847,56.56,63.33,138277.1,13,2,0,0.6891,0.0499,0.3571,0.0,0.3251,0
KM-114,44.43,33414,70.39,53.74,88616.8,38,1,0,0.2474,0.2699,0.057,0.0,0.1655,0
KM-108,88.53,23462,42.43,74.56,103845.6,59,0,0,0.7837,0.1588,0.9911,0.1304,0.5383,0
KM-120,11.09,55418,61.01,102.49,127259.4,154,1,1,0.0623,0.6566,0.3905,0.9282,0.4497,0
KM-119,15.3,25460,59.82,101.16,135640.3,82,3,0,0.1734,0.1795,0.3303,0.8903,0.3497,1
KM-109,72.79,22935,50.61,104.83,78865.5,162,0,1,0.5298,0.2335,0.8185,0.9952,0.6066,0
KM-107,64.91,46766,68.28,80.85,61595.0,65,2,0,0.5214,0.447,0.0975,0.3101,0.3757,0
KM-114,57.23,61295,57.94,97.34,133198.3,151,1,2,0.3775,0.8307,0.5089,0.781,0.5978,0
KM-120,41.91,53221,41.12,53.08,137295.5,32,1,0,0.2256,0.5426,1.0,0.0,0.4146,0
KM-125,73.19,34084,67.39,103.53,76075.3,22,2,0,0.6357,0.2781,0.033,0.9581,0.4903,0
KM-115,66.76,36608,69.3,91.39,30159.5,143,1,0,0.4957,0.3095,0.2145,0.6112,0.416,0
KM-108,77.9,14780,46.34,80.66,115006.2,168,1,3,0.6569,0.3194,0.9983,0.3046,0.5703,0
KM-113,83.2,47612,67.74,58.86,80293.4,159,1,0,0.7422,0.4591,0.2385,0.0,0.4222,0
KM-123,68.72,45187,70.14,96.52,16574.9,125,0,0,0.4723,0.4245,0.1875,0.7576,0.4604,0
KM-106,25.3,47684,62.34,69.28,24540.1,132,1,1,0.114,0.5402,0.3045,0.0,0.2358,0
KM-117,39.98,24119,63.28,56.65,73596.6,117,0,0,0.1598,0.1655,0.2441,0.0,0.1462,0
KM-106,13.56,10066,73.86,64.32,142655.0,164,2,1,0.1184,0.1246,0.246,0.0,0.1218,0
KM-104,73.35,48128,41.97,64.91,39448.2,79,0,0,0.5381,0.4666,1.0,0.0,0.505,0
KM-114,77.7,10445,52.09,63.69,102405.7,81,2,1,0.7037,0.1272,0.6381,0.0,0.4057,0
KM-113,64.15,47110,72.31,52.53,179319.4,127,2,1,0.5116,0.5319,0.1905,0.0,0.3501,0
KM-111,16.78,79283,54.63,66.76,170685.8,57,1,1,0.0782,1.0,0.5004,0.0,0.3774,0
KM-111,74.02,14702,53.74,49.46,97114.0,72,4,1,0.7479,0.1588,0.5584,0.0,0.4131,0
KM-125,62.02,10111,72.98,98.84,161306.2,44,1,0,0.4347,0.0449,0.066,0.8239,0.3413,0
KM-115,81.85,70892,58.42,95.83,94580.8,68,2,0,0.7699,0.8342,0.3653,0.7379,0.6986,0
KM-107,5.9,17937,69.27,57.94,166294.5,48,2,2,0.1035,0.2662,0.072,0.0,0.1172,0
KM-118,52.19,37564,50.78,60.67,152568.9,125,1,0,0.3224,0.3218,0.7561,0.0,0.3445,0
KM-116,80.44,58878,53.73,70.67,120972.7,152,1,2,0.6971,0.7914,0.6788,0.0192,0.5814,1
KM-111,79.07,29728,68.91,58.15,154093.0,64,2,0,0.7253,0.2265,0.096,0.0,0.3297,0
KM-118,21.94,42964,66.76,101.24,34085.1,92,2,1,0.1481,0.4736,0.138,0.8927,0.3764,1
KM-125,49.22,41648,44.41,75.25,134995.8,126,1,1,0.2923,0.4556,1.0,0.15,0.4462,0
KM-104,20.06,33653,60.28,64.73,117274.5,110,3,1,0.1902,0.3528,0.3537,0.0,0.2255,0
KM-119,39.49,36564,57.31,89.39,118735.5,27,1,2,0.206,0.469,0.3481,0.5539,0.3697,0
KM-116,90.44,69882,40.28,58.6,53840.3,13,2,0,0.918,0.8164,1.0,0.0,0.7254,1
KM-121,71.67,16029,66.3,88.12,51784.1,175,1,0,0.5637,0.0897,0.2625,0.5176,0.3757,0
KM-102,8.33,27843,60.39,87.63,29020.7,165,4,1,0.2069,0.2853,0.4319,0.5036,0.3309,0
KM-113,16.92,32819,43.91,101.61,105204.0,97,2,2,0.1286,0.4228,0.989,0.9031,0.5291,0
KM-119,7.54,27651,43.41,50.86,164932.3,120,4,0,0.2057,0.2032,1.0,0.0,0.3228,0
KM-114,64.11,37346,65.72,76.98,62883.9,97,3,1,0.561,0.399,0.1455,0.1994,0.365,0
KM-109,24.84,1085,60.67,96.34,171830.4,70,2,1,0.1617,0.0816,0.2782,0.7526,0.2832,0
KM-119,85.71,70513,57.79,82.32,71578.1,15,1,0,0.7847,0.8275,0.3111,0.3521,0.6141,0
KM-106,28.57,65839,60.5,103.66,175480.1,88,0,2,0.0816,0.9066,0.3121,0.9617,0.51,1
KM-101,10.72,21778,69.33,100.29,109481.4,147,2,5,0.1115,0.542,0.2205,0.8654,0.3917,0
KM-116,26.85,54886,61.32,101.53,174343.1,151,3,0,0.2221,0.5683,0.3737,0.9009,0.4747,0
KM-122,24.11,28764,65.06,78.37,135980.7,63,1,2,0.1081,0.3756,0.0945,0.239,0.1984,0
KM-109,70.93,6894,69.59,74.64,59778.8,119,0,0,0.5031,0.0253,0.1785,0.1325,0.2446,0
KM-107,65.72,4024,51.66,93.72,125002.5,22,3,0,0.5819,0.0113,0.5665,0.6777,0.4553,0
KM-102,87.16,12718,57.33,74.43,121982.0,91,2,1,0.8596,0.1434,0.4434,0.1264,0.4507,0
KM-111,26.8,10952,54.43,82.38,139127.7,12,1,0,0.1218,0.0507,0.441,0.3538,0.2143,0
KM-117,75.99,53647,51.38,102.35,153211.9,137,3,0,0.7274,0.5491,0.7504,0.9242,0.7268,1
KM-103,83.78,19611,61.16,47.44,59295.3,68,0,3,0.7019,0.3614,0.2557,0.0,0.3871,0
KM-105,32.85,65023,54.65,104.4,24165.2,115,2,0,0.2079,0.7328,0.5864,0.983,0.5698,0
KM-110,29.97,78129,49.76,57.91,78700.5,120,1,1,0.1398,1.0,0.7898,0.0,0.4569,0
KM-110,87.61,79412,74.99,45.33,29422.3,86,2,0,0.8675,0.989,0.129,0.0,0.5767,0
KM-103,74.56,5294,40.77,97.59,31028.4,49,1,0,0.6059,0.017,1.0,0.7884,0.574,1
KM-107,13.03,73237,41.18,74.02,14708.5,99,1,1,0.067,0.9559,1.0,0.1148,0.4854,1
KM-121,69.72,43803,61.02,88.17,75300.1,78,1,1,0.5361,0.4852,0.2761,0.5193,0.468,1
KM-125,29.41,51727,70.82,69.86,67262.7,103,2,0,0.1865,0.5199,0.1545,0.0,0.2261,0
KM-102,29.84,49053,68.63,86.26,178826.3,11,0,1,0.089,0.5601,0.0165,0.4647,0.2674,0
KM-118,89.62,63345,56.14,96.69,77549.4,44,1,0,0.8532,0.7046,0.4203,0.7626,0.7113,1
KM-114,21.0,24004,45.74,65.36,169363.6,158,1,0,0.0941,0.1644,1.0,0.0,0.274,0
KM-121,28.62,66206,64.92,54.91,110111.4,133,0,0,0.0819,0.7529,0.2029,0.0,0.2575,0
KM-113,88.16,45816,55.49,77.85,10693.7,173,0,2,0.7773,0.5934,0.6401,0.2242,0.5932,1
KM-110,66.84,44423,71.0,72.07,77371.2,80,0,0,0.4468,0.4138,0.12,0.059,0.2956,0
KM-116,89.52,24222,68.43,74.18,69416.0,69,0,0,0.8014,0.1666,0.1035,0.1195,0.3667,0
KM-118,87.54,16921,62.63,98.39,155669.0,3,1,3,0.8164,0.3373,0.0994,0.811,0.5521,0
KM-119,13.51,74868,41.24,70.55,155811.3,166,0,0,0.0182,0.9053,1.0,0.0156,0.4358,0
KM-116,42.47,59519,65.09,57.93,46127.0,19,4,2,0.3804,0.8017,0.0285,0.0,0.3393,0
KM-125,33.99,33814,47.37,54.24,37337.3,167,1,0,0.1655,0.2748,0.9557,0.0,0.3178,0
KM-118,17.0,49211,73.8,45.02,18384.2,111,2,2,0.1289,0.6425,0.1665,0.0,0.239,0
KM-111,93.35,39026,51.97,80.76,143048.3,12,1,2,0.9214,0.5007,0.5392,0.3075,0.617,0
KM-107,16.69,58110,42.0,64.16,17077.4,153,1,0,0.0779,0.6191,1.0,0.0,0.382,1
KM-124,22.22,55507,48.22,55.6,104183.7,122,1,0,0.0994,0.5779,0.8543,0.0,0.3501,0
KM-120,26.14,16467,46.63,46.55,6440.2,41,2,1,0.1683,0.1734,0.7964,0.0,0.2615,0
KM-124,12.2,63137,71.79,49.26,39802.7,137,3,2,0.1649,0.8611,0.2055,0.0,0.3141,0
KM-115,45.68,14808,55.57,69.4,6777.6,36,0,0,0.2087,0.0796,0.4313,0.0,0.1792,0
KM-101,9.05,9609,63.08,91.1,116220.2,67,3,0,0.1582,0.0416,0.1771,0.6029,0.2218,0
KM-110,10.85,34498,48.19,59.97,142805.7,138,0,0,0.0118,0.2832,0.8793,0.0,0.2508,0
KM-123,21.28,24201,55.19,49.35,11602.0,106,1,1,0.0953,0.2464,0.5516,0.0,0.2053,0
KM-102,53.14,20798,71.59,80.34,104266.3,89,1,0,0.3323,0.1326,0.1335,0.2955,0.2353,0
KM-115,81.53,57723,50.11,62.16,93325.3,136,0,0,0.6648,0.6129,0.7996,0.0,0.5458,1
KM-107,53.29,4542,65.72,65.51,161999.1,79,1,1,0.334,0.0935,0.1185,0.0,0.164,0
KM-111,5.69,45838,45.09,76.24,7814.2,139,1,2,0.0532,0.5937,1.0,0.1782,0.4027,1
KM-119,14.77,27903,67.15,104.91,155452.0,11,4,0,0.2218,0.206,0.0165,0.9975,0.3319,0
KM-111,83.69,64651,58.92,67.15,8173.7,53,1,0,0.7503,0.7265,0.3227,0.0,0.5088,0
KM-110,30.4,22447,41.7,72.17,111469.4,166,1,2,0.1424,0.3086,1.0,0.0621,0.3394,0
KM-120,47.89,40655,73.57,51.53,148016.9,14,3,1,0.3794,0.4423,0.021,0.0,0.2476,0
KM-108,67.29,36998,46.12,52.3,126441.4,79,0,0,0.4528,0.3145,0.8738,0.0,0.4119,0
KM-105,62.76,52756,55.64,89.46,91624.8,173,1,1,0.4438,0.6155,0.6337,0.556,0.5472,1
KM-115,93.46,31055,59.16,64.82,159390.5,39,0,1,0.8734,0.3219,0.292,0.0,0.4446,0
KM-119,52.43,4868,73.72,74.47,160276.5,6,1,2,0.3248,0.175,0.009,0.1278,0.1848,0
KM-122,72.48,17677,60.98,76.18,141031.6,44,1,2,0.5753,0.2639,0.2266,0.1765,0.3479,1
KM-107,75.92,42673,52.51,88.57,63660.0,95,2,0,0.6763,0.3896,0.6422,0.5307,0.5687,0
KM-117,26.24,46683,54.95,80.84,164453.8,99,2,2,0.1688,0.6058,0.5506,0.3098,0.3826,1
KM-103,26.11,41515,58.09,78.87,127855.2,169,2,2,0.1682,0.5338,0.5299,0.2534,0.349,0
KM-109,67.61,24084,50.75,51.87,124329.0,120,2,2,0.5571,0.3252,0.7501,0.0,0.4263,0
KM-106,84.15,25597,47.15,76.65,38412.0,137,3,1,0.8581,0.261,0.9195,0.1899,0.5875,1
KM-112,60.45,10805,45.19,89.29,137411.6,2,4,2,0.5654,0.2096,0.7953,0.5511,0.5196,0
KM-125,5.91,27614,44.02,60.72,152718.2,161,0,1,0.0035,0.2828,1.0,0.0,0.2719,1
KM-115,73.66,48379,53.37,48.27,49316.9,62,1,0,0.5926,0.4703,0.558,0.0,0.4366,0
KM-106,70.86,43252,67.39,86.89,49302.4,43,0,2,0.5022,0.5575,0.0645,0.4825,0.4245,0
KM-114,68.35,7907,63.26,97.47,144827.7,101,1,0,0.5172,0.0311,0.2212,0.785,0.39,1
KM-115,89.93,54147,63.12,87.56,113719.3,77,1,2,0.8587,0.7168,0.1905,0.5017,0.6182,0
KM-112,52.29,56544,61.36,86.78,54569.0,2,4,0,0.4734,0.5942,0.1487,0.4794,0.4399,1
KM-124,28.98,13295,45.7,87.48,29442.5,104,1,0,0.134,0.0677,0.9279,0.4993,0.3493,0
KM-122,65.59,40460,40.1,49.93,134604.4,141,1,0,0.4803,0.3597,1.0,0.0,0.458,0
KM-108,12.22,18457,57.05,82.53,9942.3,148,0,0,0.0149,0.1108,0.5399,0.358,0.2125,0
KM-115,88.85,4263,61.97,74.36,104690.2,93,1,0,0.8395,0.0123,0.2605,0.1246,0.3739,0
KM-121,89.14,13083,65.1,45.08,5178.8,169,3,1,0.9445,0.1461,0.2535,0.0,0.4178,1
KM-102,57.14,7984,66.23,99.02,147388.4,29,0,0,0.3265,0.0315,0.0435,0.8291,0.2967,0
KM-115,49.69,11714,73.01,102.43,20460.3,96,1,2,0.2969,0.216,0.144,0.9266,0.372,1
KM-125,9.47,6470,45.48,81.22,99793.1,136,2,2,0.109,0.183,0.985,0.3207,0.345,0
KM-116,18.1,68879,52.74,86.56,30499.3,159,0,0,0.0328,0.7989,0.7288,0.4732,0.4516,0
KM-101,27.68,22583,66.28,78.35,140545.1,163,1,0,0.1266,0.15,0.2445,0.2386,0.1784,0
KM-117,83.42,16408,68.18,90.57,177029.4,67,0,1,0.6958,0.1729,0.1005,0.5877,0.4244,1
KM-108,50.41,24963,44.03,72.8,112219.6,40,1,1,0.3041,0.2543,0.8987,0.0799,0.3657,0
KM-105,73.85,41446,49.26,67.18,83453.3,160,2,0,0.6454,0.3729,0.8697,0.0,0.493,0
KM-120,88.35,56264,51.25,74.33,138275.9,13,2,1,0.8806,0.6698,0.5693,0.1237,0.6143,0
KM-113,44.27,10172,42.12,100.12,167399.3,40,1,1,0.246,0.1253,0.975,0.8605,0.4845,1
KM-111,58.12,5027,74.86,96.69,172359.0,71,1,1,0.3878,0.0958,0.1065,0.7627,0.3335,0
KM-110,47.04,71424,73.04,68.71,46818.2,141,3,1,0.3713,0.9236,0.2115,0.0,0.4031,1
KM-106,41.03,70911,71.94,80.45,32668.4,159,0,1,0.1683,0.9145,0.2385,0.2986,0.395,0
KM-101,13.63,26908,55.18,45.02,148022.7,55,2,0,0.1186,0.1951,0.4751,0.0,0.1853,0
KM-113,69.85,53159,61.87,91.64,70126.2,2,1,0,0.5379,0.5417,0.1282,0.6184,0.473,1
KM-110,53.07,36680,71.61,85.51,81952.2,137,3,0,0.4316,0.3105,0.2055,0.4432,0.3584,0
KM-101,44.09,21075,64.74,67.67,132974.2,93,2,0,0.2944,0.1352,0.15,0.0,0.1668,0
KM-103,6.14,56655,72.93,49.38,130971.6,11,3,0,0.1538,0.596,0.0165,0.0,0.2061,0
KM-123,82.13,3472,55.38,65.32,30831.1,161,2,1,0.7745,0.089,0.6264,0.0,0.4186,1
KM-104,81.28,77463,70.98,49.9,9006.1,74,2,1,0.7606,1.0,0.111,0.0,0.5384,0
KM-111,66.8,22026,53.41,53.29,104212.7,18,2,0,0.5463,0.1445,0.4907,0.0,0.3255,1
KM-121,38.8,3326,60.18,48.33,35741.9,104,2,2,0.2505,0.1685,0.3489,0.0,0.1996,0
KM-105,70.38,13335,63.92,69.49,114958.8,167,0,1,0.4954,0.1481,0.2939,0.0,0.2692,0
KM-119,10.23,48193,58.26,47.57,125648.0,45,1,1,0.0605,0.5476,0.337,0.0,0.2255,0
KM-102,89.92,5676,72.31,60.72,178937.7,105,1,0,0.8585,0.0189,0.1575,0.0,0.3367,0
KM-109,92.36,52172,64.8,77.57,67089.2,67,2,0,0.953,0.5266,0.1086,0.2163,0.5302,0
KM-124,15.59,22344,50.65,64.24,161114.0,158,0,0,0.0243,0.1476,0.8111,0.0,0.2076,0
KM-117,93.41,65381,60.84,66.25,87322.5,69,2,1,0.9726,0.8188,0.2699,0.0,0.5991,0
KM-124,46.43,68942,68.48,63.34,68705.4,22,2,0,0.3156,0.8,0.033,0.0,0.3171,1
KM-113,6.94,51750,71.91,84.82,57309.9,74,2,1,0.1048,0.6003,0.111,0.4234,0.2936,1
KM-107,51.19,13416,58.92,83.84,104317.3,178,1,2,0.312,0.2287,0.5101,0.3954,0.3475,0
KM-120,28.33,45914,45.08,76.05,98311.6,169,0,1,0.0803,0.5148,1.0,0.1729,0.3914,0
KM-112,81.46,56485,68.73,59.74,38159.9,33,4,2,0.8636,0.7533,0.0495,0.0,0.5005,0
KM-103,50.11,41005,40.86,104.3,53355.0,172,1,0,0.3011,0.367,1.0,0.9801,0.5932,0
KM-122,89.65,67181,40.22,59.2,169291.9,28,1,2,0.8537,0.9295,1.0,0.0,0.7312,1
KM-123,85.84,40403,50.29,64.73,146069.5,128,0,0,0.7369,0.3589,0.7804,0.0,0.5037,0
KM-102,54.67,39034,54.76,90.59,33263.3,33,0,0,0.2989,0.3408,0.4593,0.5883,0.3993,1
KM-124,67.7,37177,57.49,55.0,157009.3,66,3,0,0.6083,0.3168,0.3994,0.0,0.372,0
KM-121,44.91,74721,56.58,72.43,153956.1,136,0,0,0.2017,0.9027,0.5409,0.0694,0.4183,0
KM-121,9.51,7407,70.72,85.5,124876.0,12,0,1,0.009,0.1082,0.018,0.443,0.1224,0
KM-106,38.9,50852,40.7,88.84,111904.7,36,1,2,0.2013,0.6668,1.0,0.5382,0.5448,1
KM-122,37.91,58512,61.17,60.36,141058.9,162,4,0,0.3437,0.6255,0.3962,0.0,0.3559,0
KM-112,26.58,75819,59.34,60.88,150115.9,154,1,2,0.1206,1.0,0.4572,0.0,0.3837,1
KM-110,10.57,16855,74.13,48.08,142543.3,146,1,0,0.0612,0.0967,0.219,0.0,0.0894,0
KM-110,33.06,21264,51.07,79.92,111388.1,176,2,0,0.2093,0.137,0.8213,0.2833,0.3284,1
KM-123,14.03,78828,59.85,50.73,78626.8,63,1,0,0.0697,0.9781,0.3006,0.0,0.329,0
KM-102,72.79,65517,63.23,69.33,149783.4,169,3,0,0.6799,0.7411,0.3242,0.0,0.4881,0
KM-118,27.69,51555,60.08,92.41,169622.2,83,4,1,0.2767,0.5973,0.3213,0.6404,0.4385,0
KM-105,85.92,22329,60.56,50.04,167932.1,52,1,1,0.7883,0.2275,0.2554,0.0,0.3839,0
KM-106,8.75,19203,66.79,80.76,124668.2,140,1,3,0.0577,0.3576,0.21,0.3075,0.2131,1
KM-107,66.37,21569,73.85,101.43,21642.0,165,1,1,0.4905,0.22,0.2475,0.8981,0.4558,0
KM-122,10.83,56463,46.18,88.89,157478.8,98,1,1,0.0617,0.6729,0.8999,0.5397,0.4778,0
KM-113,58.57,54679,72.13,86.04,9570.7,159,0,1,0.343,0.6451,0.2385,0.4584,0.4207,0
KM-104,54.5,29316,73.48,50.87,97610.3,103,2,1,0.397,0.3018,0.1545,0.0,0.2453,0
KM-115,64.9,2902,42.06,102.09,106864.2,102,4,0,0.6212,0.0069,1.0,0.917,0.6025,1
KM-115,54.93,10894,72.68,102.53,82084.9,52,1,1,0.3517,0.1303,0.078,0.9295,0.3572,0
KM-105,38.82,23999,48.27,86.02,88679.0,170,1,0,0.2007,0.1643,0.9243,0.4577,0.3877,1
KM-103,69.68,2264,63.45,52.55,91540.5,97,1,1,0.5355,0.0848,0.2075,0.0,0.2501,0
KM-113,66.66,11385,47.56,96.54,109328.4,96,1,2,0.4943,0.2137,0.8414,0.7583,0.5464,0
KM-123,59.69,46757,53.64,81.01,117758.2,76,3,1,0.5063,0.5268,0.5682,0.3146,0.4855,0
KM-114,93.06,31880,50.74,77.26,118375.9,64,2,2,0.966,0.4116,0.6662,0.2074,0.6157,0
KM-104,64.98,6608,52.19,57.23,160212.5,94,2,1,0.5223,0.1037,0.6535,0.0,0.3394,0
KM-103,26.43,67526,48.25,51.65,168346.2,52,1,1,0.1199,0.8555,0.7479,0.0,0.4054,1
KM-117,15.94,49071,42.77,81.37,76762.5,145,1,0,0.0754,0.4804,1.0,0.3249,0.4115,0
KM-101,30.98,35999,69.66,100.26,162602.7,84,1,2,0.146,0.4619,0.126,0.8646,0.3647,0
KM-125,59.64,77578,66.69,75.5,50924.0,70,3,0,0.5057,0.9549,0.105,0.1572,0.4682,1
KM-125,48.04,57502,58.38,97.37,17375.8,51,2,0,0.3308,0.6094,0.3412,0.782,0.4928,0
KM-117,90.56,5800,43.12,79.49,142633.0,20,1,0,0.8701,0.0195,0.9053,0.2711,0.5447,0
KM-122,40.28,47674,71.3,88.85,103479.9,167,3,0,0.3122,0.46,0.2505,0.5385,0.3821,1
KM-122,20.2,69231,64.22,55.64,160233.5,40,1,1,0.0908,0.885,0.091,0.0,0.2713,0
KM-102,38.2,28701,53.03,63.77,155732.6,56,1,1,0.1959,0.2949,0.5627,0.0,0.2548,0
KM-124,93.38,71826,42.59,65.6,66000.4,40,1,1,0.9221,0.9307,0.9565,0.0,0.7467,0
KM-105,68.44,49874,46.01,92.55,44588.7,149,1,0,0.5185,0.4922,0.9833,0.6442,0.63,1
KM-110,69.56,59122,42.38,80.9,113516.5,67,2,0,0.5839,0.6353,1.0,0.3115,0.6255,1
KM-108,29.79,47454,45.14,75.14,11197.1,153,4,0,0.2888,0.4569,1.0,0.1468,0.4447,0
KM-111,28.45,30175,47.33,72.81,148671.6,134,1,1,0.1309,0.3117,0.9078,0.0804,0.3214,0
KM-119,85.63,42254,54.59,84.05,107500.1,109,0,0,0.7332,0.3839,0.5798,0.4016,0.5489,0
KM-125,75.53,17603,50.16,93.28,59110.8,110,1,1,0.6204,0.1832,0.7587,0.6652,0.5477,1
KM-114,49.72,69465,67.73,92.61,65960.2,3,1,1,0.2972,0.8891,0.0045,0.6461,0.4564,0
KM-108,76.54,65384,71.13,77.73,83386.6,171,1,1,0.6359,0.8189,0.2565,0.2207,0.5227,1
KM-122,47.11,70431,67.04,86.62,121191.8,172,1,2,0.2719,0.9861,0.258,0.4749,0.4883,0
KM-106,49.94,17660,46.6,66.03,128703.5,11,0,0,0.2494,0.1037,0.7526,0.0,0.2637,0
KM-111,64.9,62686,57.38,88.99,119958.7,164,3,0,0.5712,0.6936,0.5507,0.5427,0.592,0
KM-101,45.61,65873,48.14,54.27,112073.6,14,2,1,0.308,0.8272,0.6953,0.0,0.4537,0
KM-124,67.13,66767,53.75,80.08,70832.6,78,2,0,0.5507,0.7624,0.5672,0.288,0.5544,1
KM-107,70.6,23085,74.82,46.83,46798.5,106,3,0,0.6484,0.155,0.159,0.0,0.2975,0
KM-113,23.66,28599,53.3,100.94,88362.1,8,3,0,0.206,0.2137,0.4802,0.884,0.3984,0
KM-124,73.89,73119,56.53,103.54,17637.0,78,3,0,0.696,0.8738,0.4558,0.9583,0.7449,1
KM-106,39.8,7358,54.07,61.95,116250.8,30,2,1,0.2584,0.1079,0.482,0.0,0.2138,0
KM-120,80.55,61116,41.69,100.22,28960.8,7,2,1,0.7489,0.7477,0.9428,0.8634,0.8103,1
KM-104,93.35,47035,47.55,54.12,18242.5,97,1,1,0.9214,0.5308,0.8434,0.0,0.6239,0
KM-115,51.03,5370,50.71,101.33,129249.4,116,1,0,0.3104,0.0174,0.7456,0.8951,0.4411,0
KM-108,13.63,73808,50.22,100.95,135864.9,27,4,0,0.2186,0.8862,0.6319,0.8842,0.6013,0
KM-118,9.97,77874,64.04,90.74,9597.9,124,1,2,0.0599,1.0,0.2243,0.5926,0.4344,0
KM-123,41.07,62880,51.97,100.09,105512.3,71,1,0,0.2187,0.6968,0.6278,0.8596,0.5482,0
KM-101,94.16,32213,46.6,95.52,145391.5,157,0,0,0.8867,0.2555,0.9716,0.729,0.7143,0
KM-109,77.2,16310,59.59,94.73,89726.7,6,2,2,0.696,0.2521,0.2253,0.7066,0.493,1
KM-115,50.25,39693,48.71,103.98,153106.7,20,2,2,0.3525,0.5095,0.6815,0.9709,0.5813,1
KM-106,19.5,36463,63.37,45.97,171120.7,160,2,1,0.138,0.3877,0.3053,0.0,0.2063,0
KM-115,22.12,43961,53.94,82.88,163772.0,121,4,0,0.2489,0.4073,0.6238,0.3679,0.3873,1
KM-119,43.69,18259,54.09,88.44,117855.1,142,0,2,0.1909,0.269,0.6493,0.5269,0.3693,0
KM-117,54.93,33922,71.93,78.48,60371.6,39,1,2,0.3517,0.4361,0.0585,0.2424,0.2923,0
KM-115,49.49,19466,42.51,68.29,133113.5,167,4,1,0.4449,0.2,1.0,0.0,0.4057,0
KM-102,74.27,58626,47.48,61.11,150975.3,79,2,0,0.6517,0.6273,0.8192,0.0,0.5488,1
KM-107,77.8,19310,69.05,86.55,104289.2,106,5,0,0.8552,0.1186,0.159,0.473,0.4554,0
KM-112,44.75,53089,63.09,68.98,17429.9,132,1,2,0.2503,0.7006,0.2746,0.0,0.3177,0
KM-113,45.62,5529,58.52,52.33,97826.0,84,3,1,0.3581,0.0982,0.3852,0.0,0.2269,0
KM-120,26.08,11478,46.78,49.09,113758.8,58,0,0,0.068,0.0543,0.8158,0.0,0.2006,1
KM-118,9.2,79171,43.6,71.83,57032.8,80,0,1,0.0085,1.0,0.9758,0.0524,0.4586,0
KM-123,69.29,52416,64.17,87.46,100689.9,155,0,2,0.48,0.6903,0.2657,0.4989,0.4935,0
KM-102,85.04,72699,66.59,84.5,156238.0,118,3,0,0.8731,0.8663,0.177,0.4142,0.6404,0
KM-109,5.19,11638,53.55,96.29,117633.9,16,2,0,0.1027,0.0555,0.4819,0.7511,0.2964,0
KM-121,78.14,57009,65.76,100.39,157877.6,125,0,1,0.6107,0.6816,0.1875,0.8683,0.5953,0
KM-121,39.09,6496,55.04,94.68,76493.2,29,2,1,0.2528,0.1031,0.442,0.7052,0.3437,0
KM-115,73.47,42395,69.33,65.71,113833.0,175,1,0,0.5897,0.3858,0.2625,0.0,0.3554,1
KM-119,51.02,63372,66.51,93.46,164779.4,42,3,0,0.4103,0.705,0.063,0.6704,0.4666,1
KM-111,73.49,30837,42.0,73.08,11795.8,15,2,1,0.6401,0.3193,0.9427,0.088,0.51,0
KM-116,67.85,33054,52.83,49.16,61815.0,152,0,1,0.4604,0.3456,0.7148,0.0,0.3905,0
KM-123,71.56,49334,46.32,61.34,45515.4,45,2,1,0.6121,0.5643,0.8148,0.0,0.5182,0
KM-121,14.28,22000,67.32,88.08,162830.5,112,2,1,0.1204,0.2242,0.168,0.5167,0.2351,0
KM-124,69.77,59308,45.81,49.6,163855.1,163,1,1,0.5368,0.7183,1.0,0.0,0.5675,0
KM-117,67.34,19434,58.94,56.25,92633.6,50,1,0,0.5034,0.1197,0.3175,0.0,0.2696,0
KM-104,42.97,72649,62.15,88.61,112561.3,104,0,0,0.1846,0.8654,0.2701,0.5317,0.4413,0
KM-107,34.32,4152,63.95,99.93,54916.2,29,1,2,0.1678,0.1718,0.0857,0.855,0.2898,0
KM-120,76.01,23215,71.92,48.27,133449.4,162,1,1,0.6278,0.2363,0.243,0.0,0.3274,0
KM-125,11.94,74565,45.27,52.3,93908.8,57,2,2,0.1143,1.0,0.8748,0.0,0.465,0
KM-107,32.05,5000,57.56,54.07,69840.4,20,1,1,0.1527,0.0956,0.3277,0.0,0.1429,0
KM-108,17.79,27329,62.16,51.28,115712.7,93,1,1,0.0816,0.2797,0.253,0.0,0.1491,0
KM-114,33.35,44381,42.85,78.16,35157.9,88,2,3,0.2112,0.6532,1.0,0.233,0.4838,0
KM-109,69.33,21416,59.15,95.12,70089.6,59,1,1,0.5307,0.2185,0.3225,0.7177,0.4484,0
KM-108,67.51,26819,64.11,86.82,64596.0,107,1,0,0.5057,0.1941,0.1961,0.4806,0.3609,0
KM-102,13.66,34575,68.28,88.91,25508.0,150,1,2,0.0687,0.4441,0.225,0.5403,0.2881,0
KM-122,67.73,46263,57.03,57.17,158204.7,168,5,0,0.7087,0.4398,0.5709,0.0,0.4722,0
KM-107,28.6,56376,44.32,66.95,80203.7,114,2,0,0.1818,0.5916,0.9981,0.0,0.4111,0
KM-125,71.65,74691,45.19,76.3,122982.6,146,0,0,0.5134,0.9021,1.0,0.18,0.6412,1
KM-106,47.0,21873,41.46,64.95,144679.2,28,0,0,0.2209,0.143,0.9835,0.0,0.3098,0
KM-111,93.0,64544,48.91,85.11,9490.9,147,1,0,0.9149,0.7247,0.864,0.4318,0.7606,0
KM-108,26.66,36816,66.37,96.45,108273.2,174,2,0,0.1711,0.3122,0.261,0.7558,0.3413,1
KM-104,12.79,51491,53.07,60.33,22737.7,5,0,0,0.0163,0.5164,0.4846,0.0,0.2317,0
KM-118,30.65,42835,49.34,74.9,143579.9,9,0,0,0.094,0.3918,0.6397,0.14,0.2868,1
KM-106,46.07,10324,65.34,75.69,78326.0,175,0,2,0.2122,0.2064,0.2625,0.1627,0.2109,0
KM-105,9.12,70022,72.52,93.79,23610.5,44,0,1,0.0083,0.8989,0.066,0.6797,0.3768,0
KM-101,72.58,36520,55.54,79.72,60195.4,43,0,0,0.5267,0.3084,0.4428,0.2777,0.4056,1
KM-118,91.26,68511,73.68,50.08,47936.1,156,1,0,0.8828,0.7925,0.234,0.0,0.5539,0
KM-114,58.98,37489,52.77,58.32,49197.7,114,0,0,0.3479,0.3208,0.6602,0.0,0.334,0
KM-116,34.0,65541,70.89,96.37,109840.9,10,0,0,0.1156,0.7415,0.015,0.7533,0.3795,0
KM-122,44.2,55297,70.04,50.86,128259.0,151,1,1,0.2454,0.6547,0.2265,0.0,0.2948,0
KM-104,42.8,23830,49.59,48.91,112244.8,6,3,0,0.3332,0.1626,0.6255,0.0,0.2824,0
KM-102,86.09,24670,56.41,69.87,161653.1,9,2,3,0.8411,0.4112,0.3571,0.0,0.4686,1
KM-101,81.28,43345,41.45,64.48,153817.2,138,1,2,0.7106,0.5588,1.0,0.0,0.5884,1
KM-113,84.59,4920,43.55,50.38,59632.9,76,0,0,0.7155,0.0153,0.9721,0.0,0.4487,1
KM-113,90.08,8158,42.13,95.99,70715.1,145,1,0,0.8614,0.0326,1.0,0.7426,0.6581,0
KM-124,37.36,28588,48.86,60.56,130295.4,22,0,2,0.1396,0.3736,0.6784,0.0,0.278,0
KM-119,48.29,73313,68.26,58.53,108028.8,77,4,0,0.4332,0.8773,0.1155,0.0,0.394,1
KM-124,69.09,12123,59.06,101.16,176177.2,75,0,1,0.4774,0.139,0.3501,0.8902,0.4499,1
KM-122,64.29,75525,47.53,57.99,15565.8,108,2,0,0.5133,0.9173,0.8609,0.0,0.5812,0
KM-112,42.6,68738,46.39,64.75,118801.9,42,0,0,0.1815,0.7965,0.8073,0.0,0.4241,0
KM-122,93.87,14352,52.37,60.69,67891.8,82,3,1,1.0,0.156,0.6282,0.0,0.5146,1
KM-112,32.19,67529,61.02,54.36,80749.5,75,0,0,0.1036,0.7755,0.2716,0.0,0.2845,0
KM-122,39.14,29300,63.83,104.24,166581.5,102,3,0,0.3032,0.2216,0.1999,0.9782,0.3972,1
KM-102,53.78,77723,51.38,66.39,7365.9,154,2,3,0.3893,1.0,0.7759,0.0,0.5414,0
KM-102,23.15,65577,58.65,45.63,86504.1,92,0,2,0.0536,0.9022,0.3921,0.0,0.3227,0
KM-101,45.06,8927,56.66,92.63,74129.3,17,1,2,0.253,0.1973,0.3593,0.6467,0.3391,0
KM-104,21.42,37229,47.55,61.81,19609.1,91,0,0,0.0459,0.3175,0.8346,0.0,0.2623,0
KM-105,80.24,71653,41.18,97.15,15031.9,89,2,0,0.7439,0.8477,1.0,0.7756,0.8274,1
KM-112,83.3,53937,46.38,99.54,101671.6,132,0,0,0.6939,0.5536,0.9428,0.8441,0.7386,1
KM-105,30.9,14221,55.0,86.86,129330.2,6,1,2,0.1455,0.2349,0.4089,0.4819,0.2878,0
KM-125,18.57,44283,67.24,63.4,69139.7,18,0,1,0.0345,0.4918,0.027,0.0,0.1404,0
KM-103,91.45,42218,49.62,56.98,159553.0,54,0,2,0.8364,0.5434,0.6961,0.0,0.5678,0
KM-122,90.39,61241,69.4,80.38,66499.5,62,2,1,0.9171,0.7498,0.093,0.2966,0.5863,1
KM-104,13.61,28287,52.15,104.77,29074.1,173,2,0,0.1185,0.2103,0.7735,0.9934,0.4474,1
KM-107,6.99,57664,63.45,60.95,93860.2,117,1,1,0.0549,0.692,0.2377,0.0,0.2397,0
KM-110,38.04,17025,54.99,76.88,32563.0,128,1,3,0.1947,0.3382,0.5924,0.1965,0.3105,0
KM-101,47.74,25772,65.99,45.22,79355.9,28,1,1,0.2779,0.2628,0.042,0.0,0.1714,0
KM-113,5.24,19985,65.23,67.06,135650.5,127,2,1,0.1027,0.2049,0.1905,0.0,0.1253,0
KM-104,21.88,7777,42.93,62.31,96181.4,64,5,0,0.2979,0.0303,0.9789,0.0,0.3076,0
KM-116,63.25,52256,58.37,97.97,116513.1,18,2,0,0.5001,0.5279,0.2923,0.7992,0.5253,0
KM-108,53.37,70370,69.21,52.9,109328.7,135,1,0,0.3348,0.825,0.2025,0.0,0.3639,1
KM-113,6.55,75976,63.35,82.9,155490.2,58,2,0,0.1043,0.9255,0.1531,0.3686,0.3722,0
KM-111,49.27,34625,71.77,75.44,46080.8,147,1,1,0.2928,0.3647,0.2205,0.1554,0.2688,0
KM-112,72.46,13065,45.98,62.23,56723.5,177,3,2,0.6751,0.226,1.0,0.0,0.4928,0
KM-107,16.99,44030,54.59,97.48,175987.3,119,1,1,0.0789,0.4883,0.595,0.7851,0.4257,0
KM-121,25.41,31704,48.73,97.39,141335.6,174,1,0,0.1146,0.2495,0.9117,0.7824,0.4413,0
KM-102,32.99,27460,49.29,65.04,155795.7,113,2,0,0.2088,0.2011,0.798,0.0,0.283,0
KM-105,86.55,55846,52.63,93.08,100438.2,64,2,1,0.8492,0.6632,0.5908,0.6594,0.7131,1
KM-107,74.41,20343,46.01,73.81,142263.4,59,1,0,0.6037,0.1282,0.8482,0.1089,0.4348,0
KM-114,20.59,77951,43.04,71.88,5710.9,36,3,1,0.1924,1.0,0.9324,0.0538,0.5146,1
KM-113,28.08,8100,41.69,66.89,119135.4,177,0,3,0.0788,0.2722,1.0,0.0,0.2956,0
KM-103,35.48,37949,62.95,56.42,115105.6,161,1,3,0.1759,0.5667,0.3237,0.0,0.268,0
KM-111,53.79,23860,51.27,49.27,53150.9,177,2,2,0.3893,0.3229,0.8148,0.0,0.3799,0
KM-108,35.76,16046,50.85,55.63,155994.9,175,1,1,0.1778,0.1698,0.8285,0.0,0.2704,0
KM-117,83.59,25178,43.57,45.18,38582.7,77,2,0,0.7987,0.1766,0.9726,0.0,0.5182,0
KM-108,13.34,63962,50.62,91.63,139460.3,5,3,1,0.1678,0.7949,0.5827,0.6181,0.4976,1
KM-117,71.99,15354,67.37,71.1,137112.0,173,1,1,0.5682,0.1641,0.2595,0.0315,0.2981,0
KM-102,91.13,72825,74.54,64.22,32146.8,151,0,1,0.8304,0.9485,0.2265,0.0,0.5731,0
KM-121,47.99,68569,73.08,97.92,73486.7,93,1,0,0.2803,0.7935,0.1395,0.7977,0.484,0
KM-122,49.02,72717,44.35,47.81,174375.4,175,2,2,0.3403,1.0,1.0,0.0,0.5691,0
KM-118,43.92,29580,44.59,98.76,22289.6,129,0,1,0.1929,0.3048,1.0,0.8217,0.5081,0
KM-101,31.53,59614,69.62,103.71,10274.3,38,1,0,0.1494,0.6433,0.057,0.9633,0.4172,0
KM-105,44.2,76539,60.47,92.34,164634.1,154,2,1,0.2953,1.0,0.4123,0.6384,0.5635,1
KM-107,92.08,25150,67.62,94.3,14751.9,175,0,1,0.8479,0.2563,0.2625,0.6942,0.5522,0
KM-122,48.63,58047,64.73,49.06,39220.2,169,0,0,0.2365,0.6181,0.2645,0.0,0.2902,1
KM-125,28.48,3210,65.71,98.97,34669.5,88,2,0,0.1811,0.008,0.132,0.8279,0.2574,0
KM-106,37.64,33053,65.53,92.75,62566.5,28,2,0,0.2417,0.2656,0.042,0.6501,0.2894,0
KM-109,43.02,27904,51.83,80.37,162447.5,134,2,2,0.2851,0.366,0.7279,0.2964,0.3961,0
KM-111,44.88,31413,45.32,102.4,179741.4,168,0,0,0.2015,0.2461,1.0,0.9258,0.5172,1
KM-110,81.01,26569,67.15,104.91,168347.9,62,3,1,0.8063,0.2714,0.093,0.9973,0.5681,0
KM-123,61.09,13666,50.12,60.49,17579.7,135,1,0,0.4232,0.0706,0.7977,0.0,0.3253,1
KM-107,6.18,54606,66.11,100.68,38658.2,177,2,1,0.1038,0.6439,0.2655,0.8766,0.4257,0
KM-110,70.48,63040,56.08,99.54,123957.3,42,1,2,0.5467,0.8595,0.4199,0.844,0.659,1
KM-115,39.89,39532,56.36,70.07,154066.1,164,1,2,0.2091,0.5074,0.5914,0.0019,0.3187,0
KM-104,30.25,49841,55.16,70.65,124993.7,96,0,0,0.0915,0.4918,0.5377,0.0187,0.2663,0
KM-106,34.53,29094,73.52,90.62,149514.8,177,0,1,0.1192,0.2993,0.2655,0.5891,0.2875,0
KM-104,94.75,49388,63.31,53.28,179550.0,36,1,0,0.9478,0.4851,0.1217,0.0,0.4774,1
KM-125,39.32,41175,63.62,89.26,12159.7,5,0,1,0.1546,0.4492,0.0626,0.5503,0.289,0
KM-122,88.53,41265,73.45,49.63,52670.2,135,2,0,0.8837,0.3705,0.2025,0.0,0.4424,0
KM-105,47.83,25957,52.09,86.59,65466.1,116,2,0,0.3288,0.1848,0.6905,0.4741,0.3942,0
KM-108,14.31,73595,56.73,59.07,176777.1,90,0,0,0.0205,0.8823,0.4659,0.0,0.3209,0
KM-115,41.53,31034,51.19,93.72,77803.6,11,4,0,0.3724,0.2416,0.569,0.6776,0.4401,0
KM-117,17.89,33716,50.46,67.78,107947.2,81,0,1,0.032,0.3536,0.7032,0.0,0.2402,0
KM-115,16.73,70993,72.4,52.14,152317.6,15,1,0,0.078,0.836,0.0225,0.0,0.2408,0
KM-110,40.15,29940,62.52,87.86,65150.1,76,1,0,0.2112,0.229,0.2132,0.5102,0.2758,0
KM-117,67.58,5169,63.53,72.49,70093.2,30,2,0,0.5566,0.0164,0.1037,0.0711,0.2339,0
KM-113,81.96,6206,67.38,84.9,9579.4,89,1,1,0.7217,0.1016,0.1335,0.4259,0.3899,1
KM-110,37.88,10772,67.21,99.46,7217.7,37,4,0,0.3435,0.0494,0.0555,0.8416,0.312,0
KM-121,34.64,72878,63.05,48.66,34595.1,139,2,0,0.22,0.8695,0.2866,0.0,0.3517,0
KM-107,27.64,37331,41.23,52.59,77495.2,84,3,2,0.2264,0.4788,1.0,0.0,0.3989,0
KM-103,62.65,47246,69.48,52.01,140980.1,51,0,2,0.3925,0.6139,0.0765,0.0,0.3061,0
KM-113,92.23,3951,45.59,64.76,28310.4,55,2,3,0.9506,0.251,0.8589,0.0,0.5672,1
KM-108,24.05,20173,70.82,63.92,168023.3,130,6,3,0.3578,0.3666,0.195,0.0,0.2559,0
KM-110,8.73,9385,49.69,83.1,96656.7,177,2,2,0.1076,0.2002,0.878,0.3742,0.3381,0
KM-123,22.05,47737,65.4,92.43,109685.4,67,3,0,0.1986,0.4609,0.1005,0.6408,0.333,0
KM-108,42.37,32908,58.99,68.79,5820.0,31,1,0,0.2295,0.2638,0.2868,0.0,0.2036,0
KM-123,19.21,37058,60.96,89.03,154671.5,20,1,1,0.0869,0.3953,0.1916,0.5437,0.2763,0
KM-112,94.99,55175,61.14,97.18,116492.1,42,2,1,1.0,0.6528,0.2174,0.7766,0.712,1
KM-119,30.35,23917,58.06,84.84,120545.9,146,2,3,0.1921,0.4035,0.4967,0.4241,0.3523,0
KM-118,15.57,71676,54.88,86.99,132961.5,13,5,0,0.2742,0.8481,0.4244,0.4855,0.49,1
KM-122,16.16,42424,42.68,92.19,39340.9,113,1,1,0.0761,0.4662,1.0,0.6339,0.47,0
KM-101,70.2,62124,58.79,52.51,48945.9,144,2,1,0.5928,0.7643,0.4642,0.0,0.4914,0
KM-112,29.0,18569,49.63,70.75,14884.9,160,0,6,0.0841,0.5918,0.8547,0.0214,0.3526,0
KM-120,81.95,43541,58.54,100.33,174696.6,95,0,3,0.6717,0.6415,0.4008,0.8666,0.6489,1
KM-118,16.05,75760,41.99,49.36,62016.2,101,2,2,0.1257,1.0,1.0,0.0,0.494,1
KM-104,20.84,64325,56.27,74.83,162874.0,179,0,3,0.0434,0.961,0.6177,0.1381,0.4066,0
KM-122,83.81,5759,58.59,87.66,26692.8,26,0,2,0.7024,0.1793,0.2954,0.5046,0.4507,0
KM-101,51.45,34215,41.46,102.09,46445.1,155,0,0,0.2647,0.2797,1.0,0.9169,0.5459,1
KM-102,12.43,29606,49.95,51.6,124274.8,95,2,1,0.1155,0.3051,0.7443,0.0,0.2656,0
KM-122,93.81,11897,53.57,90.23,86633.0,18,2,1,0.9801,0.1373,0.4843,0.578,0.5898,0
KM-125,53.31,51850,72.2,69.0,28095.9,168,2,0,0.3842,0.5218,0.252,0.0,0.3153,0
KM-113,47.59,37384,46.25,79.36,65818.2,124,1,1,0.2765,0.3994,0.936,0.2674,0.4373,0
KM-103,14.56,65706,66.8,91.38,174845.0,176,1,0,0.0712,0.7443,0.264,0.6107,0.3859,1
KM-109,31.6,61661,54.05,86.68,156666.3,65,0,1,0.0998,0.7567,0.5356,0.4766,0.4265,0
KM-104,88.97,8967,45.2,103.06,9004.8,8,1,0,0.8415,0.0375,0.8038,0.9445,0.6536,1
KM-121,23.23,17164,67.83,87.14,63502.3,7,3,1,0.204,0.1794,0.0105,0.4896,0.2163,0
KM-117,79.43,49637,53.71,79.7,108645.3,41,2,0,0.7308,0.4887,0.5132,0.2773,0.5361,1
KM-113,90.68,9127,66.03,57.74,137032.0,170,1,1,0.8723,0.1185,0.255,0.0,0.3859,0
KM-101,82.65,16924,45.66,94.96,12328.1,161,2,1,0.7831,0.1773,1.0,0.7131,0.661,0
KM-123,56.51,70175,58.43,46.8,47871.5,176,1,1,0.3693,0.9016,0.5268,0.0,0.46,0
KM-104,47.73,2409,68.34,51.65,141375.3,118,1,1,0.2779,0.0852,0.177,0.0,0.154,0
KM-118,44.7,47836,52.72,90.94,151861.1,178,1,1,0.2498,0.5424,0.758,0.5984,0.4943,0
KM-125,73.63,35581,40.27,50.54,32769.7,16,1,1,0.5921,0.3766,1.0,0.0,0.5014,0
KM-106,38.59,20567,61.63,60.98,166385.8,112,0,1,0.1489,0.2104,0.3028,0.0,0.1653,0
KM-101,12.05,26561,45.09,84.44,5916.5,94,1,1,0.0645,0.2713,0.9374,0.4125,0.3604,1
KM-110,57.65,18850,48.79,57.77,102028.5,177,1,1,0.3824,0.1944,0.914,0.0,0.3652,0
KM-101,33.28,15926,45.69,68.16,175326.4,130,1,0,0.1607,0.0888,0.9675,0.0,0.272,0
KM-125,20.8,20171,42.91,91.62,135353.8,174,2,2,0.1433,0.2866,1.0,0.6177,0.4453,1
KM-122,28.56,56459,49.73,74.58,22384.7,78,0,0,0.0816,0.5929,0.7277,0.1309,0.3485,0
KM-113,40.84,48938,46.19,88.44,136352.4,133,2,2,0.2668,0.6384,0.952,0.5269,0.5488,1
KM-116,71.66,3883,71.9,82.53,106309.5,69,2,0,0.6136,0.0107,0.1035,0.3579,0.3097,0
KM-102,24.19,29515,69.34,71.66,104455.8,104,0,0,0.0585,0.2241,0.156,0.0473,0.1172,0
KM-120,50.36,5702,73.0,59.75,81887.5,142,2,2,0.3536,0.179,0.213,0.0,0.2111,0
KM-118,66.91,62439,65.16,51.06,55498.2,81,2,1,0.5477,0.7695,0.1215,0.0,0.4084,0
KM-111,25.35,68099,48.7,56.14,19714.2,143,2,0,0.1643,0.7854,0.8666,0.0,0.4271,0
KM-110,10.85,51521,54.62,94.18,91630.4,170,1,1,0.0618,0.5968,0.6703,0.6907,0.443,0
KM-123,38.32,78415,57.63,52.96,125782.5,3,2,1,0.2469,1.0,0.2992,0.0,0.3962,0
KM-108,84.96,46377,41.67,96.8,51389.0,166,1,1,0.7718,0.5214,1.0,0.7658,0.7536,0
KM-101,27.66,51457,73.85,51.83,32648.9,173,0,1,0.0765,0.5959,0.2595,0.0,0.2276,0
KM-120,36.82,18464,57.2,54.26,128519.4,21,3,0,0.2856,0.1109,0.3434,0.0,0.1964,0
KM-122,32.9,32846,45.56,74.14,58195.1,37,2,1,0.2082,0.3431,0.833,0.1182,0.3489,0
KM-112,45.91,46726,73.56,92.95,168718.6,55,1,0,0.2608,0.4464,0.0825,0.6557,0.3505,0
KM-102,28.4,8877,54.37,97.89,21334.4,138,3,0,0.2307,0.037,0.632,0.7969,0.3758,0
KM-113,26.47,21889,54.24,79.76,178631.7,30,1,2,0.1201,0.3031,0.4752,0.2788,0.2686,0
KM-107,81.54,24813,72.93,54.36,85069.1,139,7,1,1.0,0.2527,0.2085,0.0,0.4549,0
KM-107,13.63,35862,54.85,47.32,63997.4,173,1,0,0.0686,0.3001,0.6655,0.0,0.2321,0
KM-117,9.22,2859,46.62,103.35,76594.5,78,2,0,0.1085,0.0068,0.8524,0.9529,0.4007,0
KM-112,79.27,41936,73.39,89.85,14546.2,57,2,0,0.7284,0.3795,0.0855,0.5672,0.4804,0
KM-117,33.48,8046,65.23,95.89,79996.9,60,1,2,0.1621,0.1919,0.09,0.7397,0.2706,0
KM-124,22.12,75638,70.43,60.62,69045.0,45,0,1,0.0489,0.9993,0.0675,0.0,0.2805,0
KM-106,50.14,73382,55.37,90.88,110087.1,47,3,0,0.4014,0.8785,0.4557,0.5966,0.5706,0
KM-102,35.84,66773,50.24,96.19,125677.5,44,4,0,0.3285,0.7625,0.6563,0.7483,0.5865,0
KM-105,63.4,23559,59.14,55.71,112814.2,129,0,0,0.4019,0.1598,0.4279,0.0,0.2662,0
KM-125,71.6,73715,72.22,49.51,32355.5,168,1,4,0.5627,1.0,0.252,0.0,0.4973,0
KM-103,19.81,63138,59.76,101.13,143883.6,53,2,2,0.1392,0.8611,0.2889,0.8895,0.4997,1
KM-102,44.58,22339,51.38,92.12,136207.9,6,1,0,0.2488,0.1476,0.5536,0.6321,0.3611,0
KM-116,51.41,33347,71.24,58.78,75960.0,22,0,1,0.2643,0.3491,0.033,0.0,0.1864,0
KM-103,34.65,17896,70.34,93.62,56570.7,60,2,0,0.2201,0.1058,0.09,0.6749,0.2565,0
KM-102,46.88,8022,44.74,90.49,43477.4,14,1,0,0.2698,0.0318,0.8316,0.5854,0.3858,1
KM-102,76.52,37677,46.25,99.29,97298.8,11,4,0,0.7856,0.3232,0.7663,0.8369,0.6764,0
KM-112,80.84,45620,66.11,60.46,78461.8,59,3,1,0.8036,0.5106,0.0885,0.0,0.4266,1
KM-110,23.04,12928,60.61,45.21,115695.6,66,2,2,0.1531,0.225,0.2744,0.0,0.1647,0
KM-121,87.01,11161,62.02,60.18,89436.9,103,2,1,0.8571,0.1321,0.2735,0.0,0.3877,0
KM-116,16.65,8101,63.85,90.47,146088.9,26,1,3,0.0777,0.2722,0.0851,0.5849,0.2293,0
KM-106,94.62,62544,44.28,92.74,98503.7,120,1,0,0.9452,0.6913,1.0,0.6497,0.8336,1
KM-124,58.9,53120,66.37,79.41,103173.4,37,1,0,0.397,0.5411,0.0555,0.2688,0.3391,0
KM-111,25.08,23824,61.02,93.69,149029.9,3,1,2,0.1129,0.3225,0.1637,0.677,0.2883,0
KM-102,15.82,26917,56.91,88.0,120531.7,96,1,2,0.075,0.3552,0.4678,0.5142,0.3114,0
KM-118,61.98,11233,47.84,97.18,18666.7,69,1,1,0.4341,0.1326,0.7897,0.7766,0.4984,0
KM-119,9.74,10382,49.46,69.21,23425.9,94,3,1,0.1595,0.1268,0.7627,0.0,0.24,0
KM-101,44.55,79956,58.62,89.48,156163.7,63,2,3,0.2985,1.0,0.3497,0.5567,0.5357,0
KM-103,81.32,45747,50.6,89.76,58761.8,118,1,0,0.7113,0.4324,0.7532,0.5646,0.6206,1
KM-119,7.52,20887,72.19,68.34,14777.2,153,1,1,0.0557,0.2134,0.2295,0.0,0.1187,0
KM-111,78.69,34034,70.34,83.97,87062.3,138,2,2,0.7193,0.4375,0.207,0.3992,0.4824,1
KM-109,18.98,3100,43.51,100.21,157312.7,93,2,0,0.136,0.0076,0.9991,0.863,0.422,0
KM-101,21.02,75345,55.51,92.13,116332.9,84,1,0,0.0942,0.914,0.5056,0.6322,0.489,0
KM-109,71.68,20567,72.17,62.72,135482.1,116,1,1,0.5638,0.2104,0.174,0.0,0.2847,0
KM-119,52.41,19262,41.12,53.48,130678.3,10,3,0,0.4246,0.1181,0.9703,0.0,0.3722,0
KM-102,37.81,61875,67.41,69.53,22236.0,159,4,1,0.343,0.7602,0.2385,0.0,0.3578,0
KM-120,32.64,25904,67.04,69.23,30928.5,169,3,0,0.2566,0.1843,0.2535,0.0,0.1866,0
KM-103,67.44,2191,53.57,46.16,58451.4,130,1,1,0.5048,0.0845,0.6523,0.0,0.3283,0
KM-116,33.44,43999,58.89,98.23,106876.1,91,2,2,0.2118,0.5679,0.3809,0.8065,0.4536,1
KM-119,16.46,67965,49.92,94.97,98676.1,60,0,0,0.0271,0.7831,0.6931,0.7135,0.4866,0
KM-110,66.51,51907,67.07,94.0,157840.7,12,2,0,0.5424,0.5226,0.018,0.6857,0.4612,0
KM-117,44.82,74658,64.82,96.43,159692.7,141,1,0,0.2509,0.9015,0.2185,0.7552,0.508,0
KM-118,5.34,76747,61.78,49.47,93589.5,84,3,2,0.1529,1.0,0.2546,0.0,0.3544,0
KM-101,74.61,15944,45.49,57.09,120688.4,95,1,1,0.6067,0.169,0.9228,0.0,0.4392,1
KM-112,6.08,75606,64.78,97.44,18230.0,32,1,0,0.0537,0.9188,0.0569,0.7839,0.4167,0
KM-119,82.52,8248,73.87,77.13,111845.6,25,0,0,0.681,0.0331,0.0375,0.2037,0.2949,0
KM-113,36.94,77819,67.91,63.62,24378.2,101,2,2,0.2365,1.0,0.1515,0.0,0.3631,0
KM-103,87.49,63628,60.42,63.81,174072.3,172,1,0,0.8155,0.7093,0.4414,0.0,0.551,0
KM-123,8.54,69642,44.1,101.1,96334.7,2,3,0,0.1573,0.8122,0.8391,0.8885,0.6036,0
KM-110,90.97,57776,59.0,77.41,130249.1,86,2,2,0.9276,0.7737,0.3689,0.2118,0.6342,1
KM-122,58.16,50630,58.18,81.52,165293.4,15,1,0,0.3882,0.5035,0.2954,0.3291,0.3867,0
KM-122,78.36,53195,65.9,66.65,5603.1,19,3,0,0.7641,0.5422,0.0285,0.0,0.4087,0
KM-107,10.32,58402,48.17,73.5,130648.7,179,1,0,0.0607,0.6237,0.9415,0.1,0.3855,0
KM-101,52.02,47590,49.26,104.64,52268.3,38,1,1,0.3206,0.5388,0.6865,0.9896,0.5822,0
KM-112,6.73,68754,60.37,62.87,20281.8,45,0,2,0.0045,0.9567,0.2528,0.0,0.2913,0
KM-114,13.72,49456,40.01,98.4,16694.1,31,1,1,0.0688,0.5661,1.0,0.8113,0.5279,0
KM-101,38.24,59062,60.54,66.84,126626.5,175,3,0,0.2962,0.6343,0.4409,0.0,0.3504,0
KM-114,13.86,26408,74.1,97.19,16315.0,131,0,0,0.0192,0.1897,0.1965,0.7769,0.2488,1
KM-118,92.32,60990,70.1,97.57,166043.7,99,3,1,1.0,0.7457,0.1485,0.7877,0.7236,0
KM-119,62.92,18315,45.2,104.91,63132.8,95,2,2,0.4959,0.2695,0.9345,0.9976,0.6274,0
KM-109,43.8,41835,55.18,92.44,160657.9,9,3,0,0.3418,0.3782,0.4062,0.6413,0.4237,0
KM-112,38.27,56652,51.88,87.87,172477.6,98,2,1,0.2464,0.6759,0.6717,0.5106,0.4917,1
KM-125,94.9,13850,74.59,55.86,132123.7,99,1,1,0.9505,0.152,0.1485,0.0,0.4004,0
KM-124,69.65,78525,64.97,47.1,36784.6,34,1,1,0.5351,1.0,0.0521,0.0,0.4477,0
KM-120,35.62,61061,68.68,69.98,8216.0,2,1,1,0.1769,0.7468,0.003,0.0,0.2492,0
KM-102,47.65,63968,55.88,86.67,52092.1,33,1,0,0.277,0.715,0.4144,0.4763,0.4538,1
KM-106,21.31,50600,69.72,90.91,146491.7,18,3,2,0.1954,0.663,0.027,0.5974,0.359,0
KM-101,87.04,9112,43.89,55.33,176285.8,123,0,0,0.7576,0.0384,1.0,0.0,0.4748,0
KM-118,73.82,15344,60.74,70.53,166915.2,101,2,0,0.6449,0.084,0.3219,0.0151,0.3141,0
KM-123,69.82,32697,49.97,45.97,43857.1,150,1,1,0.5375,0.3413,0.8262,0.0,0.4387,0
KM-110,72.96,36165,41.51,99.29,14210.4,164,1,0,0.5822,0.3039,1.0,0.8367,0.6471,0
KM-124,50.94,55168,73.92,60.77,90398.4,145,4,0,0.4595,0.5727,0.2175,0.0,0.3475,0
KM-115,61.74,41528,62.98,100.4,97121.4,50,2,1,0.4812,0.454,0.1559,0.8686,0.4868,0
KM-103,54.71,75290,49.81,65.02,172731.7,48,2,1,0.3993,0.993,0.6798,0.0,0.524,1
KM-120,93.77,75778,53.0,80.48,48398.0,60,2,0,0.9793,0.9219,0.5702,0.2995,0.7472,0
KM-110,63.23,65691,40.85,61.45,123035.7,136,1,3,0.4498,0.9841,1.0,0.0,0.6034,0
KM-107,76.08,6880,65.28,95.48,37498.6,135,4,2,0.7788,0.1852,0.2025,0.728,0.505,0
KM-116,42.38,52793,45.83,93.92,72805.8,75,5,1,0.4296,0.6161,0.8794,0.6834,0.617,0
KM-114,92.86,53715,42.7,96.2,174337.0,122,1,0,0.9124,0.5502,1.0,0.7485,0.8066,0
KM-114,61.76,24431,67.52,89.38,36895.6,136,1,0,0.4314,0.1688,0.204,0.5537,0.3447,0
KM-120,62.37,43331,63.12,93.92,58257.2,32,2,0,0.489,0.3986,0.1233,0.6835,0.4322,1
KM-121,60.0,71320,54.29,103.38,149843.4,22,2,0,0.4601,0.8417,0.4614,0.9537,0.6545,0
KM-105,29.11,56722,50.45,76.32,140148.4,173,2,1,0.1847,0.677,0.8416,0.1806,0.4384,0
KM-114,49.43,50056,55.24,97.73,70145.7,47,1,0,0.2943,0.4949,0.4608,0.7922,0.4773,1
KM-101,85.45,40620,52.97,68.88,17530.7,109,0,0,0.7302,0.3618,0.6445,0.0,0.4749,0
KM-125,73.43,68698,70.97,85.4,101997.0,36,2,2,0.6391,0.9558,0.054,0.4401,0.5614,0
KM-102,88.3,75039,62.25,57.12,77084.6,170,0,2,0.7797,1.0,0.3648,0.0,0.5959,0
KM-117,13.83,34895,73.55,93.08,97996.4,9,0,0,0.0191,0.2881,0.0135,0.6594,0.2133,0
KM-102,73.31,35842,51.22,67.42,15507.1,50,4,0,0.7374,0.2999,0.6262,0.0,0.4583,0
KM-116,9.8,56351,51.95,53.14,39091.7,178,2,1,0.1096,0.6712,0.7891,0.0,0.364,0
KM-105,56.27,4537,70.58,89.08,122996.1,8,2,3,0.4166,0.2535,0.012,0.5453,0.3206,0
KM-121,77.35,44100,74.17,80.21,173637.9,57,2,0,0.6983,0.4093,0.0855,0.2918,0.4222,0
KM-116,46.43,79701,65.16,98.29,24279.1,49,3,1,0.3656,1.0,0.0735,0.8083,0.5543,1
KM-108,75.96,45092,61.11,59.03,14416.3,45,0,2,0.577,0.5832,0.2231,0.0,0.3923,0
KM-121,59.09,75881,59.16,87.49,178397.1,137,1,0,0.3991,0.9238,0.4392,0.4998,0.5584,0
KM-108,24.18,74006,40.33,93.84,113722.0,103,2,1,0.1585,0.9697,1.0,0.6812,0.6341,1
KM-114,26.3,26558,52.89,63.61,46933.9,108,3,1,0.2192,0.2713,0.6465,0.0,0.2738,0
KM-110,7.11,31579,48.4,68.44,141707.3,71,2,1,0.1051,0.328,0.7706,0.0,0.2729,0
KM-107,91.57,36677,49.22,58.34,103367.1,25,3,3,0.9885,0.5504,0.6686,0.0,0.6173,0
KM-102,92.38,15905,51.75,100.79,112058.6,34,1,1,0.9035,0.1686,0.5809,0.8799,0.6505,0
KM-115,59.1,67349,61.67,85.92,67332.5,133,0,1,0.3493,0.8524,0.3326,0.455,0.4929,0
KM-105,29.19,45282,44.9,56.71,115231.5,132,2,1,0.1852,0.5058,1.0,0.0,0.3913,0
KM-109,22.3,57424,41.7,52.04,153096.2,64,4,1,0.2497,0.6881,1.0,0.0,0.4594,0
KM-102,45.17,15577,43.42,65.83,97125.3,110,0,1,0.2041,0.1659,1.0,0.0,0.3129,0
KM-104,90.37,16691,70.42,64.51,67250.0,17,0,0,0.8167,0.0953,0.0255,0.0,0.3148,0
KM-119,48.17,59239,63.86,72.75,51928.4,131,2,1,0.3321,0.7172,0.242,0.0787,0.3597,0
KM-117,60.21,76081,52.18,92.71,133690.4,163,3,1,0.5125,1.0,0.7574,0.6488,0.7106,1
KM-115,70.35,76719,40.15,55.8,112557.9,143,2,1,0.5949,1.0,1.0,0.0,0.6582,0
KM-106,53.62,64826,50.6,87.87,22381.5,12,1,0,0.3375,0.7294,0.5941,0.5106,0.5214,0
KM-117,27.9,42336,48.28,70.99,174958.6,137,3,1,0.2278,0.465,0.8744,0.0284,0.3765,0
KM-121,89.06,29183,44.57,63.03,88642.0,136,0,1,0.7931,0.3003,1.0,0.0,0.5527,0
KM-115,22.38,71110,41.14,58.52,176342.6,73,2,2,0.1501,0.998,1.0,0.0,0.502,0
KM-114,56.04,67299,40.75,76.63,113224.0,143,2,0,0.414,0.7716,1.0,0.1896,0.5757,0
KM-111,67.75,2743,57.08,54.14,66504.5,10,2,0,0.5591,0.0063,0.3317,0.0,0.2636,0
KM-111,83.81,31859,65.76,53.4,121902.9,50,1,3,0.7524,0.4913,0.075,0.0,0.4012,0
KM-121,60.56,52658,50.91,69.38,17923.4,13,2,0,0.4668,0.534,0.5832,0.0,0.4135,0
KM-104,10.84,68677,46.34,81.63,39629.7,76,1,1,0.0617,0.8754,0.8602,0.3322,0.479,0
KM-112,70.19,15933,56.4,53.21,138796.1,27,2,3,0.5927,0.3289,0.3844,0.0,0.3665,0
KM-110,27.27,41539,69.04,60.32,70109.2,4,2,0,0.1744,0.3742,0.006,0.0,0.1558,0
KM-117,73.76,61930,64.04,101.6,161145.1,106,3,1,0.694,0.7611,0.1973,0.9027,0.6532,1
KM-108,19.2,7849,49.33,83.42,101822.8,175,1,1,0.0869,0.1107,0.8893,0.3834,0.3126,0
KM-111,42.66,52516,70.66,103.69,104366.5,64,3,0,0.332,0.5319,0.096,0.9627,0.4609,0
KM-105,78.14,75211,59.84,94.91,70423.8,71,0,2,0.6106,1.0,0.3129,0.7116,0.6686,0
KM-103,48.82,39984,60.31,87.71,6965.9,72,0,1,0.2383,0.4333,0.2956,0.5061,0.3521,0
KM-124,16.64,47166,49.79,46.94,120870.0,12,2,0,0.1277,0.4527,0.6265,0.0,0.2832,0
KM-125,35.37,48865,66.34,45.87,105721.1,54,1,1,0.1751,0.5574,0.081,0.0,0.2168,0
KM-114,6.55,9129,43.62,102.65,64306.9,149,2,0,0.1043,0.0385,1.0,0.9329,0.4327,0
KM-119,68.35,21729,57.81,62.91,147647.0,98,1,0,0.5172,0.1416,0.4346,0.0,0.3033,0
KM-116,86.1,32453,73.19,88.8,31793.9,23,0,0,0.7413,0.2584,0.0345,0.5373,0.4384,0
KM-116,90.87,23050,73.79,84.68,105486.4,176,1,0,0.8758,0.1547,0.264,0.4196,0.4819,0
KM-121,53.46,26659,73.05,86.49,147237.3,4,2,0,0.3858,0.1924,0.006,0.4712,0.2786,0
KM-103,14.07,12972,69.19,61.3,145567.4,162,0,1,0.0198,0.1453,0.243,0.0,0.0918,0
KM-115,15.54,23774,64.08,81.51,131824.0,114,0,0,0.0242,0.162,0.2077,0.3288,0.1562,0
KM-122,12.42,18852,71.5,53.95,133994.0,17,1,1,0.0654,0.1944,0.0255,0.0,0.0766,0
KM-108,48.41,78914,73.18,72.23,84490.4,146,2,1,0.3343,1.0,0.219,0.0638,0.4236,0
KM-104,53.98,6660,72.39,70.75,105018.6,47,0,0,0.2914,0.024,0.0705,0.0213,0.1263,0
KM-125,9.56,79130,64.57,98.78,101158.5,117,2,0,0.1091,0.9837,0.1928,0.8223,0.4871,0
KM-106,36.31,13729,73.48,46.66,20653.9,74,4,2,0.3319,0.2311,0.111,0.0,0.1961,0
KM-114,47.82,65993,52.61,74.53,25106.7,76,2,0,0.3286,0.7492,0.6095,0.1294,0.4501,0
KM-124,84.41,72229,71.68,104.01,120707.4,52,3,2,0.8624,1.0,0.078,0.9717,0.7618,1
KM-106,5.48,63500,53.52,62.64,90135.6,122,2,1,0.103,0.7872,0.6422,0.0,0.3613,1
KM-115,45.51,2296,69.29,102.15,57106.5,141,2,2,0.3071,0.1649,0.2115,0.9187,0.3747,0
KM-120,9.78,8673,71.08,57.6,162752.6,82,3,0,0.1596,0.0357,0.123,0.0,0.0894,0
KM-122,26.28,28978,65.15,78.17,7560.0,107,4,0,0.2691,0.218,0.1605,0.2336,0.2275,1
KM-114,53.55,74860,40.15,76.38,77447.6,102,4,1,0.4867,0.9852,1.0,0.1824,0.6531,0
KM-116,91.68,21154,49.73,79.56,141720.1,135,1,0,0.8905,0.136,0.8131,0.2731,0.5629,0
KM-102,60.57,14431,65.41,81.66,13377.5,2,3,2,0.5169,0.2366,0.003,0.3331,0.3073,0
KM-118,57.26,66815,51.25,85.93,139646.7,124,2,0,0.4279,0.7633,0.7359,0.455,0.5788,1
KM-115,55.97,78626,62.2,100.61,125010.5,109,1,2,0.3632,1.0,0.2757,0.8745,0.6072,0
KM-119,36.97,32765,51.39,76.81,97070.7,157,4,0,0.3367,0.2621,0.7801,0.1946,0.3783,1
KM-114,47.16,20318,64.1,46.94,64070.8,69,1,0,0.2724,0.128,0.1396,0.0,0.1553,0
KM-103,60.2,25601,62.14,93.68,27370.4,37,0,0,0.3624,0.181,0.1699,0.6765,0.3414,0
KM-111,69.21,45766,57.39,46.7,96614.8,120,3,1,0.629,0.5127,0.4844,0.0,0.4452,0
KM-113,22.55,9239,50.65,97.68,155145.6,105,5,0,0.3009,0.0392,0.7314,0.7909,0.4196,0
KM-101,85.58,51404,64.82,85.44,107518.5,169,0,0,0.7324,0.5151,0.2607,0.4413,0.5255,0
KM-114,89.83,66896,70.79,78.58,92716.1,165,2,1,0.9069,0.8447,0.2475,0.2451,0.6271,1
KM-103,42.2,51419,65.61,84.32,45211.7,69,0,0,0.1781,0.5153,0.1035,0.4091,0.2937,0
KM-114,23.82,49740,69.84,51.54,51614.0,54,2,0,0.1567,0.4903,0.081,0.0,0.1936,0
KM-109,6.99,51892,47.01,67.44,127335.9,41,4,2,0.2049,0.6824,0.7809,0.0,0.3985,1
KM-119,50.1,4835,60.39,78.32,149670.1,30,1,0,0.301,0.0149,0.2296,0.2378,0.2026,0
KM-114,37.81,8587,68.88,70.68,39040.9,79,1,2,0.193,0.1952,0.1185,0.0193,0.1439,0
KM-116,20.1,60110,59.74,99.1,128999.0,166,1,1,0.0904,0.7313,0.4592,0.8313,0.4726,0
KM-103,60.05,64217,45.32,60.97,179458.5,144,2,0,0.4606,0.7192,1.0,0.0,0.541,0
KM-124,89.21,29284,71.99,101.87,14372.9,100,2,0,0.8958,0.2215,0.15,0.9104,0.581,1
KM-125,87.55,7793,67.66,78.21,29318.0,139,1,1,0.8165,0.1104,0.2085,0.2346,0.402,0
KM-101,14.45,41246,71.41,83.29,94776.7,123,3,0,0.1709,0.3702,0.1845,0.3798,0.2652,0
KM-121,94.35,36671,55.19,99.16,30278.2,29,1,0,0.9402,0.3103,0.4359,0.8333,0.6605,1
KM-113,37.42,35055,43.52,101.66,59003.3,101,0,1,0.14,0.3701,1.0,0.9046,0.5224,0
KM-122,77.62,66758,59.62,81.53,52373.3,159,0,0,0.6025,0.7623,0.4537,0.3293,0.558,1
KM-106,54.73,54355,69.86,50.02,14818.0,20,2,0,0.3996,0.56,0.03,0.0,0.2859,0
KM-123,12.79,64087,69.63,89.25,116336.4,38,2,0,0.1164,0.717,0.057,0.5501,0.3414,1
KM-105,57.76,26884,73.63,86.48,146533.2,154,2,0,0.4336,0.1948,0.231,0.4709,0.3408,1
KM-104,74.57,67713,64.69,45.64,69216.8,75,1,2,0.6061,0.9387,0.125,0.0,0.4718,1
KM-117,91.73,73410,56.37,93.33,139416.6,27,1,0,0.8915,0.879,0.3856,0.6666,0.7422,1
KM-124,56.08,79151,65.34,54.14,30710.7,122,3,0,0.4645,0.9841,0.183,0.0,0.4452,1
KM-113,65.69,31741,46.81,76.15,93060.2,18,0,3,0.4315,0.4899,0.7544,0.1758,0.4595,1
KM-120,42.26,41923,41.35,84.42,43959.2,127,1,2,0.2286,0.5394,1.0,0.4121,0.4973,0
KM-101,14.58,56691,40.48,74.84,167030.2,44,3,4,0.1713,0.9165,1.0,0.1382,0.5167,1
KM-111,35.43,27768,64.62,86.04,83788.2,139,0,0,0.1256,0.2045,0.2238,0.4582,0.2315,0
KM-116,30.68,39691,43.32,49.99,87603.3,97,3,0,0.2441,0.3495,1.0,0.0,0.3728,0
KM-124,20.8,34012,70.13,71.64,69419.0,147,1,0,0.0933,0.2772,0.2205,0.0468,0.1554,0
KM-107,37.73,7146,51.19,67.81,139064.1,60,2,0,0.2424,0.0267,0.6422,0.0,0.2199,0
KM-113,79.84,16036,45.05,61.77,78230.9,62,1,0,0.6874,0.0897,0.8911,0.0,0.4412,1
KM-115,78.65,41028,40.53,91.41,68315.6,174,1,0,0.6686,0.3673,1.0,0.6116,0.6481,0
KM-119,25.95,5960,54.94,71.56,94001.8,49,3,1,0.2173,0.1003,0.4759,0.0447,0.2053,0
KM-112,16.76,46877,63.24,46.87,33005.3,50,0,1,0.0281,0.5285,0.1456,0.0,0.1711,0
KM-113,55.36,14435,63.65,70.3,10456.0,5,3,0,0.4565,0.0766,0.0614,0.0087,0.1929,0
KM-109,73.65,64614,68.97,48.22,163253.6,113,4,1,0.7425,0.8059,0.1695,0.0,0.4952,0
KM-102,69.56,19955,56.93,93.29,112689.2,163,1,2,0.5338,0.2846,0.5673,0.6655,0.5045,0
KM-123,73.86,75396,52.98,73.17,95787.9,66,1,3,0.5956,1.0,0.5799,0.0905,0.5925,0
KM-119,36.26,39603,56.82,72.74,138284.0,88,5,3,0.3815,0.5883,0.4591,0.0784,0.3881,0
KM-121,89.72,52222,61.37,81.39,156686.4,140,1,1,0.8551,0.6074,0.3551,0.3255,0.5872,1
KM-112,76.36,43342,71.96,95.4,16105.9,101,2,1,0.6831,0.4788,0.1515,0.7257,0.5342,0
KM-115,58.18,9679,65.87,57.77,74199.5,125,2,1,0.4385,0.1221,0.1875,0.0,0.2215,1
KM-115,90.06,21348,46.75,53.97,89153.2,15,1,0,0.8611,0.1378,0.7524,0.0,0.4863,0
KM-109,42.64,40204,62.64,102.34,86096.3,95,2,0,0.2818,0.3563,0.2369,0.9239,0.4199,0
KM-104,50.34,10721,51.59,51.38,85422.3,136,1,2,0.3034,0.2091,0.7403,0.0,0.3065,1
KM-110,33.98,42949,66.88,69.17,69040.4,99,1,0,0.1655,0.3934,0.1485,0.0,0.186,0
KM-117,70.56,60311,56.4,101.82,133769.6,125,1,1,0.5479,0.7346,0.5316,0.909,0.6635,1
KM-104,56.91,66213,68.85,45.92,24150.9,42,2,1,0.4239,0.833,0.063,0.0,0.3692,0
KM-123,84.34,2262,50.25,86.34,175586.9,24,1,1,0.7613,0.0848,0.626,0.4668,0.5062,0
KM-109,79.3,31281,56.04,104.19,159327.5,5,1,0,0.6788,0.2445,0.3658,0.9769,0.5673,1
KM-115,29.83,37387,45.98,72.56,107754.7,168,2,1,0.189,0.3995,1.0,0.0733,0.3807,0
KM-121,59.22,75133,68.42,76.12,114853.9,15,0,1,0.3507,0.9901,0.0225,0.1748,0.4097,0
KM-102,76.01,56612,41.22,69.56,94420.5,96,1,1,0.6278,0.6753,1.0,0.0,0.5886,0
KM-118,29.09,24502,63.6,75.77,71748.0,128,0,0,0.0846,0.1695,0.248,0.165,0.1546,0
KM-118,24.74,10819,54.78,100.93,57625.5,124,0,0,0.0612,0.0497,0.595,0.8836,0.3296,1
KM-108,79.6,76144,42.35,65.43,57742.1,160,0,2,0.6337,1.0,1.0,0.0,0.6718,1
KM-124,59.58,14147,58.65,74.13,154304.5,99,3,1,0.505,0.1544,0.4027,0.1181,0.3195,1
KM-115,9.27,67877,68.87,101.76,109369.6,135,1,0,0.0586,0.7815,0.2025,0.9075,0.4379,1
KM-122,9.81,6923,50.36,47.15,21556.4,63,1,1,0.0596,0.1055,0.6802,0.0,0.1833,0
KM-119,44.86,21896,49.33,75.79,7359.8,162,1,1,0.2512,0.2232,0.8697,0.1654,0.3507,1
KM-101,50.87,21016,46.25,91.29,37361.8,9,5,0,0.5088,0.1346,0.7635,0.6083,0.4861,0
KM-108,20.31,6506,50.46,91.8,80572.5,25,0,0,0.0412,0.0232,0.6189,0.6229,0.2686,0
KM-112,55.66,61013,73.31,94.0,33211.0,135,4,0,0.5098,0.666,0.2025,0.6858,0.5226,0
KM-109,60.34,55379,54.08,54.14,17328.0,69,1,3,0.4141,0.8159,0.5405,0.0,0.457,0
KM-124,77.86,50191,52.42,54.51,103308.9,76,2,2,0.7063,0.6569,0.6171,0.0,0.5348,1
KM-117,5.98,49630,54.79,99.91,165406.0,41,0,0,0.0036,0.4886,0.4697,0.8545,0.3883,1
KM-107,58.72,39210,72.9,52.39,171529.2,31,1,2,0.3948,0.5031,0.0465,0.0,0.2732,0
KM-111,80.42,47343,45.27,103.37,124848.8,20,1,2,0.6968,0.6152,0.8192,0.9535,0.7522,1
KM-117,8.58,77803,69.42,68.95,102221.5,81,4,1,0.2074,1.0,0.1215,0.0,0.3469,0
KM-107,79.03,56641,70.51,62.41,62900.4,161,4,1,0.8245,0.6757,0.2415,0.0,0.5058,0
KM-114,94.89,61110,42.35,86.9,55591.3,143,1,1,0.9505,0.7476,1.0,0.4829,0.8162,1
KM-120,69.27,26238,46.94,64.05,104640.3,143,1,1,0.5298,0.2678,0.9368,0.0,0.4398,1
KM-116,25.57,76059,48.77,57.74,48952.2,59,0,1,0.0654,1.0,0.7378,0.0,0.4205,0
KM-114,39.69,34520,51.51,51.67,170414.0,60,2,2,0.2576,0.4434,0.6298,0.0,0.327,1
KM-102,13.8,11917,65.15,73.66,172121.7,162,6,0,0.319,0.0575,0.243,0.1045,0.1955,0
KM-104,46.29,2442,67.05,83.96,118899.1,98,0,0,0.2143,0.0053,0.147,0.3989,0.1855,0
KM-122,35.47,52392,61.98,81.13,175556.7,26,3,0,0.2758,0.53,0.1597,0.3181,0.3246,0
KM-119,45.3,65370,47.05,87.06,161488.4,162,2,0,0.3052,0.7386,0.9609,0.4875,0.5812,0
KM-118,57.81,19592,62.98,79.78,13753.3,28,2,2,0.4342,0.2812,0.1226,0.2795,0.3027,0
KM-113,45.62,53572,68.4,75.7,113292.2,132,3,2,0.3581,0.708,0.198,0.163,0.3745,0
KM-102,6.13,39933,70.28,81.84,79658.2,146,2,1,0.1038,0.4327,0.219,0.3383,0.2559,0
KM-116,60.91,50518,73.39,71.76,162185.4,15,0,1,0.371,0.5818,0.0225,0.0503,0.2899,0
KM-107,83.16,65379,63.9,80.14,42120.5,143,1,3,0.7416,0.9788,0.2587,0.2896,0.6139,0
KM-125,47.07,49553,58.27,63.6,177255.4,1,1,1,0.2716,0.5675,0.2706,0.0,0.291,0
KM-120,34.04,62411,56.83,54.68,94270.7,80,4,1,0.3159,0.7691,0.4466,0.0,0.3921,0
KM-123,47.81,12845,67.2,99.57,60103.4,29,2,1,0.3286,0.1443,0.0435,0.8449,0.3288,1
KM-110,12.85,48459,73.2,53.14,26145.3,75,2,1,0.1165,0.5514,0.1125,0.0,0.2011,0
KM-124,14.64,66945,61.62,54.09,147838.9,49,1,0,0.0714,0.7655,0.2086,0.0,0.2581,0
KM-108,61.48,30325,65.48,50.44,34920.8,113,1,1,0.4279,0.3134,0.1695,0.0,0.262,0
KM-101,7.16,59955,68.46,71.82,166045.7,148,4,0,0.2051,0.6488,0.222,0.052,0.2888,0
KM-115,89.18,23039,58.45,78.84,148436.1,174,2,1,0.8953,0.2345,0.5228,0.2525,0.5271,0
KM-115,59.91,75187,61.59,88.49,7045.7,54,2,0,0.459,0.9111,0.2173,0.5284,0.5376,1
KM-109,75.75,43703,46.37,49.64,93496.7,93,1,2,0.6239,0.5638,0.8846,0.0,0.5362,1
KM-101,9.99,5778,64.98,79.89,151270.8,161,3,0,0.16,0.0194,0.2424,0.2826,0.1658,0
KM-115,54.77,12817,64.21,45.89,37997.9,146,2,1,0.4,0.1441,0.2504,0.0,0.2261,0
KM-122,71.89,69617,66.76,74.19,176278.1,32,0,1,0.5168,0.8918,0.048,0.1197,0.4374,0
KM-117,36.31,8831,69.33,67.0,39983.2,27,1,2,0.1818,0.1967,0.0405,0.0,0.1209,0
KM-105,26.05,30460,62.98,55.45,165107.4,20,1,0,0.1179,0.2349,0.1108,0.0,0.1221,0
KM-122,48.76,33543,59.48,68.0,160319.1,3,1,3,0.2878,0.5115,0.2252,0.0,0.2736,0
KM-111,62.59,22689,42.49,74.61,63164.2,18,3,2,0.5417,0.311,0.9272,0.1316,0.4791,0
KM-125,38.81,54814,45.93,103.37,113008.9,60,1,0,0.2006,0.5672,0.8529,0.9533,0.5732,1
KM-108,85.89,22707,50.13,103.23,148233.1,170,2,1,0.8377,0.2312,0.8498,0.9493,0.7108,1
KM-120,91.51,68467,53.16,60.97,77271.7,76,0,1,0.8374,0.8717,0.5877,0.0,0.6286,1
KM-119,82.11,13344,45.36,71.76,73912.4,107,1,1,0.7242,0.1481,0.9459,0.0502,0.4897,0
KM-112,85.01,38453,71.24,102.35,97360.9,107,0,2,0.7226,0.4932,0.1605,0.9242,0.5932,0
KM-112,76.77,47015,66.55,57.91,136499.4,121,2,0,0.6894,0.4505,0.1815,0.0,0.3902,0
KM-117,13.5,30494,40.57,103.38,159110.7,38,4,2,0.2182,0.3953,1.0,0.9538,0.566,0
KM-116,76.86,49412,60.0,70.49,111273.2,25,2,1,0.6908,0.5654,0.2374,0.0141,0.4334,1
KM-111,28.36,65379,45.61,56.56,52201.7,51,0,2,0.0804,0.8988,0.8519,0.0,0.4232,1
KM-114,53.28,70593,71.57,82.65,15650.7,147,2,1,0.3838,0.9089,0.2205,0.3613,0.4779,0
KM-118,82.49,74929,51.77,59.75,167469.8,2,1,1,0.7305,0.9864,0.5324,0.0,0.6088,0
KM-122,90.72,35931,69.72,69.26,27910.1,92,2,0,0.923,0.301,0.138,0.0,0.4259,0
KM-111,17.45,6475,44.39,48.51,112171.5,19,2,1,0.1304,0.103,0.853,0.0,0.242,0
KM-118,14.16,7365,69.16,47.52,159867.3,1,2,2,0.12,0.1879,0.0015,0.0,0.0893,0
KM-110,5.08,11043,52.74,64.23,171240.9,7,2,2,0.1026,0.2113,0.5008,0.0,0.1889,0
KM-112,29.2,17890,62.92,63.64,69650.0,48,2,1,0.1853,0.1858,0.1552,0.0,0.1423,0
KM-124,27.31,57275,44.44,75.66,38071.7,42,1,1,0.1246,0.6858,0.8855,0.1618,0.4245,0
KM-108,83.51,15910,55.59,78.47,75289.0,85,2,2,0.7973,0.2487,0.504,0.2421,0.4905,1
KM-101,86.82,5108,58.36,78.58,117142.1,63,0,0,0.7537,0.0161,0.3601,0.245,0.3889,0
KM-106,16.91,78497,65.97,83.83,87581.0,58,2,1,0.1286,1.0,0.087,0.3952,0.3915,1
KM-117,40.61,75584,41.16,95.55,78313.4,31,1,1,0.2149,0.9984,1.0,0.73,0.6708,0
KM-108,74.47,43371,44.56,98.71,124579.5,178,2,0,0.6546,0.3992,1.0,0.8203,0.693,0
KM-122,66.83,62701,48.55,63.84,160473.4,81,3,1,0.5967,0.7739,0.7793,0.0,0.5582,0
KM-123,23.16,24247,41.39,104.41,104097.5,107,1,0,0.1036,0.1669,1.0,0.9831,0.4746,1
KM-102,71.23,39804,68.51,98.42,108258.4,46,3,1,0.6574,0.431,0.069,0.812,0.514,1
KM-118,22.65,2029,65.01,62.58,71537.1,106,1,3,0.1013,0.244,0.159,0.0,0.1283,0
KM-122,54.42,55689,45.27,56.04,84133.7,36,1,0,0.3462,0.5808,0.843,0.0,0.435,0
KM-106,15.18,76934,58.07,57.79,108469.8,110,2,1,0.123,1.0,0.4422,0.0,0.3815,0
KM-122,34.13,71575,62.9,55.94,60002.7,133,1,2,0.1665,1.0,0.2834,0.0,0.365,0
KM-117,9.49,40847,68.54,86.7,101260.4,137,0,0,0.009,0.3648,0.2055,0.4771,0.2309,0
KM-107,81.06,27643,68.54,104.18,102528.6,57,3,2,0.807,0.3631,0.0855,0.9766,0.5857,0
KM-125,39.97,66181,67.61,99.39,93601.7,36,1,1,0.2098,0.8324,0.054,0.8397,0.4603,0
KM-117,91.94,77370,51.67,104.42,108218.8,163,0,0,0.8453,0.9511,0.7778,0.9836,0.8859,0
KM-103,59.44,70180,53.84,95.12,84319.8,115,0,0,0.3533,0.8216,0.6189,0.7178,0.5964,0
KM-111,41.63,17896,61.96,68.75,146001.1,8,2,1,0.2733,0.1858,0.1336,0.0,0.1688,0
KM-116,36.32,55029,50.68,56.27,73160.7,129,2,0,0.2319,0.5705,0.7664,0.0,0.3771,0
KM-107,18.02,79910,63.33,69.17,169710.7,166,2,0,0.1325,0.9983,0.3156,0.0,0.3591,0
KM-107,28.41,78875,69.8,47.34,178059.2,171,0,0,0.0807,0.979,0.2565,0.0,0.3243,0
KM-116,74.38,68380,47.89,95.17,164987.1,102,2,1,0.6533,0.8702,0.8374,0.719,0.7575,0
KM-104,31.06,9925,60.29,74.19,27338.8,91,0,1,0.0965,0.1237,0.3248,0.1197,0.1536,0
KM-117,54.15,63794,69.2,60.22,37954.8,124,2,0,0.3932,0.7121,0.186,0.0,0.3529,0
KM-120,9.22,31292,41.54,95.2,179907.6,17,2,0,0.1085,0.2446,0.9638,0.7199,0.4359,0
KM-118,40.13,57588,44.86,84.07,171842.2,169,1,0,0.2111,0.6107,1.0,0.4019,0.5069,0
KM-101,33.49,41017,54.13,65.15,166604.0,108,2,1,0.2121,0.4471,0.597,0.0,0.3054,1
KM-103,78.49,4796,60.83,64.0,172952.8,50,2,1,0.7161,0.0947,0.242,0.0,0.3227,1
KM-124,79.78,40475,41.6,50.38,91545.6,52,1,0,0.6865,0.3599,1.0,0.0,0.5302,1
KM-111,11.97,58595,74.64,91.08,179209.3,12,1,1,0.0643,0.7068,0.018,0.6022,0.3233,1
KM-114,70.21,36311,46.31,61.58,148873.7,124,2,1,0.593,0.3858,0.9336,0.0,0.4907,0
KM-103,75.16,66283,56.92,49.07,160510.4,46,3,2,0.7149,0.9142,0.392,0.0,0.5572,0
KM-122,87.01,16067,74.18,52.13,152349.5,171,1,1,0.8071,0.17,0.2565,0.0,0.3763,0
KM-117,37.59,37928,70.05,93.04,58813.7,166,1,0,0.1913,0.3264,0.249,0.6582,0.33,0
KM-116,57.23,19972,66.35,48.08,174814.9,1,2,0,0.4276,0.1247,0.0015,0.0,0.1811,0
KM-107,9.12,27906,56.9,64.05,90700.6,62,0,0,0.0083,0.206,0.4171,0.0,0.1378,1
KM-123,71.32,8256,47.25,68.87,146634.6,49,1,1,0.5586,0.1132,0.7837,0.0,0.3805,0
KM-115,71.06,58205,54.18,52.55,107027.8,25,4,1,0.7049,0.7006,0.4702,0.0,0.5159,1
KM-106,74.68,10927,40.29,69.44,151574.0,42,2,2,0.6577,0.2105,1.0,0.0,0.4828,0
KM-123,11.97,77484,67.05,100.71,56638.3,173,3,1,0.1643,1.0,0.2595,0.8774,0.5349,0
KM-119,58.63,53439,50.64,58.31,58241.3,93,1,0,0.3937,0.5459,0.714,0.0,0.4171,0
KM-117,82.15,78681,42.39,57.98,171378.6,108,4,1,0.8748,1.0,1.0,0.0,0.7562,0
KM-112,53.64,57838,41.87,68.65,66270.0,52,1,0,0.3377,0.6147,1.0,0.0,0.4719,0
KM-105,39.2,11610,74.33,71.26,39333.7,100,1,0,0.2037,0.0553,0.15,0.0361,0.1223,0
KM-125,41.66,29727,42.5,81.79,66598.8,148,1,0,0.2236,0.2265,1.0,0.3369,0.4023,1
KM-123,49.52,79082,41.06,88.02,69189.0,16,2,2,0.3452,1.0,0.9817,0.515,0.6702,0
KM-105,69.22,16117,54.64,81.85,139559.4,82,2,0,0.5791,0.0904,0.5376,0.3387,0.4005,0
KM-102,48.73,6576,70.03,51.77,23902.3,9,2,3,0.3374,0.2636,0.0135,0.0,0.1867,0
KM-120,18.44,65055,42.12,99.23,12480.9,157,1,0,0.084,0.7333,1.0,0.8351,0.5798,0
KM-104,68.89,46237,58.44,101.18,38294.7,23,0,2,0.4745,0.5994,0.2969,0.8909,0.5535,0
KM-104,54.79,65288,54.54,46.48,78253.2,147,1,1,0.3502,0.8173,0.6389,0.0,0.4547,0
KM-117,91.64,64652,55.19,69.67,24484.5,51,0,0,0.8399,0.7265,0.4689,0.0,0.5694,1
KM-101,68.69,63700,72.79,88.4,38533.9,94,0,0,0.4719,0.7105,0.141,0.5258,0.4762,0
KM-118,86.11,42136,41.33,62.71,144112.2,53,1,4,0.7915,0.7022,1.0,0.0,0.6526,0
KM-121,85.57,72666,71.26,46.48,10213.2,118,3,0,0.8822,0.8657,0.177,0.0,0.5606,1
KM-108,33.87,43878,58.36,60.64,108352.0,155,1,0,0.1647,0.4062,0.4982,0.0,0.2589,0
KM-123,80.29,21224,69.62,78.37,84680.2,91,1,1,0.6947,0.2166,0.1365,0.2391,0.3724,1
KM-103,92.62,67803,60.62,84.34,74602.0,109,1,0,0.9079,0.7803,0.3387,0.4097,0.6625,0
KM-104,14.08,52614,52.61,75.45,99526.1,50,3,0,0.1698,0.5334,0.5707,0.1557,0.3381,0
KM-121,48.7,55313,42.07,91.61,138372.0,117,0,1,0.2371,0.6549,1.0,0.6174,0.5702,0
KM-101,80.02,38930,68.91,104.35,21798.3,69,3,1,0.7903,0.4195,0.1035,0.9814,0.5984,0
KM-120,6.89,11536,72.41,51.73,84516.1,47,1,0,0.0547,0.0548,0.0705,0.0,0.0469,0
KM-113,13.26,28472,59.86,82.49,82364.1,156,2,0,0.1176,0.2123,0.4395,0.357,0.2535,0
KM-122,28.58,43308,67.52,56.15,55029.8,60,0,2,0.0817,0.5583,0.09,0.0,0.1862,0
KM-125,90.37,8615,56.55,77.1,154133.4,138,0,2,0.8167,0.1953,0.545,0.2029,0.4843,0
KM-120,63.65,49938,57.08,69.03,147630.0,102,4,1,0.6052,0.5732,0.4699,0.0,0.4491,0
KM-113,50.26,21222,44.94,90.01,145294.7,25,1,2,0.3026,0.2966,0.84,0.5717,0.4624,0
KM-118,29.41,64612,59.12,67.89,171360.9,133,2,1,0.1865,0.8058,0.4347,0.0,0.3537,0
KM-103,23.12,28635,60.9,79.65,157861.5,56,1,0,0.1034,0.2141,0.248,0.2756,0.1944,0
KM-107,17.44,25735,42.23,89.36,159516.0,66,2,1,0.1304,0.2625,1.0,0.5531,0.4219,0
KM-101,92.24,71065,42.51,102.2,30691.9,53,1,2,0.9008,0.9972,0.979,0.92,0.9444,1
KM-104,54.59,74416,61.22,62.19,12599.5,55,0,1,0.2981,0.9771,0.2336,0.0,0.3953,0
KM-124,26.63,8208,64.1,56.31,63301.8,102,5,0,0.3209,0.0329,0.189,0.0,0.1583,1
KM-115,76.82,59978,64.93,71.16,87923.4,178,2,1,0.6901,0.7292,0.2698,0.0332,0.4844,0
KM-119,18.58,13955,70.94,63.01,93095.6,144,5,1,0.2845,0.1529,0.216,0.0,0.181,0
KM-123,85.0,68922,70.42,52.35,44135.0,107,2,1,0.8225,0.8797,0.1605,0.0,0.5399,0
KM-114,7.07,59331,63.72,77.92,146094.7,104,0,1,0.005,0.7187,0.2071,0.2263,0.2681,0
KM-109,54.77,48054,54.16,45.66,158246.4,137,0,2,0.2999,0.6255,0.6391,0.0,0.3892,0
KM-118,68.51,64669,64.99,76.8,132694.1,13,3,0,0.6194,0.7268,0.0199,0.1944,0.4413,0
KM-116,53.58,65080,55.64,84.55,151911.6,46,2,0,0.3871,0.7337,0.4434,0.4156,0.4907,0
KM-114,43.61,74916,43.59,49.52,154365.4,28,0,0,0.1902,0.9062,0.8985,0.0,0.4728,0
KM-114,16.43,67554,41.63,72.23,37282.9,61,4,0,0.227,0.776,1.0,0.0636,0.4862,0
KM-114,88.28,76984,68.59,76.96,32076.9,126,0,0,0.7793,0.944,0.189,0.1989,0.5863,0
KM-120,27.8,65080,46.94,51.15,167286.6,60,1,1,0.1273,0.8137,0.8125,0.0,0.4105,0
KM-106,48.19,59599,40.29,75.29,96704.4,54,1,1,0.2823,0.723,1.0,0.1511,0.5098,1
KM-117,73.98,73367,44.35,93.72,84219.9,146,1,1,0.5973,0.9582,1.0,0.6778,0.7842,1
KM-107,70.1,34751,57.7,93.87,124454.8,4,3,2,0.6414,0.4463,0.298,0.6819,0.532,0
KM-117,78.29,75126,41.2,75.12,82922.5,113,0,1,0.6129,0.99,1.0,0.1464,0.6913,1
KM-113,28.35,50968,66.32,90.99,42524.6,66,1,0,0.1304,0.5085,0.099,0.5997,0.3125,0
KM-111,10.45,73100,43.69,57.16,179379.5,158,1,0,0.0609,0.8735,1.0,0.0,0.4397,0
KM-102,93.42,32716,70.29,104.0,146530.9,101,3,0,1.0,0.2615,0.1515,0.9714,0.64,0
KM-118,42.69,50621,56.79,84.45,9031.7,145,1,1,0.2322,0.5833,0.546,0.4129,0.4189,0
KM-114,51.17,12450,57.52,88.1,130029.7,133,0,0,0.2619,0.0614,0.4989,0.5172,0.3102,1
KM-119,41.05,71122,54.32,80.63,40015.8,122,1,2,0.2185,0.9982,0.61,0.3036,0.5088,1
KM-107,24.01,72655,64.81,94.16,113788.0,58,2,2,0.1577,1.0,0.0946,0.6902,0.4622,0
KM-113,67.18,41462,66.78,47.47,153160.0,98,3,1,0.6014,0.4531,0.147,0.0,0.3532,0
KM-112,40.33,60640,42.83,72.44,143643.3,157,0,0,0.1626,0.6599,1.0,0.0697,0.4358,1
KM-117,77.36,14342,42.36,78.79,12669.8,12,2,0,0.6984,0.0759,0.9236,0.251,0.4983,0
KM-106,27.06,28403,55.05,100.21,175746.1,93,1,2,0.1232,0.3715,0.5375,0.8633,0.4162,0
KM-106,40.05,37308,54.77,62.51,36692.9,58,1,1,0.2104,0.3985,0.4961,0.0,0.2725,0
KM-115,69.93,10483,57.21,93.64,140781.6,89,1,1,0.5391,0.1274,0.4452,0.6755,0.4447,0
KM-103,26.21,31148,66.9,62.06,138149.8,29,4,0,0.2687,0.2429,0.0435,0.0,0.1635,0
KM-116,37.92,64729,67.16,48.35,22330.7,164,2,1,0.2438,0.8078,0.246,0.0,0.3365,1
KM-111,57.07,5134,49.11,68.43,95982.2,173,2,0,0.4257,0.0163,0.895,0.0,0.3321,0
KM-118,54.16,3611,47.54,72.41,56706.2,33,1,2,0.3434,0.1696,0.748,0.0687,0.3259,1
KM-102,85.6,52899,51.29,78.67,7072.0,35,2,0,0.8327,0.5377,0.6009,0.2478,0.5956,0
KM-124,53.84,44217,49.22,103.45,94806.9,16,2,1,0.3899,0.4909,0.6553,0.9558,0.5814,0
KM-122,74.7,2217,56.9,69.26,36596.0,14,3,0,0.708,0.0046,0.3448,0.0,0.3179,0
KM-121,39.02,19835,67.91,94.45,83373.3,133,1,0,0.2022,0.1235,0.1995,0.6986,0.2813,0
KM-109,56.83,70335,62.99,58.49,60287.8,171,4,4,0.523,1.0,0.3368,0.0,0.5004,0
KM-107,81.42,1881,44.67,103.08,82316.7,72,0,1,0.6629,0.0836,0.9212,0.9452,0.6262,0
KM-104,66.42,78242,57.93,60.88,87256.0,115,1,1,0.4911,1.0,0.4552,0.0,0.5129,0
KM-118,55.05,7430,46.71,45.14,127917.4,177,1,1,0.3531,0.1083,0.9971,0.0,0.3501,0
KM-101,82.81,12609,71.72,51.28,138312.9,120,0,2,0.6858,0.2226,0.18,0.0,0.3317,0
KM-107,41.13,65312,60.34,50.2,156941.7,102,1,3,0.2192,0.9777,0.3393,0.0,0.389,0
KM-123,88.46,55566,42.89,65.31,38317.2,99,3,1,0.9324,0.6589,1.0,0.0,0.6911,0
KM-124,28.64,51923,63.89,97.83,158644.0,114,0,3,0.082,0.7629,0.2154,0.7952,0.4216,0
KM-109,28.58,33039,42.91,52.5,157262.5,152,1,2,0.1317,0.4254,1.0,0.0,0.3524,0
KM-111,74.21,21678,69.85,85.03,60435.3,52,0,2,0.5506,0.3011,0.078,0.4294,0.3695,1
KM-110,23.64,11601,67.58,80.38,31398.6,91,2,2,0.1559,0.2152,0.1365,0.2966,0.195,0
KM-113,52.46,10642,72.4,48.74,179859.5,19,2,1,0.3752,0.1285,0.0285,0.0,0.1691,0
KM-103,84.23,60828,43.64,94.04,86955.3,31,1,0,0.7595,0.663,0.901,0.6869,0.7491,1
KM-116,85.57,3237,68.96,70.25,61367.0,23,1,1,0.7822,0.0881,0.0345,0.0073,0.3042,0
KM-114,32.6,29183,46.95,82.13,22741.8,104,1,2,0.1563,0.3803,0.8781,0.3466,0.3947,0
KM-108,81.94,57904,41.92,78.02,72207.0,26,2,0,0.7714,0.6158,0.9624,0.2291,0.6622,0
KM-114,58.3,74783,68.56,50.83,19066.2,147,4,1,0.5399,0.9838,0.2205,0.0,0.479,0
KM-114,31.86,6723,72.0,103.56,125607.7,77,1,2,0.1515,0.1844,0.1155,0.9589,0.314,0
KM-113,90.86,8062,50.12,51.31,110555.8,5,3,1,0.9755,0.112,0.6028,0.0,0.49,1
KM-118,26.55,45633,71.43,88.75,139963.7,106,1,1,0.1205,0.5108,0.159,0.5356,0.3088,0
KM-112,40.66,51019,47.48,87.81,111733.3,28,2,0,0.2653,0.5093,0.7426,0.5088,0.4705,0
KM-109,66.12,15290,60.77,88.22,69345.2,178,0,0,0.4371,0.0836,0.4363,0.5206,0.3653,0
KM-106,58.99,78658,71.01,64.08,153014.2,125,5,2,0.5979,1.0,0.1875,0.0,0.4968,0
KM-121,35.92,79656,63.47,51.87,135455.8,61,3,1,0.279,1.0,0.1528,0.0,0.3782,0
KM-107,61.05,50666,54.0,82.25,14010.4,23,2,0,0.4726,0.504,0.4745,0.3501,0.4564,1
KM-125,24.16,52306,43.18,55.17,14523.1,50,1,0,0.1084,0.5287,0.948,0.0,0.3597,0
KM-115,10.16,31067,66.38,77.59,146226.9,97,1,0,0.0603,0.242,0.1455,0.2168,0.1541,0
KM-115,10.68,4162,49.18,95.2,41609.8,103,3,0,0.1614,0.0119,0.7874,0.72,0.3609,0
KM-119,31.33,35273,58.96,71.35,51939.0,166,2,1,0.1982,0.3728,0.4904,0.0385,0.2683,0
KM-112,8.46,37654,58.75,89.22,79113.3,154,2,0,0.1072,0.3229,0.481,0.5493,0.3243,0
KM-118,40.73,63428,68.71,54.18,19903.2,178,4,1,0.3659,0.786,0.267,0.0,0.378,0
KM-106,15.39,61154,71.73,60.66,74834.6,49,4,1,0.2237,0.7483,0.0735,0.0,0.2801,0
KM-107,43.41,51108,42.06,71.78,100465.3,95,3,0,0.3384,0.5106,1.0,0.051,0.4563,0
KM-109,64.29,50894,66.98,62.18,52754.0,107,1,2,0.4633,0.6674,0.1605,0.0,0.3611,0
KM-122,48.61,55890,63.45,99.15,174976.6,113,1,0,0.2863,0.5839,0.2316,0.833,0.4591,0
KM-116,91.57,43837,40.72,57.96,34752.1,108,0,1,0.8385,0.4856,1.0,0.0,0.6149,1
KM-121,12.4,74844,56.43,103.54,48275.5,147,3,0,0.1654,0.9049,0.5632,0.9583,0.5884,1
KM-106,54.14,35194,42.92,87.66,176505.7,131,2,2,0.3931,0.4518,1.0,0.5046,0.5515,1
KM-109,92.34,18157,59.48,58.87,29434.6,11,0,0,0.8527,0.1081,0.2374,0.0,0.3729,1
KM-116,59.89,12330,66.44,82.67,143090.5,76,2,0,0.4587,0.0605,0.114,0.362,0.2709,0
KM-113,83.84,19200,48.32,53.03,127679.0,43,1,0,0.7529,0.1176,0.7319,0.0,0.4393,1
KM-120,87.98,75159,51.16,59.45,179101.5,4,3,2,0.9241,1.0,0.5597,0.0,0.6854,1
KM-125,92.03,64898,69.99,81.67,146767.8,1,4,0,1.0,0.7307,0.0015,0.3334,0.5996,0
KM-125,18.09,60367,41.6,72.32,58331.1,25,2,0,0.1327,0.6555,0.9735,0.0663,0.4183,0
KM-125,15.13,24509,67.01,91.02,132627.1,23,3,1,0.1729,0.2496,0.0345,0.6007,0.2499,0
KM-120,34.75,15376,61.39,46.96,139019.0,122,1,1,0.1708,0.1643,0.3275,0.0,0.1663,0
KM-122,12.58,67063,41.76,89.51,144168.7,168,0,0,0.0158,0.7675,1.0,0.5575,0.5089,0
KM-124,72.96,45353,50.78,55.74,132753.3,124,3,0,0.6823,0.4268,0.7549,0.0,0.4965,1
KM-110,13.74,6927,58.44,94.14,42676.7,50,1,0,0.0689,0.0255,0.3373,0.6897,0.2359,1
KM-123,40.7,60741,64.27,77.32,74067.0,102,0,1,0.1657,0.7416,0.1821,0.2092,0.3216,0
KM-105,17.62,49628,71.58,78.91,139447.4,63,1,0,0.0811,0.4886,0.0945,0.2546,0.2203,0
KM-123,12.49,7758,70.61,54.55,24093.1,159,2,1,0.1156,0.1102,0.2385,0.0,0.1157,0
KM-124,46.69,73008,49.12,71.57,115657.5,149,2,0,0.318,0.8718,0.8587,0.0449,0.51,0
KM-101,58.72,8670,58.48,87.14,22330.7,79,2,0,0.4448,0.0357,0.3791,0.4897,0.3383,0
KM-115,47.52,6902,40.92,77.4,152822.5,119,0,1,0.2258,0.1053,1.0,0.2114,0.3476,0
KM-124,13.7,47756,44.3,97.17,21359.9,129,3,0,0.1688,0.4612,1.0,0.7763,0.5296,1
KM-110,83.73,34320,48.29,97.74,24252.4,115,0,2,0.701,0.441,0.8407,0.7925,0.6822,0
KM-125,61.89,27049,63.03,66.22,129564.5,41,3,0,0.533,0.1966,0.1401,0.0,0.2637,0
KM-103,81.9,40235,49.26,84.64,140202.7,160,1,0,0.7207,0.3567,0.8696,0.4183,0.599,1
KM-122,19.3,79079,64.1,72.59,8366.5,11,1,1,0.0872,1.0,0.0524,0.0741,0.3058,0
KM-104,72.48,60830,61.49,93.92,173656.6,160,3,1,0.6754,0.743,0.3804,0.6834,0.6349,1
KM-124,35.38,70204,68.14,56.07,168919.0,96,1,1,0.1752,0.9021,0.144,0.0,0.3156,0
KM-113,91.0,50215,70.93,98.25,84163.9,153,2,1,0.9282,0.5773,0.2295,0.8071,0.6765,0
KM-108,55.17,20170,66.45,72.8,111234.3,160,3,0,0.4544,0.1266,0.24,0.0801,0.2547,0
KM-106,57.47,69794,64.2,103.27,84748.3,46,1,1,0.3803,0.8949,0.1009,0.9506,0.5671,0
KM-103,51.37,68768,72.87,72.24,140164.8,77,2,2,0.3639,0.957,0.1155,0.0639,0.4025,0
KM-103,42.16,79323,69.2,93.47,15022.2,114,1,0,0.2278,0.9873,0.171,0.6706,0.4949,1
KM-104,44.59,19647,42.9,92.4,8434.4,174,1,1,0.2488,0.2017,1.0,0.64,0.4655,1
KM-118,72.96,73581,68.87,98.52,83034.3,18,2,0,0.6323,0.8821,0.027,0.8147,0.6102,0
KM-114,61.17,56631,42.57,72.29,40685.8,170,3,0,0.5241,0.5956,1.0,0.0655,0.5454,0
KM-116,6.47,1449,45.17,104.19,174279.2,25,0,1,0.0042,0.0824,0.8309,0.9769,0.3836,0
KM-120,70.34,11533,55.45,74.52,142235.5,33,2,0,0.5948,0.0547,0.4316,0.1291,0.334,0
KM-124,83.59,65708,47.05,68.55,145999.1,1,3,1,0.8488,0.8244,0.7193,0.0,0.647,0
KM-125,23.17,32614,63.81,51.42,67929.6,44,0,0,0.0537,0.2603,0.1136,0.0,0.1066,0
KM-117,51.59,48623,49.01,55.52,167862.6,108,1,2,0.3162,0.6338,0.8018,0.0,0.4295,0
KM-105,22.41,48029,61.37,75.53,171508.4,90,2,0,0.1502,0.4652,0.28,0.1579,0.2564,0
KM-123,8.63,48627,65.74,57.56,149564.1,129,3,1,0.1575,0.5539,0.1935,0.0,0.2323,0
KM-121,5.58,38928,48.78,69.12,91737.1,28,2,4,0.1031,0.6594,0.6908,0.0,0.3391,0
KM-106,38.08,27567,41.4,66.2,74690.3,86,3,1,0.295,0.2823,1.0,0.0,0.3738,0
KM-119,71.94,31225,69.32,65.24,79048.7,62,3,1,0.6676,0.3238,0.093,0.0,0.3332,0
KM-101,82.18,55170,73.14,67.68,90753.3,160,1,1,0.7253,0.6527,0.24,0.0,0.465,0
KM-123,69.02,47703,47.25,97.81,95779.1,158,0,1,0.4763,0.5405,0.9471,0.7947,0.6502,0
KM-117,43.08,17642,70.86,92.27,112807.7,115,2,0,0.2856,0.1036,0.1725,0.6363,0.2876,0
KM-111,43.98,66095,44.22,85.83,86278.4,174,1,0,0.2434,0.751,1.0,0.4522,0.5634,0
KM-106,30.22,34871,57.45,73.03,95447.8,28,0,1,0.0913,0.3678,0.3441,0.0865,0.21,0
KM-101,65.99,33363,66.22,69.24,88905.4,6,3,1,0.5855,0.3493,0.009,0.0,0.2941,1
KM-116,35.72,17900,70.82,47.18,138161.3,127,0,1,0.1276,0.1858,0.1905,0.0,0.1292,0
KM-112,48.86,40925,50.58,52.82,123096.9,136,2,0,0.3387,0.3659,0.7807,0.0,0.3662,0
KM-115,75.9,77572,66.4,69.71,84737.4,122,0,1,0.5761,1.0,0.183,0.0,0.4882,0
KM-105,59.64,61892,60.87,77.03,167982.1,111,2,1,0.4557,0.7605,0.3317,0.2008,0.4561,0
KM-106,62.82,71019,63.17,81.23,164244.6,160,4,0,0.5946,0.8364,0.3132,0.3209,0.544,1
KM-125,62.06,76239,43.92,56.68,89228.8,23,3,0,0.5351,0.9303,0.8778,0.0,0.5954,0
KM-102,22.98,38096,65.42,94.11,73622.7,147,2,2,0.1528,0.4886,0.2205,0.6889,0.3575,1
KM-112,78.32,25754,60.19,66.99,149377.1,163,0,0,0.6133,0.1827,0.4368,0.0,0.3477,1
KM-105,25.66,27508,52.65,99.58,5020.3,39,1,0,0.1158,0.2016,0.5525,0.8453,0.3705,0
KM-124,7.95,58264,72.77,49.45,41461.4,141,2,1,0.1063,0.7015,0.2115,0.0,0.2549,0
KM-115,12.49,49814,63.4,88.71,105759.1,163,1,0,0.0656,0.4914,0.3086,0.5345,0.3144,0
KM-118,75.01,14338,47.52,82.65,90419.7,149,1,1,0.6126,0.1559,0.9228,0.3614,0.5102,0
KM-115,44.07,2760,58.65,99.1,46661.8,19,1,0,0.2442,0.0064,0.2826,0.8313,0.3099,0
KM-124,16.78,38536,43.33,102.35,94423.0,64,0,0,0.0282,0.3343,0.963,0.9244,0.4709,0
KM-105,26.7,7725,68.56,56.52,148047.0,60,3,0,0.2213,0.03,0.09,0.0,0.103,0
KM-106,6.62,40367,63.61,50.88,172331.0,73,3,0,0.1544,0.3584,0.1649,0.0,0.1766,1
KM-105,17.53,34728,73.43,90.18,7107.8,7,2,0,0.1307,0.286,0.0105,0.5767,0.2347,0
KM-116,38.91,21702,63.12,51.69,97994.9,66,3,1,0.3014,0.2213,0.174,0.0,0.1956,0
KM-125,43.5,55362,71.92,98.49,67857.6,154,1,0,0.2392,0.5757,0.231,0.814,0.4367,0
KM-108,58.96,32494,66.7,67.76,107267.8,56,0,0,0.3477,0.2589,0.084,0.0,0.2032,0
KM-121,22.81,33794,51.4,65.19,109588.3,115,0,1,0.052,0.3546,0.7167,0.0,0.2502,0
KM-118,21.24,64719,55.59,70.64,127727.0,92,0,1,0.0451,0.8076,0.5145,0.0182,0.3242,0
KM-111,92.41,78682,72.2,100.45,35863.3,89,1,2,0.9039,1.0,0.1335,0.8701,0.7671,1
KM-105,68.55,14914,40.78,90.53,155842.7,112,0,1,0.4699,0.1605,1.0,0.5865,0.5219,0
KM-122,64.88,8088,57.75,84.11,145286.6,36,1,1,0.471,0.1121,0.3439,0.4032,0.3423,0
KM-109,29.16,14173,42.21,92.4,101638.2,81,1,0,0.1351,0.0746,1.0,0.64,0.3939,0
KM-101,79.17,58091,62.9,49.11,100354.6,35,2,0,0.7268,0.6188,0.1365,0.0,0.4364,0
KM-125,39.76,53377,59.06,94.45,54617.7,11,0,1,0.1581,0.625,0.2541,0.6985,0.4021,1
KM-123,22.43,36594,45.17,56.06,128104.8,81,3,0,0.2003,0.3094,0.9147,0.0,0.3304,1
KM-102,31.44,36720,70.44,96.01,32317.2,162,2,1,0.1989,0.391,0.243,0.7431,0.3646,1
KM-101,59.31,28366,50.11,49.4,106461.8,105,0,1,0.3518,0.2911,0.7533,0.0,0.3466,0
KM-107,90.79,20295,48.79,73.47,168321.6,91,1,1,0.8743,0.2078,0.7848,0.0992,0.5347,0
KM-123,36.52,20822,41.77,46.78,23163.3,176,0,1,0.1334,0.2128,1.0,0.0,0.2999,0
KM-118,87.67,26571,55.38,85.67,109075.0,176,1,1,0.8187,0.2714,0.6489,0.4477,0.5737,0
KM-125,59.83,15896,55.56,99.91,147895.6,45,4,0,0.558,0.0886,0.4453,0.8545,0.4774,1
KM-123,73.99,46469,70.55,65.13,164406.5,62,3,0,0.6974,0.4427,0.093,0.0,0.3734,1
KM-116,31.38,14438,55.8,99.17,134520.8,178,2,1,0.1985,0.1567,0.635,0.8336,0.4023,0
KM-112,68.11,55395,56.28,83.27,61392.7,45,1,1,0.514,0.6562,0.4164,0.3791,0.503,0
KM-104,40.01,23427,41.17,45.24,169167.5,167,0,0,0.1601,0.1585,1.0,0.0,0.2956,0
KM-112,58.5,16423,64.72,49.91,65969.3,178,2,2,0.4422,0.253,0.278,0.0,0.2736,0
KM-110,20.7,39694,60.64,81.63,86684.0,75,1,2,0.0928,0.5095,0.2871,0.3322,0.2837,0
KM-114,25.02,17244,47.0,79.81,93893.1,42,0,1,0.0626,0.1801,0.7831,0.2803,0.2796,0
KM-112,92.15,27929,40.74,71.82,25509.0,127,1,0,0.8992,0.2063,1.0,0.0521,0.5767,1
KM-119,57.07,8719,41.38,91.56,17647.7,54,2,2,0.4257,0.196,1.0,0.616,0.5212,0
KM-106,9.07,59046,49.22,82.72,29813.8,80,0,0,0.0082,0.6341,0.751,0.3635,0.3843,0
KM-105,24.43,45809,55.73,68.64,152581.1,47,2,0,0.1597,0.4333,0.4412,0.0,0.2524,0
KM-116,15.39,58581,46.88,83.2,164195.6,12,0,1,0.0237,0.7066,0.7429,0.377,0.4089,0
KM-106,9.74,65104,52.17,54.44,36898.4,113,5,0,0.2595,0.7341,0.6828,0.0,0.4109,1
KM-110,11.6,62405,72.82,57.5,142505.4,141,0,1,0.0134,0.769,0.2115,0.0,0.2392,0
KM-121,85.78,55221,55.61,86.7,32930.3,168,1,0,0.7857,0.5735,0.6276,0.4771,0.6393,1
KM-110,23.32,54382,48.96,82.18,32806.3,141,1,2,0.1044,0.7205,0.8531,0.3481,0.4569,1
KM-104,72.01,71391,70.28,65.22,116801.1,75,0,1,0.5186,0.923,0.1125,0.0,0.4347,0
KM-124,65.84,24076,41.24,88.07,9230.5,137,2,1,0.5335,0.2451,1.0,0.5163,0.5513,0
KM-116,26.99,70800,61.25,90.49,156355.4,41,2,1,0.1729,0.9126,0.2116,0.5855,0.4481,0
KM-118,27.31,59032,54.35,54.82,25755.2,68,0,1,0.0746,0.7139,0.528,0.0,0.3102,1
KM-118,34.88,23631,51.99,103.15,65620.4,13,1,0,0.1717,0.1605,0.5398,0.9471,0.3976,0
KM-103,78.1,77171,40.02,96.96,133201.4,166,2,0,0.7099,0.9474,1.0,0.7704,0.8394,0
KM-102,24.14,23896,61.81,82.83,102310.6,112,1,2,0.1083,0.3232,0.2957,0.3667,0.2512,0
KM-107,21.54,79197,54.18,53.13,100016.1,173,2,1,0.1464,1.0,0.6922,0.0,0.4397,0
KM-101,55.72,6031,56.94,54.14,79673.1,159,1,0,0.3605,0.0207,0.5608,0.0,0.2435,1
KM-121,68.18,23937,74.44,91.91,78418.3,59,1,2,0.5148,0.3237,0.0885,0.6261,0.404,0
KM-115,56.29,75903,63.68,84.25,158356.6,30,0,1,0.3169,1.0,0.0978,0.4072,0.4619,0
KM-116,10.6,61832,58.24,101.54,43112.1,49,0,2,0.0112,0.8395,0.3437,0.9012,0.4628,0
KM-102,47.78,73526,48.82,78.21,103140.2,47,0,1,0.2283,0.9611,0.7176,0.2347,0.5106,0
KM-114,11.56,56859,51.86,104.57,86495.5,30,1,1,0.0634,0.6792,0.5706,0.9876,0.5036,0
KM-114,88.69,63501,53.77,102.99,99683.5,122,2,1,0.8865,0.7872,0.6322,0.9425,0.822,0
KM-109,24.7,41363,64.65,99.22,98479.6,33,0,1,0.061,0.4518,0.0637,0.835,0.314,0
KM-122,16.48,15214,70.37,63.39,99784.1,29,2,1,0.1271,0.1629,0.0435,0.0,0.0939,0
KM-104,77.22,10586,68.12,79.11,10930.2,95,2,0,0.6963,0.0481,0.1425,0.2602,0.3363,0
KM-106,25.18,11786,71.31,103.0,148194.0,12,0,0,0.0634,0.0565,0.018,0.9429,0.2285,0
KM-120,73.96,39860,53.49,86.3,63711.9,27,2,1,0.647,0.4317,0.5011,0.4656,0.5277,0
KM-121,54.33,57546,45.13,55.18,94785.7,134,2,0,0.3952,0.6101,0.9959,0.0,0.49,0
KM-111,83.02,44468,43.08,53.81,130523.7,46,2,0,0.7893,0.4144,0.9457,0.0,0.569,0
KM-119,54.74,14476,57.77,96.62,172543.4,75,0,1,0.2997,0.157,0.4015,0.7604,0.3765,0
KM-114,87.45,46138,51.95,68.89,43751.5,36,2,0,0.8648,0.438,0.5759,0.0,0.5274,0
KM-116,56.96,33408,70.24,53.0,111006.7,133,0,1,0.3244,0.3499,0.1995,0.0,0.2409,0
KM-112,53.67,54012,52.82,69.12,5931.9,46,1,1,0.338,0.6348,0.5562,0.0,0.3882,0
KM-105,58.76,12353,60.52,68.66,46071.4,47,1,0,0.3953,0.0607,0.2497,0.0,0.2035,0
KM-114,80.02,21432,40.47,78.54,156390.8,38,2,0,0.7404,0.1387,1.0,0.2441,0.5426,0
KM-106,75.43,31196,41.52,94.29,55600.9,139,0,2,0.5689,0.4035,1.0,0.6941,0.6388,0
KM-122,88.33,42084,57.86,94.1,84633.6,148,1,0,0.8302,0.3815,0.5077,0.6885,0.6252,1
KM-109,47.76,53830,58.39,66.5,103215.1,178,0,0,0.2281,0.552,0.5314,0.0,0.3241,0
KM-121,65.29,45964,56.79,98.21,76455.0,111,2,0,0.5263,0.4355,0.4948,0.8059,0.5532,0
KM-101,43.98,48187,45.8,77.32,71136.5,161,3,0,0.3435,0.4675,1.0,0.2093,0.4789,0
KM-105,30.34,37772,59.1,48.4,134937.0,126,1,1,0.1421,0.4044,0.425,0.0,0.2358,0
KM-122,30.14,9131,57.64,47.88,113068.8,13,2,1,0.1909,0.1186,0.3138,0.0,0.1592,1
KM-104,22.29,36578,59.7,102.82,14992.1,65,1,0,0.0997,0.3092,0.3096,0.9376,0.3616,0
KM-102,25.08,21547,73.21,75.2,172890.5,52,0,0,0.0629,0.1398,0.078,0.1486,0.1023,0
KM-117,22.09,61518,57.49,82.32,81877.1,151,1,0,0.0988,0.6743,0.5271,0.3519,0.3789,0
KM-112,42.58,18783,68.78,86.01,65053.9,53,2,1,0.2813,0.1938,0.0795,0.4574,0.2543,0
KM-111,86.83,38839,50.15,70.14,148886.7,19,2,2,0.854,0.4983,0.6224,0.0039,0.5487,1
KM-112,10.5,78851,71.69,45.24,114972.6,62,0,2,0.011,1.0,0.093,0.0,0.2725,0
KM-125,14.58,11822,64.57,56.56,15171.9,173,1,1,0.0713,0.1368,0.2766,0.0,0.1145,0
KM-115,17.63,55283,51.18,63.97,68408.6,38,2,1,0.1311,0.6545,0.6097,0.0,0.3314,1
KM-110,45.96,56676,43.23,67.6,146580.3,129,0,0,0.2113,0.5963,1.0,0.0,0.423,0
KM-119,31.55,63606,46.53,87.93,36419.8,117,1,2,0.1496,0.8689,0.9142,0.5123,0.5549,0
KM-107,25.99,7509,58.99,52.63,105549.0,85,1,0,0.1175,0.0288,0.368,0.0,0.1219,1
KM-117,47.5,9786,53.93,97.6,43431.8,157,1,1,0.2756,0.1228,0.6782,0.7886,0.4205,0
KM-115,63.72,79098,40.41,91.52,116241.3,158,2,0,0.5061,0.9831,1.0,0.6148,0.7459,0
KM-125,13.98,30282,74.62,101.82,117129.2,2,2,3,0.1195,0.4729,0.003,0.9091,0.3425,0
KM-101,13.61,68738,51.46,76.32,84295.2,103,0,1,0.0185,0.8765,0.696,0.1805,0.4009,0
KM-117,86.16,24712,63.22,72.21,14083.6,70,1,2,0.7924,0.3317,0.1761,0.0632,0.4081,0
KM-109,65.84,54574,68.7,55.1,74810.9,14,2,0,0.5335,0.5634,0.021,0.0,0.3318,1
KM-102,22.06,52617,53.56,61.0,33710.3,19,2,2,0.1487,0.6934,0.4862,0.0,0.3226,0
KM-115,11.17,36050,62.56,91.21,63137.8,82,1,0,0.0625,0.3025,0.2208,0.606,0.2628,0
KM-105,16.0,42372,59.29,68.03,36428.8,129,1,1,0.0756,0.4655,0.422,0.0,0.2272,0
KM-114,33.68,34830,46.43,80.63,79144.1,112,0,0,0.1135,0.2873,0.9108,0.3037,0.3544,0
KM-123,71.67,79224,54.56,104.41,108926.1,128,0,2,0.5136,1.0,0.6095,0.983,0.7483,1
KM-112,20.87,49243,68.81,102.82,120349.4,36,2,0,0.1435,0.4829,0.054,0.9377,0.3693,0
KM-123,52.95,48262,53.89,98.95,61975.2,117,2,1,0.3804,0.5486,0.6199,0.8272,0.5597,0
KM-112,89.45,39851,64.26,65.46,62300.8,74,2,0,0.9001,0.3516,0.1406,0.0,0.431,0
KM-125,84.12,1312,45.33,58.29,40318.1,142,1,1,0.7576,0.0821,0.9999,0.0,0.4857,0
KM-119,82.88,9221,53.07,62.62,127283.5,68,0,1,0.6869,0.1191,0.5792,0.0,0.386,0
KM-124,50.18,71898,60.66,100.1,97825.5,114,1,2,0.3018,1.0,0.3446,0.8601,0.5966,1
KM-112,32.36,25065,55.37,59.09,85836.6,164,1,1,0.1547,0.2554,0.6312,0.0,0.2442,0
KM-113,11.32,26754,71.8,55.1,23463.9,145,5,1,0.2628,0.2734,0.2175,0.0,0.2038,1
KM-101,29.18,14478,73.69,66.11,172544.5,34,0,0,0.0852,0.077,0.051,0.0,0.0593,0
KM-118,25.95,50050,60.47,60.13,169479.0,159,4,1,0.2673,0.5748,0.4198,0.0,0.3212,0
KM-118,64.43,52740,68.12,68.39,25066.7,28,0,0,0.4152,0.5353,0.042,0.0,0.2875,0
KM-122,62.13,62764,70.99,54.01,114568.9,53,3,2,0.5361,0.8549,0.0795,0.0,0.4173,0
KM-116,50.72,21432,60.89,65.2,106795.8,169,1,0,0.3072,0.1387,0.4181,0.0,0.2258,0
KM-115,11.98,46096,60.38,77.76,104357.4,141,0,0,0.0143,0.4374,0.3963,0.2217,0.238,1
KM-121,12.53,69883,53.99,69.65,119134.2,95,1,1,0.0657,0.8964,0.5829,0.0,0.3637,0
KM-104,50.4,63656,52.04,101.14,130314.6,17,3,0,0.404,0.7098,0.544,0.8897,0.6056,0
KM-123,60.39,12412,56.43,103.27,98234.7,120,1,1,0.4147,0.1411,0.5226,0.9507,0.4751,1
KM-107,73.32,33424,74.25,100.41,108995.4,45,6,0,0.8375,0.2701,0.0675,0.8688,0.5479,0
KM-123,86.49,45211,47.28,101.68,138059.8,69,5,2,0.998,0.5848,0.8124,0.9051,0.839,1
KM-121,61.87,5909,59.38,100.18,147739.2,39,3,1,0.5328,0.1001,0.2833,0.8622,0.4406,1
KM-106,69.49,34673,46.43,101.08,17584.6,106,1,0,0.5328,0.2853,0.9019,0.8881,0.6158,0
KM-106,77.53,44686,42.1,100.03,62921.9,70,1,0,0.6512,0.4175,1.0,0.858,0.7039,0
KM-104,6.86,79372,43.63,94.25,68778.5,17,3,0,0.1547,0.9882,0.8804,0.6928,0.6158,0
KM-110,8.42,70168,58.49,65.37,68250.4,172,2,1,0.1071,0.9014,0.5186,0.0,0.3666,0
KM-113,29.63,2573,56.82,82.14,113368.1,127,3,1,0.2378,0.0858,0.5176,0.3469,0.2776,0
KM-105,76.97,34418,45.23,76.91,99802.7,154,2,1,0.6924,0.3622,1.0,0.1976,0.5724,1
KM-109,94.03,34675,59.02,63.92,121286.9,120,3,2,1.0,0.4454,0.4192,0.0,0.5452,0
KM-113,12.82,15308,44.77,55.83,21278.3,68,4,1,0.2164,0.1637,0.9113,0.0,0.2989,1
KM-112,34.13,21290,64.57,91.93,87493.0,17,0,1,0.1165,0.2173,0.0428,0.6265,0.229,0
KM-110,57.11,75201,68.34,46.63,147423.0,10,1,1,0.3761,0.9914,0.015,0.0,0.3825,0
KM-108,77.59,78846,63.7,95.25,170018.9,65,4,0,0.8021,0.9784,0.1496,0.7213,0.6995,0
KM-114,39.97,14140,73.47,45.31,155934.3,72,2,1,0.2598,0.1543,0.108,0.0,0.1511,0
KM-122,56.71,59421,68.29,55.88,121185.8,33,0,0,0.3216,0.6401,0.0495,0.0,0.2825,0
KM-101,94.25,66162,56.11,62.03,54914.8,44,2,0,0.9883,0.7521,0.4218,0.0,0.6183,0
KM-122,51.48,45217,41.9,76.19,121832.1,59,5,2,0.515,0.5849,1.0,0.1769,0.5619,1
KM-117,90.05,33746,70.98,98.51,19955.7,146,2,1,0.9109,0.354,0.219,0.8145,0.614,0
KM-106,71.12,68380,63.54,94.73,11534.0,65,3,0,0.6558,0.7902,0.1558,0.7067,0.5996,0
KM-108,73.98,69630,74.76,55.83,37573.3,103,3,1,0.6973,0.892,0.1545,0.0,0.498,0
KM-115,44.43,31970,74.09,50.17,34509.0,131,4,1,0.3974,0.3326,0.1965,0.0,0.2615,0
KM-107,85.76,6296,49.63,49.81,75555.4,113,1,0,0.7855,0.0221,0.7844,0.0,0.4373,1
KM-124,94.46,28161,41.46,50.57,22056.0,109,2,2,0.9922,0.3689,1.0,0.0,0.6395,1
KM-102,71.69,41404,66.11,92.71,20495.9,92,3,1,0.664,0.4523,0.138,0.6488,0.5028,0
KM-118,44.76,78749,44.38,48.28,140971.8,178,1,0,0.2504,0.9766,1.0,0.0,0.5318,1
KM-122,62.77,56925,74.68,66.37,71583.7,120,3,0,0.544,0.6002,0.18,0.0,0.3764,0
KM-106,94.8,38924,60.1,83.72,108066.7,105,1,0,0.9488,0.3394,0.3537,0.3921,0.5661,0
KM-106,75.99,54076,48.83,100.24,117336.7,136,3,0,0.7274,0.5557,0.8508,0.8641,0.7365,1
KM-103,49.47,56404,62.39,86.67,113466.1,132,2,0,0.3447,0.592,0.3023,0.4763,0.4244,0
KM-125,29.49,24201,56.31,83.43,154693.5,25,2,0,0.187,0.1664,0.3851,0.3838,0.2608,0
KM-105,32.94,6565,70.4,61.94,57211.9,29,1,0,0.1585,0.0235,0.0435,0.0,0.0701,0
KM-107,44.56,50245,66.24,61.73,170811.8,107,1,1,0.2486,0.5777,0.1605,0.0,0.2635,0
KM-110,67.25,39881,66.71,53.59,115809.0,20,1,0,0.5023,0.352,0.03,0.0,0.2698,0
KM-122,86.18,58807,70.49,68.63,117140.2,123,6,0,1.0,0.6302,0.1845,0.0,0.5445,0
KM-125,93.24,25446,68.64,63.85,43309.7,152,2,2,0.9694,0.3394,0.228,0.0,0.4697,1
KM-102,57.33,40075,68.62,104.77,157137.9,39,1,0,0.3787,0.3545,0.0585,0.9934,0.4315,1
KM-110,7.37,30808,47.98,75.64,153710.9,74,3,0,0.1554,0.239,0.7916,0.1611,0.3047,0
KM-103,89.68,12760,42.93,48.16,101484.5,73,1,0,0.8542,0.0637,0.9923,0.0,0.5134,1
KM-119,48.33,28928,72.66,62.8,52282.5,23,1,0,0.2836,0.2174,0.0345,0.0,0.1605,0
KM-101,53.59,54765,68.02,45.88,24504.7,134,1,0,0.3372,0.5664,0.201,0.0,0.2998,0
KM-106,81.31,73976,61.39,78.4,78751.0,89,2,1,0.7612,0.9692,0.2778,0.2399,0.6123,0
KM-105,15.33,9502,42.81,55.34,93375.0,48,1,1,0.0735,0.1209,0.9594,0.0,0.2478,1
KM-110,72.12,79457,42.88,65.67,6402.9,87,1,1,0.5701,1.0,1.0,0.0,0.6495,0
KM-121,71.24,14000,68.41,84.15,65693.6,69,1,1,0.5575,0.1532,0.1035,0.4043,0.335,0
KM-114,70.82,10032,67.69,45.72,19839.7,47,1,1,0.5515,0.1244,0.0705,0.0,0.2382,0
KM-111,58.86,56643,67.12,46.12,102188.7,57,4,0,0.5464,0.5958,0.0855,0.0,0.3573,0
KM-121,62.38,20084,40.1,51.04,119067.7,172,1,1,0.4392,0.2058,1.0,0.0,0.4052,0
KM-125,73.12,48923,43.89,94.62,162917.8,64,0,2,0.5346,0.6382,0.9403,0.7034,0.6754,1
KM-106,84.73,4489,70.4,56.97,43122.1,176,2,1,0.8179,0.0933,0.264,0.0,0.3624,0
KM-117,16.1,22267,47.76,47.06,151193.3,64,2,1,0.1259,0.2268,0.7854,0.0,0.2579,0
KM-106,62.37,68039,68.8,88.27,154105.7,23,3,3,0.5391,1.0,0.0345,0.5219,0.55,1
KM-107,81.97,14325,55.95,88.56,17621.9,174,0,0,0.6719,0.0758,0.6232,0.5302,0.4848,0
KM-115,47.99,49054,67.45,87.35,120135.3,38,0,0,0.2303,0.4801,0.057,0.4958,0.3112,0
KM-110,25.77,57953,58.47,69.43,151976.4,176,1,1,0.1164,0.6966,0.5252,0.0,0.3199,0
KM-123,52.68,26793,59.72,90.02,167012.3,18,1,3,0.3275,0.4338,0.2384,0.572,0.3852,0
KM-116,87.75,52535,58.64,71.78,12714.1,144,1,1,0.8201,0.6122,0.4706,0.0508,0.5443,0
KM-125,55.4,17407,56.45,58.13,105774.8,110,0,2,0.3069,0.2615,0.5069,0.0,0.2742,0
KM-119,58.82,9057,69.7,72.21,88546.4,173,1,0,0.396,0.0381,0.2595,0.0631,0.2127,0
KM-106,35.55,34262,74.67,93.51,99807.7,173,2,1,0.2264,0.3603,0.2595,0.6717,0.3556,0
KM-101,47.22,12646,74.43,67.91,177677.4,132,1,0,0.2729,0.0628,0.198,0.0,0.1508,0
KM-114,68.06,4333,53.0,99.32,57965.8,99,1,1,0.5132,0.0926,0.6284,0.8378,0.496,1
KM-120,85.2,14197,69.61,68.37,67772.7,94,1,3,0.7759,0.3148,0.141,0.0,0.3784,1
KM-108,94.97,54073,72.09,70.95,108864.9,168,2,2,1.0,0.7157,0.252,0.0271,0.5847,0
KM-121,5.49,53774,71.21,64.27,92094.9,47,4,2,0.203,0.7111,0.0705,0.0,0.2629,0
KM-104,50.51,79495,61.54,47.74,77692.0,42,3,1,0.4052,1.0,0.2014,0.0,0.4321,1
KM-119,57.76,27076,59.12,97.88,78161.9,37,1,1,0.3836,0.2769,0.2906,0.7966,0.4209,0
KM-121,79.61,53455,49.94,100.76,111651.5,76,3,0,0.7837,0.5462,0.7165,0.8788,0.7299,1
KM-115,59.77,70713,43.1,83.77,53117.8,174,3,0,0.5073,0.831,1.0,0.3935,0.664,0
KM-114,59.87,24349,49.45,50.66,121832.9,152,0,0,0.3585,0.1679,0.8501,0.0,0.3375,0
KM-115,84.71,36887,41.24,66.01,120029.6,142,3,1,0.8675,0.3931,1.0,0.0,0.6019,0
KM-107,56.23,36279,62.07,83.2,105995.5,137,1,1,0.3661,0.3854,0.3227,0.3771,0.3644,0
KM-102,6.53,55427,74.23,45.94,46921.9,176,1,1,0.0543,0.6567,0.264,0.0,0.236,0
KM-108,45.3,36749,44.36,95.76,11727.2,61,0,0,0.2052,0.3113,0.917,0.7359,0.4803,1
KM-121,11.04,59970,71.01,46.48,157428.3,89,0,1,0.0122,0.729,0.1335,0.0,0.2132,0
KM-114,29.78,12448,44.81,82.69,6485.6,43,0,2,0.0887,0.2214,0.8723,0.3624,0.3333,1
KM-104,80.68,79814,57.67,64.16,103224.5,161,0,3,0.6509,1.0,0.5348,0.0,0.5848,0
KM-113,45.83,74977,72.57,84.66,84929.4,162,0,1,0.21,0.9873,0.243,0.4188,0.4527,0
KM-112,23.99,48551,52.66,62.35,135680.5,152,3,1,0.2076,0.5528,0.7215,0.0,0.3551,1
KM-125,44.88,52820,72.8,61.05,121022.2,20,1,2,0.2514,0.6965,0.03,0.0,0.2681,0
KM-112,49.81,17230,42.76,76.65,45813.4,96,1,2,0.2981,0.26,1.0,0.1899,0.4073,0
KM-101,68.65,17683,56.23,68.99,38966.3,39,1,2,0.5213,0.2639,0.4091,0.0,0.3303,0
KM-102,66.73,76319,57.6,64.07,125589.3,75,2,0,0.5453,0.9318,0.4084,0.0,0.5055,1
KM-122,58.78,7458,59.45,72.54,153372.5,17,3,1,0.4955,0.1085,0.2476,0.0725,0.2646,0
KM-115,65.18,53765,51.33,86.8,21221.7,153,0,0,0.4248,0.551,0.7761,0.48,0.5377,1
KM-122,19.98,78046,58.57,70.71,104664.9,48,1,1,0.0899,1.0,0.3292,0.0203,0.3514,0
KM-117,82.95,41910,71.32,85.23,81548.6,174,2,1,0.788,0.4592,0.261,0.4352,0.5298,1
KM-108,44.2,55651,48.98,71.85,133670.2,150,0,2,0.1953,0.7402,0.8659,0.0528,0.4372,0
KM-114,37.2,36003,44.35,76.12,157534.4,177,5,2,0.3884,0.4619,1.0,0.1749,0.4864,1
KM-103,72.98,60522,66.17,97.02,158566.2,23,0,2,0.5326,0.818,0.0345,0.7721,0.5522,0
KM-116,41.68,47287,54.12,96.07,119540.2,155,2,1,0.2737,0.5344,0.6677,0.7449,0.5119,0
KM-116,20.63,77649,73.12,74.34,168993.0,71,0,1,0.0426,1.0,0.1065,0.1239,0.311,0
KM-118,60.27,67321,71.93,65.23,34326.3,77,1,0,0.4133,0.772,0.1155,0.0,0.3607,0
KM-107,10.21,70424,61.42,63.27,24793.3,172,2,1,0.1104,0.9059,0.4011,0.0,0.3454,0
KM-107,43.79,4051,53.92,57.87,176518.5,49,2,0,0.2918,0.0114,0.5169,0.0,0.2083,0
KM-105,46.03,56587,61.39,101.53,102599.6,91,0,2,0.2119,0.7549,0.281,0.9009,0.4993,1
KM-115,90.78,37104,53.15,54.54,155647.4,17,2,2,0.9241,0.4759,0.4997,0.0,0.5423,0
KM-110,28.78,33218,50.31,66.95,98374.6,108,2,0,0.1828,0.2676,0.7494,0.0,0.2808,0
KM-114,76.91,17552,62.01,103.24,132761.5,146,0,0,0.5915,0.1028,0.3385,0.9498,0.4904,0
KM-123,80.72,32696,41.41,48.44,122746.2,97,0,0,0.6515,0.2613,1.0,0.0,0.4933,1
KM-121,29.66,67813,67.4,78.7,62465.4,16,5,1,0.338,0.8604,0.024,0.2487,0.3879,0
KM-125,40.34,61943,66.91,60.07,144441.0,134,0,0,0.1628,0.6813,0.201,0.0,0.2675,0
KM-114,76.59,66955,49.01,49.38,34113.1,126,3,0,0.7365,0.7657,0.8288,0.0,0.615,0
KM-114,20.32,69210,63.89,84.14,127481.4,15,2,0,0.1413,0.8047,0.0669,0.404,0.3448,0
KM-111,69.56,39019,58.69,86.56,116803.5,53,0,0,0.4839,0.3406,0.3319,0.4732,0.4155,0
KM-103,61.47,27769,53.52,92.65,6221.7,88,2,1,0.4778,0.2845,0.5912,0.6473,0.4861,0
KM-121,69.84,62724,70.41,90.27,66885.6,18,0,2,0.4877,0.8542,0.027,0.5792,0.5055,0
KM-102,83.75,52994,64.43,66.47,62697.4,156,5,1,0.9513,0.6191,0.2569,0.0,0.5391,1
KM-102,84.22,52527,42.17,92.08,171131.6,73,0,1,0.7093,0.612,1.0,0.6309,0.7275,1
KM-121,40.37,37384,56.95,77.72,64399.0,27,4,1,0.3629,0.3994,0.3624,0.2204,0.3435,0
KM-123,93.0,44982,41.4,77.34,161219.4,165,4,1,1.0,0.5016,1.0,0.2097,0.7173,1
KM-119,15.73,42380,41.91,100.03,114472.4,35,0,1,0.0247,0.4656,0.9763,0.8581,0.4919,0
KM-116,87.84,64689,43.1,100.54,159718.1,172,2,0,0.8716,0.7271,1.0,0.8726,0.8614,0
KM-113,20.31,72311,67.97,66.6,108547.6,79,5,3,0.2912,1.0,0.1185,0.0,0.3756,0
KM-118,46.03,78238,58.07,82.92,150676.4,67,2,1,0.3119,1.0,0.3778,0.3691,0.5085,0
KM-121,69.73,11184,53.8,79.01,68005.2,125,1,1,0.5363,0.1323,0.6353,0.2575,0.3993,0
KM-120,7.84,49461,56.96,46.12,108235.2,101,2,1,0.1061,0.5661,0.4733,0.0,0.2733,0
KM-110,61.63,25497,44.24,51.16,175720.0,177,0,0,0.3799,0.1799,1.0,0.0,0.3779,0
KM-119,49.7,42329,48.4,74.59,45903.4,142,0,1,0.247,0.4649,0.8769,0.1312,0.4043,0
KM-112,23.04,66676,48.77,64.2,164431.4,146,2,1,0.1531,0.8409,0.8681,0.0,0.4374,0
KM-124,23.36,42958,44.45,95.05,26237.2,62,1,3,0.1046,0.6335,0.9149,0.7156,0.5211,1
KM-104,46.42,46156,70.63,66.61,104804.7,48,3,0,0.3655,0.4382,0.072,0.0,0.2519,0
KM-114,29.2,72146,70.87,98.29,74318.7,25,1,1,0.1353,0.9364,0.0375,0.8082,0.4506,0
KM-115,54.93,15254,63.86,61.2,86175.2,160,0,0,0.3017,0.0833,0.2858,0.0,0.1836,0
KM-117,80.01,29784,73.09,76.95,132699.0,4,2,2,0.7402,0.3872,0.006,0.1986,0.3968,0
KM-118,45.91,13691,46.05,47.36,126154.3,13,1,1,0.2608,0.1508,0.7775,0.0,0.2845,0
KM-104,54.34,34114,74.87,73.07,109693.9,45,2,0,0.3953,0.2785,0.0675,0.0876,0.239,1
KM-114,29.93,35798,47.79,89.46,79454.9,1,0,1,0.0896,0.3793,0.6899,0.556,0.3754,1
KM-102,17.72,70350,53.16,102.18,162369.6,158,2,0,0.1314,0.8246,0.7105,0.9193,0.5781,0
KM-108,30.55,53336,74.26,90.31,149126.1,68,0,1,0.0934,0.6244,0.102,0.5803,0.3252,0
KM-110,66.85,76064,52.88,86.45,41282.5,124,2,0,0.547,0.9271,0.6709,0.47,0.6514,1
KM-120,60.61,2258,49.48,61.7,71812.3,109,1,1,0.4174,0.0847,0.7841,0.0,0.3241,0
KM-101,30.65,25132,63.83,52.79,7647.2,61,2,0,0.194,0.1761,0.1382,0.0,0.1395,0
KM-108,48.09,50191,52.34,75.2,64279.3,168,2,1,0.3313,0.5769,0.7584,0.1487,0.4416,0
KM-121,79.47,59801,50.14,87.68,175518.7,10,3,0,0.7815,0.6463,0.6094,0.5051,0.658,0
KM-106,93.97,54726,71.72,95.32,14690.2,174,3,0,1.0,0.5658,0.261,0.7234,0.6883,1
KM-108,23.6,56027,40.67,75.28,176914.9,176,2,1,0.1557,0.6661,1.0,0.1507,0.4512,0
KM-107,91.58,39627,63.65,96.32,141704.7,68,3,1,0.9887,0.4286,0.1559,0.7521,0.6348,1
KM-121,8.25,12488,44.02,47.9,40073.8,143,2,1,0.1068,0.1417,1.0,0.0,0.2728,0
KM-107,84.68,27755,65.77,78.5,50794.4,105,0,1,0.717,0.2844,0.1575,0.2429,0.4021,1
KM-115,55.61,44902,40.52,99.57,50215.8,12,2,0,0.4092,0.4205,0.9971,0.8448,0.6167,1
KM-107,12.44,50165,44.81,80.7,119781.7,169,1,1,0.0655,0.5766,1.0,0.3057,0.4282,0
KM-107,79.7,15742,69.93,76.16,47247.0,132,1,0,0.6852,0.0873,0.198,0.176,0.3364,0
KM-111,23.01,31108,56.98,89.5,173496.5,143,1,0,0.103,0.2425,0.5352,0.5572,0.3151,0
KM-108,9.34,56855,50.76,97.62,14631.2,59,1,1,0.0587,0.6791,0.6582,0.789,0.4798,0
KM-106,30.86,30810,69.94,96.93,40442.8,127,1,1,0.1452,0.319,0.1905,0.7693,0.3225,0
KM-110,82.78,38382,63.98,84.03,177053.4,2,2,1,0.7852,0.4123,0.0439,0.4008,0.4668,1
KM-109,84.51,27311,65.05,64.32,25652.2,28,1,1,0.7642,0.2795,0.042,0.0,0.3457,1
KM-101,51.22,53442,45.26,82.88,35332.8,145,1,2,0.3123,0.706,1.0,0.3681,0.5594,1
KM-122,81.57,11190,64.25,70.47,8651.0,30,1,0,0.7153,0.0523,0.075,0.0134,0.2811,0
KM-103,8.49,50977,64.0,50.34,40273.4,157,0,0,0.0072,0.5087,0.2754,0.0,0.1848,0
KM-101,47.91,8992,51.36,73.68,61897.7,52,1,0,0.2795,0.0377,0.6235,0.1051,0.253,1
KM-121,75.5,74926,60.02,65.8,164583.8,37,1,0,0.6201,0.9064,0.2548,0.0,0.4946,0
KM-110,5.87,3380,67.04,97.94,87953.7,178,0,1,0.0034,0.0887,0.267,0.7983,0.2364,0
KM-106,49.25,22652,58.15,53.15,134945.3,105,2,0,0.3425,0.1507,0.4315,0.0,0.2439,0
KM-101,16.36,24099,42.55,104.33,128884.4,121,3,1,0.1768,0.2453,1.0,0.9809,0.5194,0
KM-108,6.86,77175,65.25,63.9,63629.5,51,1,2,0.0547,1.0,0.0765,0.0,0.2844,0
KM-113,39.35,15841,50.44,70.71,22655.5,24,1,0,0.2049,0.0881,0.6186,0.0202,0.2215,1
KM-104,57.11,7070,68.87,66.61,8391.4,102,2,0,0.4261,0.0263,0.153,0.0,0.1863,0
KM-108,24.16,77484,57.71,48.58,26991.5,106,1,1,0.1084,1.0,0.4504,0.0,0.378,0
KM-109,28.25,29485,74.43,99.78,34505.7,178,1,1,0.1298,0.3038,0.267,0.8509,0.345,0
KM-115,15.04,36454,49.12,89.59,48028.8,144,0,0,0.0226,0.3076,0.851,0.5596,0.3669,0
KM-105,23.63,69827,50.91,65.1,99743.1,115,3,0,0.2058,0.8155,0.7359,0.0,0.4231,1
KM-121,34.42,17198,66.07,82.74,121180.3,34,1,3,0.1685,0.3397,0.051,0.3639,0.2269,0
KM-110,10.88,31876,45.0,91.38,164949.9,15,1,1,0.0618,0.3315,0.8226,0.6108,0.3912,0
KM-109,7.79,52299,60.78,100.88,153162.2,63,3,0,0.1561,0.5286,0.2635,0.8822,0.4159,0
KM-109,70.26,2033,68.67,83.23,62286.6,44,0,0,0.4937,0.0041,0.066,0.378,0.2626,0
KM-108,21.65,43939,51.32,45.67,61581.2,107,0,4,0.0469,0.727,0.7078,0.0,0.3397,1
KM-119,36.11,75197,43.31,95.69,58540.6,116,2,0,0.2304,0.9113,1.0,0.7339,0.6552,1
KM-104,5.45,19069,59.18,76.41,109795.1,74,2,0,0.103,0.1164,0.3439,0.1832,0.1706,0
KM-119,45.85,5163,52.07,99.61,137165.6,100,2,3,0.3102,0.2564,0.6673,0.8459,0.4753,1
KM-124,11.32,27501,52.08,68.4,46209.8,75,1,0,0.0628,0.2016,0.6291,0.0,0.1982,0
KM-107,19.85,25479,43.32,103.09,164261.9,3,1,0,0.0894,0.1797,0.8716,0.9454,0.4396,1
KM-113,19.26,36988,56.25,98.11,83718.4,10,1,0,0.0871,0.3144,0.365,0.803,0.3427,0
KM-107,39.96,38804,44.6,63.0,12483.9,45,0,1,0.1597,0.4178,0.8834,0.0,0.337,0
KM-108,47.08,62207,55.66,71.95,106756.1,6,0,1,0.2216,0.7657,0.3828,0.0556,0.3567,0
KM-103,45.92,5102,67.94,100.61,28460.4,97,0,0,0.2108,0.0161,0.1455,0.8745,0.2818,1
KM-103,61.25,40671,49.17,89.17,152935.9,53,0,1,0.3751,0.4425,0.7128,0.5476,0.494,0
KM-111,72.73,63829,57.22,77.46,64065.0,158,0,0,0.529,0.7127,0.5482,0.2131,0.5156,0
KM-123,77.45,60176,47.8,94.12,10892.4,152,2,1,0.6999,0.7324,0.9161,0.6891,0.7491,0
KM-120,6.69,12821,57.51,45.19,144144.4,121,1,0,0.0545,0.0642,0.4811,0.0,0.1313,0
KM-117,91.02,67470,70.08,94.7,83899.0,89,2,2,0.9285,0.9345,0.1335,0.7057,0.7265,0
KM-104,86.5,65258,69.61,60.89,123864.5,48,3,2,0.8982,0.8967,0.072,0.0,0.5529,0
KM-116,48.83,43661,56.14,100.14,145095.1,65,4,0,0.4385,0.4032,0.4518,0.8613,0.5169,0
KM-114,79.69,75959,58.34,94.07,117813.0,117,3,1,0.785,1.0,0.4418,0.6878,0.7507,1
KM-117,89.72,46435,70.01,102.19,154406.3,67,1,0,0.855,0.4422,0.1005,0.9197,0.6138,0
KM-112,84.95,7846,59.77,51.3,37408.2,12,0,0,0.7217,0.0307,0.2273,0.0,0.3057,0
KM-124,54.46,3693,70.9,81.94,114374.0,58,0,0,0.2966,0.0099,0.087,0.3412,0.1919,0
KM-116,75.42,42769,40.25,84.35,108766.0,152,0,2,0.5688,0.5509,1.0,0.4099,0.6188,0
KM-108,68.62,72313,56.01,94.34,58877.0,16,0,0,0.4709,0.8594,0.3837,0.6955,0.5955,0
KM-110,88.99,23742,60.41,96.84,161137.3,179,0,0,0.792,0.1617,0.4521,0.7668,0.5614,1
KM-117,32.03,60735,64.92,54.52,173378.0,140,0,2,0.1026,0.8215,0.2133,0.0,0.284,0
KM-105,71.73,49714,60.31,77.75,169721.7,89,0,0,0.5145,0.4899,0.321,0.2214,0.411,0
KM-115,42.3,40154,53.63,60.85,168991.6,72,5,1,0.4289,0.4356,0.5628,0.0,0.3716,0
KM-125,73.47,41134,41.1,61.27,118477.1,7,0,0,0.5398,0.3687,0.9664,0.0,0.4744,0
KM-125,81.67,8895,55.69,98.69,11626.9,121,0,1,0.667,0.1171,0.5541,0.8198,0.5375,1
KM-117,21.09,6062,46.24,98.76,42148.4,80,1,1,0.0945,0.1009,0.8704,0.8218,0.3967,1
KM-103,7.73,40197,53.89,89.62,143740.8,81,1,1,0.056,0.4362,0.566,0.5604,0.3539,1
KM-119,13.69,49155,57.38,83.97,44936.9,19,0,0,0.0188,0.4816,0.3331,0.399,0.2734,0
KM-122,22.94,64293,49.68,50.21,176880.8,22,4,0,0.2526,0.7205,0.6456,0.0,0.3976,1
KM-123,52.49,59198,74.12,101.4,126882.4,137,2,0,0.3756,0.6365,0.2055,0.8973,0.5111,0
KM-101,67.01,55713,72.34,90.84,6800.5,139,3,0,0.5991,0.5812,0.2085,0.5955,0.5158,0
KM-111,60.01,16257,55.1,98.82,49718.0,45,1,2,0.4102,0.2516,0.4636,0.8235,0.4639,1
KM-111,87.27,55154,66.65,101.01,134130.4,176,1,1,0.8116,0.6524,0.264,0.886,0.6772,1
KM-113,32.74,70843,48.09,57.72,84841.7,45,2,0,0.2072,0.8333,0.7438,0.0,0.4296,0
KM-110,13.86,41528,45.47,65.64,12521.4,148,1,1,0.0692,0.454,1.0,0.0,0.3377,0
KM-102,71.25,42510,65.0,45.57,55545.5,93,0,0,0.5077,0.3873,0.1396,0.0,0.3025,0
KM-112,36.81,8269,60.95,98.55,30834.7,139,1,1,0.1855,0.1132,0.3704,0.8158,0.3305,0
KM-121,88.05,74853,50.12,96.97,148033.3,117,0,1,0.7753,0.9851,0.7707,0.7707,0.8259,1
KM-119,78.02,13488,40.23,86.4,59472.8,97,1,0,0.6587,0.0692,1.0,0.4684,0.5415,0
KM-122,28.84,29611,59.94,56.95,10242.7,110,2,1,0.1832,0.3052,0.3673,0.0,0.2139,0
KM-105,44.51,61452,59.14,48.71,132505.2,113,1,1,0.2481,0.7532,0.404,0.0,0.356,0
KM-103,64.04,12970,47.92,69.13,81292.9,55,0,1,0.4101,0.1453,0.7659,0.0,0.333,0
KM-107,91.67,37616,68.81,63.88,32611.1,156,1,2,0.8904,0.4824,0.234,0.0,0.479,1
KM-103,25.28,73243,46.48,101.69,145051.6,13,1,3,0.1139,1.0,0.7601,0.9055,0.623,0
KM-105,15.9,63143,57.08,79.92,16096.2,158,2,1,0.1253,0.7812,0.5539,0.2836,0.4066,0
KM-103,53.1,63693,52.63,49.83,129503.3,115,2,0,0.3819,0.7104,0.6673,0.0,0.4447,0
KM-109,90.98,17923,46.86,73.98,111979.5,76,0,1,0.8277,0.186,0.8394,0.1137,0.5268,1
KM-125,78.21,9332,52.26,97.65,104020.8,83,0,2,0.6116,0.1998,0.6342,0.7901,0.5489,0
KM-112,87.08,18906,41.72,75.11,118691.7,9,2,0,0.8584,0.1149,0.9449,0.146,0.5473,1
KM-121,93.44,60642,52.57,77.03,90761.6,124,3,2,1.0,0.82,0.6831,0.201,0.7318,1
KM-110,53.87,33491,40.18,61.94,166218.1,116,1,0,0.3402,0.2709,1.0,0.0,0.3868,0
KM-104,23.94,40897,46.3,92.73,54467.0,167,0,0,0.0573,0.3655,0.9985,0.6495,0.441,1
KM-123,21.66,76171,42.25,66.27,83400.3,48,2,1,0.1469,1.0,0.9821,0.0,0.4978,0
KM-108,57.02,51748,52.92,59.29,33095.2,75,0,1,0.3251,0.6002,0.5957,0.0,0.383,0
KM-104,29.96,11481,46.82,49.62,70634.3,153,0,0,0.0897,0.0544,0.9565,0.0,0.2363,0
KM-113,39.71,71265,46.7,73.96,176139.8,86,0,0,0.1577,0.8408,0.8611,0.1131,0.4602,1
KM-122,35.26,4989,70.99,103.67,89432.1,168,1,0,0.1743,0.0156,0.252,0.962,0.3077,0
KM-119,27.1,67384,61.34,96.32,147172.6,78,0,2,0.0735,0.933,0.2633,0.752,0.462,0
KM-120,73.44,78689,48.14,100.46,43789.3,140,0,0,0.5393,0.9755,0.8844,0.8702,0.7836,0
KM-112,12.25,48630,69.45,94.14,129743.1,137,4,1,0.215,0.5539,0.2055,0.6897,0.3928,0
KM-107,37.4,5993,72.61,91.9,95823.3,148,1,1,0.1898,0.1005,0.222,0.6258,0.2611,1
KM-112,53.91,64969,74.0,82.29,37271.2,163,1,0,0.3406,0.7319,0.2445,0.3511,0.4213,0
KM-112,14.44,63253,66.0,88.16,71683.4,106,3,1,0.1709,0.7831,0.159,0.5189,0.3911,0
KM-108,30.77,45630,48.55,48.56,136440.4,139,3,1,0.2447,0.5108,0.8665,0.0,0.3866,0
KM-112,59.24,1728,56.65,53.26,72879.0,10,0,0,0.3509,0.0032,0.3488,0.0,0.1934,0
KM-104,38.01,73731,48.37,87.7,98609.1,17,1,0,0.1945,0.8848,0.6907,0.5056,0.5285,0
KM-111,25.93,46294,54.44,97.16,49843.7,114,0,1,0.0672,0.5202,0.5934,0.7761,0.4275,0
KM-112,71.53,7546,71.04,70.5,66807.2,62,2,1,0.6116,0.109,0.093,0.0142,0.2628,0
KM-122,43.17,22377,41.54,98.3,163149.6,173,1,0,0.2363,0.1479,1.0,0.8087,0.4814,0
KM-118,86.56,73675,56.85,64.46,86266.1,20,3,1,0.8993,0.9638,0.3562,0.0,0.6269,0
KM-102,29.88,74703,64.72,81.04,103137.5,165,0,1,0.0893,0.9823,0.2586,0.3153,0.3916,0
KM-122,55.73,9149,58.67,84.89,146725.3,80,2,2,0.4105,0.1987,0.3734,0.4255,0.3531,1
KM-119,51.26,28265,67.81,104.09,11022.4,105,4,0,0.4627,0.21,0.1575,0.974,0.4408,0
KM-113,88.66,49342,64.93,59.84,86118.5,62,1,0,0.8361,0.4844,0.0957,0.0,0.4329,0
KM-117,38.27,35927,58.29,95.33,60736.7,97,2,1,0.2465,0.381,0.4141,0.7237,0.4091,0
KM-117,43.96,53582,44.63,96.32,117747.9,40,3,0,0.3433,0.5481,0.8746,0.7521,0.5825,0
KM-102,14.31,68495,68.68,91.56,167679.4,36,2,0,0.1205,0.7922,0.054,0.6159,0.3742,0
KM-124,36.11,66506,42.48,74.51,56919.6,12,2,0,0.2304,0.758,0.9187,0.1289,0.4796,0
KM-121,7.96,70565,61.72,100.12,89178.6,89,2,1,0.1063,0.9084,0.2645,0.8604,0.4893,1
KM-104,8.54,2469,44.74,96.22,62810.4,154,3,1,0.1573,0.0854,1.0,0.7493,0.4263,0
KM-113,80.49,49248,42.94,65.68,63831.4,159,0,0,0.6479,0.483,1.0,0.0,0.5475,1
KM-110,80.3,33361,54.67,101.17,15975.4,179,1,1,0.6948,0.3493,0.6815,0.8906,0.6449,0
KM-119,76.97,23642,46.06,66.63,118606.7,3,0,0,0.5924,0.1607,0.7619,0.0,0.3999,0
KM-103,11.98,37124,42.94,90.13,12463.4,123,1,0,0.0644,0.3161,1.0,0.575,0.4166,0
KM-118,71.66,76660,56.9,90.61,93671.8,68,3,1,0.6636,1.0,0.426,0.5888,0.6852,0
KM-106,73.4,45928,49.64,62.57,146713.1,79,2,1,0.6387,0.515,0.7329,0.0,0.4989,0
KM-106,86.97,42693,56.93,101.66,65196.7,38,5,2,1.0,0.5499,0.38,0.9046,0.7444,0
KM-102,66.7,75310,59.18,48.31,77829.2,73,1,1,0.4948,0.9934,0.3421,0.0,0.49,0
KM-107,56.42,44608,68.27,69.97,165256.2,7,0,0,0.3183,0.4164,0.0105,0.0,0.2176,0
KM-114,30.51,45371,47.08,56.14,112332.9,102,0,0,0.0931,0.4271,0.8697,0.0,0.3133,0
KM-110,81.36,27083,56.32,98.44,93744.8,99,2,0,0.762,0.197,0.4957,0.8127,0.5776,0
KM-101,91.74,58041,59.86,93.98,95986.8,176,3,0,0.9917,0.618,0.4696,0.6852,0.7326,0
KM-104,69.26,11721,44.79,73.74,170359.5,173,0,0,0.4797,0.0561,1.0,0.1069,0.4033,0
KM-104,30.86,39602,47.59,49.54,163689.1,42,1,1,0.1452,0.4283,0.7594,0.0,0.3098,0
KM-102,64.18,34547,48.88,79.62,5152.7,170,3,3,0.5619,0.5238,0.8999,0.275,0.5626,0
KM-117,72.3,67139,47.14,59.64,104032.3,59,2,1,0.6227,0.8488,0.8027,0.0,0.5907,0
KM-105,49.96,10412,59.49,46.91,40286.6,158,2,1,0.3496,0.127,0.4573,0.0,0.2456,0
KM-103,89.37,68835,69.07,56.81,11144.3,45,2,2,0.8986,0.9581,0.0675,0.0,0.5676,0
KM-111,18.0,8609,44.02,55.85,149276.1,96,0,0,0.0324,0.0353,0.9832,0.0,0.2168,0
KM-122,56.72,28881,44.73,60.84,136893.5,176,2,0,0.4218,0.2169,1.0,0.0,0.4018,0
KM-123,43.64,62751,72.66,63.37,119190.3,105,2,1,0.2904,0.7747,0.1575,0.0,0.3268,0
KM-119,47.31,4512,42.27,49.67,154259.2,54,1,0,0.2738,0.0134,0.9901,0.0,0.2972,0
KM-114,69.55,25131,46.21,66.56,103019.2,102,2,1,0.5837,0.2561,0.9046,0.0,0.4492,1
KM-115,11.03,8307,46.84,66.75,82499.5,111,1,0,0.0622,0.0335,0.8927,0.0,0.2087,1
KM-101,39.32,33087,53.73,74.14,135362.6,50,1,0,0.2046,0.266,0.5259,0.1183,0.267,0
KM-111,59.9,54942,48.38,91.98,40707.0,39,3,1,0.5088,0.6491,0.7233,0.6279,0.6106,1
KM-124,42.01,11602,46.44,57.19,175123.5,99,2,0,0.2765,0.0552,0.8908,0.0,0.2887,0
KM-113,6.63,53310,46.91,94.98,80430.9,132,0,0,0.0044,0.544,0.9216,0.7138,0.4646,0
KM-123,88.48,64203,69.2,62.99,107555.1,21,2,1,0.8829,0.7989,0.0315,0.0,0.5151,0
KM-121,72.98,15320,63.62,104.82,133811.8,172,1,0,0.5826,0.0838,0.3133,0.9948,0.4865,0
KM-123,13.18,62523,66.53,101.38,51943.4,107,0,1,0.0174,0.7709,0.1605,0.8966,0.4102,0
KM-102,75.87,38779,61.11,58.64,138130.6,8,0,3,0.5756,0.5775,0.1675,0.0,0.3793,0
KM-120,93.68,36094,40.06,65.45,134339.8,125,1,1,0.9276,0.3831,1.0,0.0,0.6204,0
KM-107,88.78,77044,56.96,59.44,111899.8,122,1,1,0.8382,1.0,0.5047,0.0,0.6443,0
KM-116,91.94,37452,43.51,80.21,102091.3,148,2,0,0.9453,0.3203,1.0,0.2919,0.6693,0
KM-125,66.72,35252,43.15,64.26,166369.4,162,2,0,0.5451,0.2925,1.0,0.0,0.4639,0
KM-109,68.75,6559,53.17,61.55,83837.6,6,3,1,0.6227,0.1035,0.4822,0.0,0.3402,0
KM-107,40.4,27938,51.4,75.79,40452.0,4,3,1,0.3132,0.2864,0.5501,0.1655,0.3243,0
KM-111,59.33,12550,65.07,78.7,82912.4,117,3,1,0.502,0.1421,0.1755,0.2487,0.2961,0
KM-120,20.12,74776,60.91,71.0,46825.0,18,1,0,0.0905,0.9037,0.1905,0.0285,0.3014,0
KM-111,23.58,57106,43.54,60.75,122631.8,174,3,2,0.2056,0.7631,1.0,0.0,0.4627,1
KM-104,24.91,10303,48.93,91.08,130485.2,14,3,1,0.212,0.1262,0.664,0.6022,0.359,0
KM-105,20.51,7886,59.11,75.98,7659.5,136,2,1,0.1421,0.1109,0.4397,0.1708,0.1996,0
KM-104,66.38,9789,64.28,75.96,21900.5,43,1,0,0.4907,0.0428,0.0931,0.1701,0.2351,0
KM-114,33.01,41102,43.17,66.47,93558.6,79,2,1,0.209,0.4483,0.9915,0.0,0.3835,0
KM-121,56.24,23999,49.11,52.48,9064.4,12,1,0,0.3663,0.1643,0.6535,0.0,0.3,0
KM-118,61.14,36567,50.89,65.17,146299.4,78,3,1,0.5238,0.389,0.6815,0.0,0.4169,0
KM-106,39.25,12274,62.18,88.85,138919.4,177,1,2,0.204,0.2201,0.3784,0.5385,0.3098,0
KM-114,63.82,24763,45.17,90.28,122679.4,42,1,0,0.4573,0.1722,0.8563,0.5795,0.4903,0
KM-120,32.14,55199,61.75,50.19,143211.3,118,0,0,0.1033,0.5731,0.307,0.0,0.2408,1
KM-103,14.46,65990,54.19,65.38,153712.3,63,0,1,0.0209,0.8292,0.5271,0.0,0.32,0
KM-105,38.0,41510,47.82,59.87,51117.2,176,1,3,0.1944,0.6138,0.9512,0.0,0.4117,0
KM-122,19.05,17994,60.77,47.11,26127.2,88,2,2,0.1363,0.2667,0.3013,0.0,0.1746,1
KM-115,73.69,2731,45.87,79.35,8373.3,57,2,2,0.643,0.1663,0.8508,0.2671,0.4902,0
KM-124,88.74,44441,67.93,80.02,85701.3,101,2,0,0.8874,0.414,0.1515,0.2864,0.5017,0
KM-122,66.18,53868,41.03,53.51,54937.3,78,1,3,0.488,0.7925,1.0,0.0,0.5689,1
KM-108,36.32,78590,72.7,71.25,14963.1,56,0,0,0.1319,0.9737,0.084,0.0356,0.3135,1
KM-103,19.18,15752,47.49,102.71,90173.9,111,3,2,0.1868,0.2474,0.867,0.9346,0.4876,0
KM-104,13.79,3358,60.47,82.16,52371.3,173,0,0,0.019,0.0086,0.4408,0.3476,0.1665,0
KM-106,56.49,43664,74.58,104.26,32944.7,153,0,0,0.3191,0.4032,0.2295,0.979,0.4542,0
KM-124,8.22,49098,57.99,97.53,69316.0,118,1,1,0.0568,0.5608,0.4573,0.7866,0.4088,0
KM-123,68.0,3374,71.62,74.78,94039.2,147,2,0,0.5623,0.0087,0.2205,0.1366,0.2704,0
KM-107,17.61,76395,43.38,88.46,47934.1,87,2,1,0.131,1.0,0.9953,0.5273,0.6004,0
KM-124,21.15,14919,45.07,61.09,97830.7,31,1,1,0.0947,0.1605,0.8435,0.0,0.242,0
KM-112,83.28,34033,40.42,73.35,108695.8,37,3,1,0.8435,0.3575,1.0,0.0958,0.6038,0
KM-125,80.16,70111,67.98,61.59,72385.2,59,1,1,0.6926,0.9004,0.0885,0.0,0.4852,1
KM-112,31.24,74537,74.14,48.76,151088.0,143,2,1,0.1976,0.9793,0.2145,0.0,0.3569,0
KM-101,34.01,18764,49.74,86.63,33832.3,12,2,2,0.2156,0.2736,0.6285,0.4752,0.3646,1
KM-124,85.27,25238,65.67,70.38,125543.2,174,3,0,0.877,0.1772,0.261,0.0109,0.4057,1
KM-115,74.84,9868,65.25,101.29,7377.0,30,3,0,0.7101,0.0433,0.045,0.8941,0.4472,0
KM-109,90.96,44058,50.32,61.66,43171.2,59,0,2,0.8274,0.5687,0.6756,0.0,0.5669,0
KM-107,91.64,2162,62.18,52.64,85164.3,162,0,1,0.8399,0.0844,0.3558,0.0,0.3862,0
KM-108,60.36,28326,41.87,81.84,94753.2,128,1,3,0.4144,0.4507,1.0,0.3382,0.5253,0
KM-116,54.51,29250,62.83,49.65,58140.0,55,1,1,0.3471,0.3011,0.1694,0.0,0.2306,0
KM-118,94.88,21360,60.36,98.63,52992.3,31,1,0,0.9501,0.138,0.232,0.818,0.577,1
KM-107,62.96,67776,42.9,52.47,82139.7,86,3,0,0.5464,0.7798,1.0,0.0,0.5862,0
KM-107,38.16,60363,54.52,72.95,48350.7,146,3,1,0.2956,0.7354,0.6384,0.0842,0.4318,1
KM-108,77.21,54816,63.93,71.06,91197.6,13,0,1,0.5962,0.6472,0.0623,0.0302,0.3889,1
KM-125,67.16,22773,72.2,66.9,92560.9,89,1,0,0.501,0.1519,0.1335,0.0,0.24,0
KM-122,11.71,63461,48.76,70.99,70954.4,156,5,0,0.2637,0.7065,0.8837,0.0283,0.4513,0
KM-122,41.9,21964,49.2,61.86,49481.7,149,2,0,0.2756,0.1439,0.8553,0.0,0.3035,0
KM-122,34.12,66453,55.11,64.96,165532.7,99,1,0,0.1664,0.7571,0.5441,0.0,0.3563,0
KM-101,56.19,68111,68.93,78.38,149503.8,162,1,0,0.3657,0.7856,0.243,0.2395,0.4209,0
KM-123,44.23,14970,43.39,56.01,24394.8,123,3,1,0.3456,0.1609,1.0,0.0,0.3612,0
KM-119,86.31,16795,44.09,46.36,93514.6,10,0,1,0.7449,0.1762,0.8512,0.0,0.475,0
KM-117,85.09,34611,41.45,65.68,170915.0,52,3,1,0.874,0.3646,1.0,0.0,0.597,1
KM-125,28.86,10359,53.4,71.07,134450.7,127,1,1,0.1333,0.1266,0.6545,0.0307,0.2153,0
KM-110,68.85,42991,68.23,55.41,95527.2,50,1,1,0.524,0.4739,0.075,0.0,0.3169,0
KM-111,16.75,10427,62.77,47.14,136000.5,138,1,0,0.0781,0.0471,0.2962,0.0,0.0983,0
KM-121,26.06,71096,56.59,67.37,73433.2,132,2,1,0.1679,0.9178,0.5343,0.0,0.3951,0
KM-103,59.08,15811,73.33,53.07,28730.9,100,1,1,0.3991,0.1679,0.15,0.0,0.2116,1
KM-122,7.22,62397,49.87,74.63,68270.1,156,5,1,0.2552,0.7688,0.8392,0.1322,0.4758,0
KM-113,41.96,12275,51.09,85.34,150944.2,148,0,1,0.176,0.1401,0.7783,0.4384,0.34,0
KM-113,18.64,53631,74.07,59.81,129934.7,93,0,0,0.0348,0.5489,0.1395,0.0,0.1773,0
KM-107,12.42,24516,69.62,96.99,152420.6,4,2,2,0.1154,0.3296,0.006,0.7711,0.2782,1
KM-110,78.88,43227,67.08,47.6,151338.5,88,4,0,0.8222,0.3972,0.132,0.0,0.4135,0
KM-109,7.87,14999,54.84,97.33,95637.4,80,1,1,0.0562,0.1612,0.5263,0.7809,0.3214,1
KM-107,72.35,75681,58.41,77.34,57392.4,14,1,3,0.5734,1.0,0.2844,0.2099,0.5495,1
KM-109,11.94,24903,71.63,100.98,151809.5,126,1,0,0.0643,0.1737,0.189,0.8851,0.2807,0
KM-106,58.79,72558,64.89,85.86,27631.0,141,2,1,0.4456,0.9438,0.2159,0.453,0.5257,0
KM-117,18.85,52433,57.33,76.21,115267.2,96,1,0,0.0855,0.5306,0.4507,0.1774,0.2882,1
KM-110,80.83,74489,54.86,46.3,70602.8,42,2,1,0.7534,0.9785,0.4684,0.0,0.602,0
KM-125,5.02,6439,50.57,59.57,76836.9,127,1,1,0.0525,0.1028,0.7678,0.0,0.1976,0
KM-109,93.97,30191,61.26,92.83,33566.4,25,0,1,0.8831,0.3118,0.1871,0.6524,0.5549,1
KM-107,10.24,34827,45.17,55.81,78795.4,89,3,0,0.1605,0.2872,0.9268,0.0,0.3133,0
KM-116,18.25,68292,59.72,76.34,164270.9,148,0,1,0.0333,0.8687,0.4332,0.1811,0.3517,0
KM-114,44.66,17992,43.63,76.54,61300.9,147,2,1,0.2995,0.1867,1.0,0.1869,0.3889,1
KM-101,64.87,24625,71.62,66.37,179427.1,35,0,1,0.4209,0.2508,0.0525,0.0,0.2205,0
KM-108,35.38,31513,68.7,65.14,89462.9,24,0,0,0.1252,0.2472,0.036,0.0,0.1128,0
KM-111,76.73,35334,66.12,104.31,166438.9,28,1,1,0.6388,0.3735,0.042,0.9803,0.5214,0
KM-121,9.08,12000,54.93,59.53,114008.5,85,2,1,0.1082,0.1381,0.5302,0.0,0.1784,0
KM-110,71.46,13213,66.3,51.56,23107.5,135,1,0,0.5606,0.0671,0.2025,0.0,0.2535,0
KM-106,27.41,11176,53.65,81.43,16181.4,70,2,1,0.1752,0.1322,0.5592,0.3265,0.2715,0
KM-119,84.36,70974,68.74,51.28,134236.0,27,0,2,0.7116,0.9956,0.0405,0.0,0.5061,0
KM-110,34.01,26846,74.79,62.88,59215.2,149,3,1,0.2657,0.2744,0.2235,0.0,0.2063,0
KM-115,24.16,77338,61.56,99.05,27647.8,62,3,1,0.2084,1.0,0.2308,0.8299,0.5351,0
KM-110,12.15,69288,57.43,100.61,111854.6,62,3,0,0.1648,0.806,0.3956,0.8745,0.5132,1
KM-113,88.63,2638,70.97,87.64,38009.1,117,5,0,1.0,0.006,0.1755,0.504,0.4874,1
KM-125,18.8,30592,42.62,81.77,105849.2,177,1,1,0.0853,0.3165,1.0,0.3364,0.3763,0
KM-108,22.78,47091,55.12,69.01,24690.7,14,2,0,0.1519,0.4516,0.4161,0.0,0.2493,0
KM-114,78.95,35447,73.03,53.88,15746.3,122,1,0,0.6733,0.2949,0.183,0.0,0.346,0
KM-124,13.97,41709,72.01,48.69,87829.7,9,1,2,0.0695,0.5365,0.0135,0.0,0.1611,0
KM-115,73.19,2859,54.26,90.53,51422.9,45,4,1,0.7357,0.0868,0.4971,0.5867,0.4959,0
KM-107,13.77,9704,67.75,56.08,84141.5,142,1,2,0.069,0.2022,0.213,0.0,0.1173,0
KM-111,16.84,3703,47.13,59.21,116706.3,95,0,0,0.0284,0.01,0.8574,0.0,0.1839,0
KM-105,19.24,67143,43.99,103.34,92719.4,70,3,3,0.187,1.0,0.9454,0.9527,0.6951,0
KM-102,7.94,20306,52.77,47.42,20124.5,75,3,0,0.1563,0.1279,0.6018,0.0,0.207,0
KM-107,72.15,12648,42.93,67.53,61952.7,158,2,0,0.6206,0.0629,1.0,0.0,0.4329,0
KM-111,18.59,56996,53.92,53.4,30697.6,156,3,0,0.1846,0.6014,0.6772,0.0,0.3504,0
KM-120,71.92,24606,53.4,78.18,153830.7,55,3,0,0.6673,0.1706,0.5464,0.2337,0.4322,1
KM-104,18.9,32712,65.25,97.78,104925.0,20,1,2,0.0857,0.4215,0.03,0.7937,0.3001,0
KM-117,71.01,34050,72.41,85.53,86615.1,82,3,1,0.6543,0.3577,0.123,0.4438,0.4318,0
KM-102,90.66,16129,59.4,68.28,61077.1,7,0,1,0.8219,0.1705,0.2345,0.0,0.3772,1
KM-109,43.4,17973,70.67,46.86,125611.9,125,4,0,0.3883,0.1065,0.1875,0.0,0.2,0
KM-116,5.92,53601,55.14,99.39,160580.3,12,4,0,0.2035,0.5484,0.4125,0.8398,0.4588,0
KM-104,61.66,8762,56.27,73.81,86040.5,84,4,1,0.5802,0.1162,0.4754,0.1089,0.349,1
KM-121,49.04,39739,43.96,99.4,128177.0,83,2,0,0.3405,0.3501,0.9659,0.8399,0.5679,0
KM-107,51.11,46955,67.71,95.12,32591.2,166,1,0,0.3112,0.4497,0.249,0.7178,0.4147,0
KM-116,32.64,35643,62.47,68.7,99894.5,127,2,1,0.2065,0.3774,0.2918,0.0,0.225,1
KM-124,49.34,61096,44.05,86.44,46004.1,10,1,1,0.2934,0.7474,0.8532,0.4697,0.5541,1
KM-102,15.18,1224,44.91,67.96,50898.7,73,2,1,0.123,0.0819,0.9129,0.0,0.2461,1
KM-125,33.68,76567,57.53,63.79,48829.1,20,2,0,0.2134,0.9363,0.3289,0.0,0.3746,0
KM-108,54.28,70583,55.21,49.05,162960.0,61,4,0,0.4946,0.8287,0.483,0.0,0.4769,0
KM-106,60.08,40678,56.49,68.89,26026.2,67,2,2,0.461,0.5226,0.4408,0.0,0.3801,0
KM-115,31.45,59340,66.5,74.12,84721.4,42,3,1,0.2489,0.7188,0.063,0.1177,0.303,0
KM-125,32.0,11754,73.68,54.9,125596.4,39,4,0,0.3024,0.0563,0.0585,0.0,0.1316,0
KM-102,35.82,26994,51.76,89.1,15304.0,83,1,0,0.1783,0.196,0.6542,0.5457,0.3514,1
KM-105,12.28,21237,70.0,64.31,153765.2,145,1,0,0.0651,0.1368,0.2175,0.0,0.1005,0
KM-116,14.72,60951,63.64,82.88,81004.4,91,2,1,0.1217,0.745,0.1909,0.368,0.3406,0
KM-121,84.59,21139,67.73,102.85,166492.1,158,0,3,0.7155,0.3758,0.237,0.9387,0.5795,1
KM-121,76.68,33542,73.33,65.3,125300.9,44,1,3,0.638,0.5115,0.066,0.0,0.3644,0
KM-108,61.15,61048,73.52,65.69,39634.8,169,2,0,0.474,0.6666,0.2535,0.0,0.3832,0
KM-105,65.14,67534,41.33,57.18,137534.3,16,1,0,0.4743,0.7756,0.9707,0.0,0.5541,1
KM-102,26.77,44840,71.86,64.6,35072.2,99,2,1,0.1717,0.4996,0.1485,0.0,0.2147,0
KM-117,31.67,71250,65.56,101.13,70908.9,72,3,0,0.2503,0.8405,0.108,0.8894,0.4972,0
KM-122,54.11,62767,49.26,93.85,112030.6,3,1,0,0.3427,0.695,0.6341,0.6815,0.5568,0
KM-108,29.92,23094,56.46,71.14,164531.7,172,5,1,0.3395,0.2351,0.5996,0.0325,0.304,1
KM-120,45.91,29609,47.59,77.05,136135.7,159,3,2,0.3608,0.3852,0.935,0.2013,0.4498,1
KM-114,55.92,70570,64.48,80.61,174318.7,176,2,3,0.4127,1.0,0.2846,0.3032,0.512,0
KM-102,86.31,9666,68.07,45.71,71762.1,48,2,0,0.8449,0.042,0.072,0.0,0.3206,0
KM-118,6.42,78128,48.87,57.73,51183.7,134,3,1,0.1541,1.0,0.8462,0.0,0.4732,0
KM-118,75.05,17645,46.88,51.86,18710.2,65,1,1,0.6132,0.1836,0.8221,0.0,0.4249,1
KM-121,10.22,41822,49.63,55.42,134129.7,109,6,0,0.3105,0.378,0.7783,0.0,0.3588,0
KM-107,55.41,68207,68.65,67.32,144913.3,69,1,0,0.357,0.7872,0.1035,0.0,0.3425,0
KM-106,93.6,22096,70.42,71.69,130619.9,127,2,1,0.976,0.2252,0.1905,0.0481,0.4456,0
KM-114,86.78,14839,62.75,74.51,48490.7,101,2,0,0.8531,0.0799,0.2417,0.1289,0.3926,0
KM-111,80.7,60573,40.29,54.1,136635.1,164,1,1,0.7012,0.7388,1.0,0.0,0.6301,0
KM-103,48.97,77395,67.42,93.11,98893.3,139,0,0,0.2398,0.9516,0.2085,0.6604,0.4956,1
KM-115,49.89,11941,45.26,76.82,100631.9,29,1,1,0.2989,0.1377,0.8331,0.195,0.3447,0
KM-109,20.77,53045,46.17,90.05,74163.4,124,2,0,0.1431,0.5399,0.939,0.5729,0.4875,0
KM-122,63.65,70292,62.14,102.47,106439.3,60,0,1,0.4051,0.9036,0.2044,0.9278,0.5941,0
KM-111,78.61,27720,69.2,82.56,94358.3,38,5,0,0.868,0.204,0.057,0.3589,0.438,1
KM-106,16.18,65309,54.63,63.92,13591.9,103,1,1,0.0762,0.8176,0.5693,0.0,0.3449,0
KM-117,34.95,38473,60.09,48.04,46483.6,101,1,1,0.1722,0.4135,0.3478,0.0,0.2332,0
KM-109,41.8,25650,46.16,98.08,20306.7,62,1,2,0.2247,0.3415,0.8467,0.8024,0.4939,1
KM-123,66.41,58370,43.25,99.36,140312.6,82,3,0,0.5911,0.6232,0.993,0.8389,0.7291,0
KM-124,15.95,6780,69.76,74.53,107458.2,3,4,0,0.2255,0.0247,0.0045,0.1293,0.1118,0
KM-120,26.49,2780,58.59,75.48,141203.9,2,0,1,0.0702,0.0865,0.2593,0.1565,0.1293,1
KM-117,26.38,67046,55.61,94.42,44241.5,153,6,1,0.3696,0.8472,0.605,0.6978,0.6017,0
KM-121,58.1,63072,52.71,82.89,12176.8,155,0,0,0.3375,0.7,0.724,0.3684,0.5116,1
KM-101,12.53,43532,70.23,66.11,54614.5,86,2,1,0.1157,0.4814,0.129,0.0,0.1866,0
KM-110,35.11,72750,71.24,95.66,155138.3,100,5,1,0.3733,0.9472,0.15,0.7331,0.5441,1
KM-125,14.98,52447,72.41,72.19,85936.3,93,0,0,0.0224,0.5308,0.1395,0.0625,0.181,0
KM-117,41.19,77717,51.74,103.29,83365.2,124,4,1,0.3697,1.0,0.7165,0.9511,0.7129,1
KM-106,61.42,2357,69.99,57.5,178703.7,145,1,0,0.4272,0.0051,0.2175,0.0,0.1943,0
KM-123,63.43,69407,46.31,59.65,90704.1,140,1,2,0.4523,0.9681,0.9576,0.0,0.5919,0
KM-104,16.47,19581,62.72,67.43,6852.6,136,2,2,0.1271,0.2811,0.295,0.0,0.1738,0
KM-121,23.35,53947,42.64,45.21,11285.0,52,4,0,0.2545,0.5538,0.9726,0.0,0.422,0
KM-110,11.84,69384,68.45,70.41,103126.5,109,1,1,0.064,0.8877,0.1635,0.0117,0.2794,0
KM-112,85.49,1028,71.07,99.1,146137.2,76,0,0,0.7309,0.0015,0.114,0.8315,0.4453,1
KM-102,5.51,79541,48.79,74.87,72182.9,168,1,0,0.053,0.9914,0.9004,0.1392,0.4743,0
KM-101,77.17,5580,69.9,102.68,46345.3,100,5,1,0.8455,0.0984,0.15,0.9338,0.5373,1
KM-116,59.97,41385,49.81,54.6,40541.9,169,1,1,0.4096,0.4521,0.861,0.0,0.4286,0
KM-106,7.51,14257,41.99,82.04,108619.3,4,0,1,0.0056,0.1552,0.9266,0.344,0.2949,0
KM-114,34.87,69973,71.84,77.66,126611.9,90,1,1,0.1716,0.898,0.135,0.2189,0.3553,0
KM-118,20.3,13143,64.41,93.86,174541.4,79,1,1,0.0912,0.1466,0.1422,0.6818,0.2334,0
KM-104,82.22,67881,41.68,51.71,145540.4,83,1,1,0.726,0.8616,1.0,0.0,0.6695,0
KM-118,21.95,48042,54.3,81.45,169868.2,141,2,4,0.1482,0.7854,0.6396,0.3271,0.4415,0
KM-104,47.64,62845,72.5,87.59,123497.5,110,0,0,0.2269,0.6963,0.165,0.5024,0.387,0
KM-104,66.71,65493,52.77,94.55,171189.3,27,2,0,0.545,0.7407,0.5297,0.7014,0.6221,0
KM-120,25.39,13755,47.17,74.4,57301.6,1,1,2,0.1145,0.2313,0.7147,0.1256,0.2659,0
KM-121,57.66,29424,44.05,49.75,59045.3,140,1,1,0.3825,0.3031,1.0,0.0,0.4096,0
KM-116,64.21,46667,57.99,51.64,72684.3,32,2,1,0.5123,0.5255,0.3286,0.0,0.3764,0
KM-117,47.65,59958,47.08,90.81,120553.7,76,3,2,0.377,0.8088,0.8308,0.5946,0.6193,0
KM-110,41.19,22702,66.4,45.9,5504.0,85,3,0,0.3197,0.1512,0.1275,0.0,0.1752,0
KM-121,72.04,64883,53.4,78.34,131805.0,159,4,4,0.7189,1.0,0.7023,0.2382,0.6897,1
KM-125,92.63,57941,73.37,71.75,10392.6,66,2,3,0.958,0.8564,0.099,0.05,0.5792,0
KM-114,68.34,68999,55.32,52.2,167570.9,154,1,2,0.5171,0.961,0.6181,0.0,0.5449,0
KM-110,85.08,8337,47.65,79.78,107476.7,45,2,0,0.8239,0.0336,0.7613,0.2796,0.505,0
KM-122,79.1,46097,49.14,88.96,34077.8,75,1,0,0.6756,0.4374,0.7469,0.5418,0.6035,0
KM-103,85.49,10406,51.09,86.93,94239.9,165,1,0,0.7808,0.0469,0.8039,0.4837,0.5425,0
KM-101,10.31,39554,52.16,70.22,84473.3,24,3,2,0.1606,0.5077,0.5496,0.0064,0.2943,0
KM-105,88.72,55715,74.25,52.89,104123.4,101,1,0,0.8371,0.5812,0.1515,0.0,0.4686,0
KM-123,39.59,27206,64.98,89.84,150048.5,47,1,1,0.2067,0.2783,0.0715,0.5668,0.2696,0
KM-109,16.67,24513,61.49,55.92,86948.9,56,2,1,0.1278,0.2496,0.2243,0.0,0.152,1
KM-117,52.72,22842,72.43,73.13,45562.1,19,2,1,0.378,0.2326,0.0285,0.0894,0.214,0
KM-116,20.98,72610,65.42,57.71,20764.2,105,0,0,0.044,0.8647,0.1575,0.0,0.2631,1
KM-123,68.56,19373,44.13,66.81,146997.7,18,3,0,0.62,0.1192,0.8618,0.0,0.4192,0
KM-125,68.14,52573,51.26,95.86,78803.7,167,0,2,0.4643,0.6927,0.8,0.7389,0.6435,1
KM-103,12.61,45765,52.88,62.41,174307.0,177,0,0,0.0159,0.4327,0.7503,0.0,0.2638,0
KM-123,37.35,39730,59.27,97.31,142930.3,2,2,0,0.2395,0.35,0.2322,0.7802,0.3738,0
KM-114,79.7,5416,46.49,45.21,157146.5,98,1,0,0.6853,0.0176,0.8876,0.0,0.4218,1
KM-119,65.48,50890,42.54,79.06,123133.6,100,2,1,0.5288,0.5874,1.0,0.2588,0.5837,1
KM-104,23.16,28847,59.77,86.92,131929.3,178,4,0,0.2536,0.2165,0.4762,0.4835,0.3348,0
KM-120,55.55,13446,59.07,88.02,19594.2,8,1,2,0.3586,0.2289,0.2493,0.5147,0.3355,0
KM-101,17.94,1253,72.56,73.25,155439.7,4,3,1,0.1822,0.082,0.006,0.0928,0.104,0
KM-106,16.08,34718,42.06,54.86,170979.1,92,0,2,0.0259,0.4459,1.0,0.0,0.3205,1
KM-102,5.35,67462,70.45,93.84,126569.2,127,2,1,0.1029,0.8544,0.1905,0.6813,0.4239,1
KM-125,70.78,46269,70.04,55.34,120410.6,170,2,0,0.601,0.4398,0.255,0.0,0.3713,0
KM-124,33.63,42686,65.73,101.9,127630.2,80,2,0,0.2131,0.3898,0.12,0.9113,0.3783,0
KM-103,31.66,54844,47.93,54.04,79546.8,144,2,0,0.2002,0.5676,0.8988,0.0,0.3917,0
KM-123,21.31,77539,53.23,71.25,27761.5,158,1,2,0.0954,1.0,0.7079,0.0358,0.4321,0
KM-102,51.75,30517,40.4,80.03,61022.9,8,3,2,0.4178,0.3956,0.9962,0.2864,0.5017,1
KM-113,43.55,71427,49.66,72.68,142166.4,28,1,3,0.2397,1.0,0.6555,0.0766,0.4803,0
KM-120,53.47,67474,74.84,102.42,119956.0,139,2,1,0.3859,0.8546,0.2085,0.9264,0.5757,0
KM-123,68.11,51984,41.84,74.21,111841.2,178,3,0,0.6139,0.5238,1.0,0.1202,0.5699,0
KM-103,46.74,25911,67.96,69.52,7727.3,177,3,0,0.3684,0.1843,0.2655,0.0,0.2281,0
KM-109,30.8,24258,63.35,99.15,151724.3,166,2,1,0.1949,0.247,0.3148,0.8329,0.3595,1
KM-119,59.45,49491,48.31,92.75,142168.4,155,4,0,0.5535,0.4866,0.9,0.65,0.6254,0
KM-111,78.02,57596,51.84,59.44,29559.2,179,4,1,0.8087,0.6909,0.7948,0.0,0.6147,0
KM-109,34.43,30016,56.54,62.0,139405.6,6,1,0,0.1685,0.2298,0.3474,0.0,0.1859,0
KM-123,5.63,34377,50.92,56.4,55664.9,88,0,0,0.0032,0.2817,0.6953,0.0,0.2106,0
KM-112,44.86,44912,69.6,70.12,163381.2,53,3,1,0.3513,0.5006,0.0795,0.0034,0.2647,1
KM-111,62.89,24190,52.51,79.79,41321.4,68,1,1,0.4455,0.2463,0.6017,0.2796,0.3937,0
KM-123,88.81,56004,68.7,46.6,106202.7,113,0,1,0.7887,0.6657,0.1695,0.0,0.4764,1
KM-108,35.3,41925,72.25,68.95,115426.8,46,0,1,0.1246,0.4594,0.069,0.0,0.1723,0
KM-107,60.55,57715,57.65,92.71,163287.9,12,0,1,0.3666,0.6928,0.3118,0.6487,0.4936,0
KM-113,9.29,67853,74.97,67.93,21721.4,169,0,1,0.0086,0.8611,0.2535,0.0,0.269,0
KM-106,47.13,15653,40.26,59.4,51783.3,126,0,0,0.2221,0.0865,1.0,0.0,0.2994,1
KM-103,21.53,31064,46.84,55.05,140162.9,163,1,1,0.0963,0.322,0.971,0.0,0.3084,0
KM-101,29.89,65613,60.32,83.44,25037.3,15,2,2,0.1893,0.9028,0.2096,0.384,0.4107,0
KM-113,86.51,41136,50.57,65.08,32395.3,163,1,2,0.7984,0.5287,0.8216,0.0,0.5759,0
KM-103,88.89,79540,45.29,88.56,53363.5,45,1,1,0.8401,1.0,0.8561,0.5303,0.8213,0
KM-115,41.33,30334,60.68,47.84,135769.1,166,3,0,0.3208,0.2335,0.422,0.0,0.2551,0
KM-104,94.99,46712,66.58,50.77,91784.4,27,1,1,0.9523,0.5262,0.0405,0.0,0.473,0
KM-116,90.06,9572,46.72,101.65,153618.8,133,4,0,1.0,0.0414,0.9307,0.9042,0.7273,0
KM-114,50.47,8478,61.48,47.82,34369.8,62,3,0,0.4048,0.0345,0.2338,0.0,0.197,0
KM-104,15.19,54940,48.0,70.18,156157.7,127,1,2,0.0731,0.7291,0.8705,0.0051,0.383,1
KM-110,9.48,36933,41.23,101.93,17552.8,158,3,3,0.159,0.5537,1.0,0.9122,0.5765,1
KM-111,74.61,60387,66.63,103.97,120061.7,130,1,0,0.6066,0.6558,0.195,0.9706,0.6094,0
KM-117,43.33,36413,49.44,94.67,42887.7,101,0,0,0.1878,0.3071,0.7737,0.7047,0.4382,0
KM-101,60.02,76056,62.72,72.2,157653.7,132,1,1,0.4103,1.0,0.289,0.063,0.464,0
KM-121,88.2,21962,61.33,51.94,89374.4,102,1,0,0.828,0.1438,0.2998,0.0,0.3857,0
KM-121,48.4,50771,42.86,100.24,112797.0,56,1,0,0.2843,0.5056,0.9695,0.864,0.5926,0
KM-121,15.38,72848,42.45,68.99,47568.6,150,0,1,0.0236,0.9489,1.0,0.0,0.4455,0
KM-113,58.63,68319,73.31,65.11,117124.4,72,3,2,0.4938,0.9492,0.108,0.0,0.4317,1
KM-107,71.7,70155,40.79,79.7,178228.8,82,2,1,0.614,0.9012,1.0,0.2771,0.6956,0
KM-101,73.96,9595,68.57,53.65,86069.3,179,1,1,0.5971,0.1215,0.2685,0.0,0.2931,0
KM-110,39.62,17545,59.37,68.55,104092.8,108,1,1,0.207,0.1827,0.3872,0.0,0.1956,0
KM-104,45.42,68798,48.44,100.33,29233.9,85,1,0,0.2563,0.7975,0.7899,0.8666,0.6204,0
KM-118,39.38,18435,63.91,73.19,97268.2,21,2,0,0.2551,0.1106,0.0752,0.0911,0.1502,0
KM-118,22.34,13179,41.25,69.84,77573.9,147,3,0,0.1999,0.0669,1.0,0.0,0.2867,0
KM-121,32.19,12188,67.79,61.14,77891.2,175,1,0,0.1536,0.0595,0.2625,0.0,0.1211,0
KM-124,8.12,11684,74.73,95.45,89471.6,14,2,0,0.1066,0.0558,0.021,0.7271,0.2009,1
KM-110,79.83,10307,42.63,100.69,71430.9,20,2,0,0.7373,0.0462,0.9247,0.8767,0.6299,0
KM-108,66.2,71787,61.3,71.53,54665.2,139,4,0,0.6383,0.85,0.3563,0.0438,0.5159,1
KM-115,51.5,37774,60.07,62.69,66633.4,141,0,0,0.2652,0.3245,0.4087,0.0,0.2557,0
KM-119,13.27,76065,56.77,75.51,83372.4,64,2,1,0.1176,1.0,0.4252,0.1574,0.4077,0
KM-102,37.41,40055,42.86,61.95,56956.6,30,2,0,0.2399,0.3543,0.9304,0.0,0.3586,1
KM-106,41.13,42562,59.03,94.0,60370.6,23,3,1,0.3192,0.4681,0.2734,0.6857,0.4206,0
KM-102,7.78,13773,58.24,84.39,56120.8,62,2,1,0.1061,0.1514,0.3633,0.4111,0.2299,0
KM-125,86.13,41289,65.04,86.9,84825.2,128,0,0,0.7418,0.3708,0.192,0.4829,0.4873,0
KM-115,54.7,18694,57.99,68.58,118964.1,124,0,1,0.2992,0.193,0.4662,0.0,0.2462,1
KM-118,51.79,45116,65.83,101.87,7821.0,173,0,0,0.2682,0.4235,0.2595,0.9107,0.4338,0
KM-113,15.67,79831,52.08,82.93,98988.0,139,3,0,0.1745,0.9968,0.7253,0.3695,0.5293,0
KM-110,64.68,50377,55.19,79.16,33316.0,87,1,2,0.4683,0.6597,0.5229,0.2617,0.4858,0
KM-104,83.76,66922,67.37,65.64,102150.8,46,2,2,0.8016,0.9251,0.069,0.0,0.5256,0
KM-120,77.01,24438,73.35,56.19,53452.5,148,3,0,0.7431,0.1688,0.222,0.0,0.3467,0
KM-115,47.06,54519,40.62,75.26,166429.1,107,1,0,0.2715,0.5626,1.0,0.1503,0.4657,0
KM-110,25.3,40310,53.74,70.07,160055.1,64,3,1,0.214,0.4377,0.5464,0.0019,0.294,0
KM-121,39.29,57690,62.42,70.04,61379.4,179,2,0,0.2544,0.6124,0.3719,0.0011,0.3167,0
KM-123,67.26,58183,74.48,67.03,47780.3,27,0,2,0.4524,0.7802,0.0405,0.0,0.3615,0
KM-119,53.34,27067,73.85,64.28,140837.8,24,0,0,0.2845,0.1968,0.036,0.0,0.156,0
KM-124,37.4,38479,44.12,80.58,42422.6,82,3,0,0.2899,0.3336,0.958,0.3024,0.4369,1
KM-106,56.9,74331,56.24,72.58,165615.9,153,2,1,0.4237,0.9756,0.5798,0.0739,0.5229,0
KM-111,19.19,58054,67.15,69.27,85672.5,150,1,1,0.0868,0.6982,0.225,0.0,0.2499,0
KM-122,23.12,3732,45.52,57.07,54229.0,143,0,1,0.0535,0.0901,0.9938,0.0,0.24,0
KM-125,16.33,57255,43.33,65.57,96646.1,103,2,1,0.1267,0.6855,1.0,0.0,0.4157,1
KM-115,89.47,68632,67.04,51.71,87720.9,37,1,2,0.8505,0.9546,0.0555,0.0,0.5474,1
KM-112,22.75,74670,55.31,61.67,12022.7,91,1,1,0.1017,0.9817,0.5242,0.0,0.3859,0
KM-110,61.76,35929,74.26,64.86,90943.0,114,3,1,0.5314,0.381,0.171,0.0,0.3154,0
KM-113,87.4,29843,54.24,54.65,57722.3,98,1,1,0.8139,0.3078,0.5774,0.0,0.4773,0
KM-116,77.49,63296,61.48,82.88,102708.5,73,1,1,0.6505,0.7838,0.2504,0.3681,0.5473,0
KM-103,67.54,59940,64.18,102.0,165629.1,124,1,1,0.5061,0.7285,0.2187,0.9144,0.5859,1
KM-105,52.86,72373,49.91,54.33,22708.5,31,0,1,0.2794,0.9405,0.6502,0.0,0.463,0
KM-120,90.57,66920,42.27,53.0,154932.6,158,2,0,0.9203,0.7651,1.0,0.0,0.7134,0
KM-115,79.14,46367,72.55,60.45,155934.8,51,2,0,0.7264,0.4412,0.0765,0.0,0.3798,0
KM-120,85.18,20931,41.36,94.28,75985.9,99,3,1,0.8755,0.2138,1.0,0.6936,0.6986,0
KM-102,65.79,23438,42.53,60.28,140920.0,134,2,1,0.5328,0.2386,1.0,0.0,0.4461,1
KM-117,82.29,3772,62.29,102.24,172790.4,100,2,0,0.7771,0.0102,0.2586,0.9211,0.5105,1
KM-118,19.8,52968,45.84,99.35,118342.8,2,2,1,0.1392,0.6187,0.7692,0.8386,0.525,1
KM-108,76.09,10488,72.05,76.12,40730.2,108,4,2,0.779,0.2075,0.162,0.1748,0.3919,1
KM-107,65.56,69977,50.42,57.32,11221.1,98,1,0,0.4798,0.8181,0.7301,0.0,0.5185,0
KM-108,92.65,59882,59.25,99.19,6144.9,41,0,1,0.8584,0.7276,0.2915,0.8341,0.7075,1
KM-125,42.58,37094,61.98,97.71,9869.5,149,1,0,0.2313,0.3157,0.3442,0.7918,0.3871,0
KM-119,52.35,77157,69.62,97.08,64302.1,172,1,1,0.324,1.0,0.258,0.7736,0.5697,1
KM-118,71.88,12159,49.88,98.91,177033.1,162,2,0,0.6167,0.0593,0.8478,0.826,0.5654,0
KM-114,17.73,12195,46.88,77.23,179872.8,89,0,0,0.0314,0.0595,0.8583,0.2064,0.2388,0
KM-123,30.73,57465,73.33,78.14,98089.3,148,0,1,0.0944,0.6888,0.222,0.2326,0.2962,0
KM-116,18.42,28527,50.83,45.74,126321.0,106,1,0,0.0839,0.2129,0.7256,0.0,0.2277,1
KM-108,74.86,62816,74.43,98.11,88183.1,38,3,1,0.7104,0.7758,0.057,0.803,0.6146,0
KM-101,71.54,58636,56.14,54.06,43958.7,77,1,0,0.5618,0.6275,0.4701,0.0,0.4475,0
KM-118,51.04,30254,45.54,81.47,123920.5,161,0,0,0.2605,0.2326,1.0,0.3277,0.4149,0
KM-105,65.54,24226,47.2,83.94,80397.0,95,1,1,0.4795,0.2466,0.8547,0.3984,0.4801,0
KM-117,43.75,66167,53.07,84.33,14485.6,124,1,0,0.2414,0.7522,0.6633,0.4094,0.4871,0
KM-108,29.36,57643,62.17,79.08,85843.2,69,1,1,0.1362,0.6916,0.2167,0.2595,0.3158,0
KM-110,70.11,8155,62.45,87.22,30942.4,4,2,1,0.5915,0.1125,0.1079,0.4919,0.3551,0
KM-113,60.19,41225,71.53,100.83,106598.3,46,2,1,0.4622,0.4499,0.069,0.8808,0.4642,0
KM-102,79.12,71339,64.92,45.87,103583.6,48,0,1,0.626,0.9221,0.0753,0.0,0.4647,1
KM-102,53.61,12605,42.54,53.27,101615.6,143,5,0,0.5374,0.0625,1.0,0.0,0.4037,0
KM-101,51.37,32545,63.64,65.01,157889.8,129,0,2,0.2638,0.4195,0.2479,0.0,0.2468,0
KM-113,61.53,54430,68.3,74.4,122853.5,69,1,0,0.4286,0.5612,0.1035,0.1257,0.3361,0
KM-105,39.89,18005,51.58,76.5,41207.5,41,3,0,0.3091,0.1068,0.5982,0.1858,0.2917,1
KM-108,81.28,50513,71.28,68.57,112945.3,174,2,1,0.7606,0.5817,0.261,0.0,0.4639,0
KM-113,58.29,53198,73.6,52.82,37105.8,137,4,2,0.5398,0.7023,0.2055,0.0,0.4056,0
KM-107,36.28,20023,59.34,62.92,66194.9,84,2,2,0.2316,0.2852,0.3523,0.0,0.2228,0
KM-108,32.83,63493,51.83,51.4,56467.2,177,1,0,0.1578,0.7071,0.7923,0.0,0.3905,1
KM-114,70.23,76260,61.14,46.19,134807.1,107,1,1,0.5432,1.0,0.3148,0.0,0.5031,0
KM-107,82.38,76171,64.59,51.21,124599.5,77,0,0,0.6787,0.9291,0.1317,0.0,0.4962,0
KM-113,56.75,3794,49.11,87.92,9557.6,162,2,0,0.422,0.0103,0.8786,0.5121,0.4284,0
KM-118,23.35,72254,62.62,59.87,63193.6,96,0,3,0.0545,1.0,0.2392,0.0,0.3169,0
KM-108,93.82,51369,47.93,49.98,36247.1,71,1,1,0.9303,0.5945,0.7892,0.0,0.6321,0
KM-108,7.89,71660,50.91,62.05,153122.3,150,2,1,0.1062,0.9278,0.7885,0.0,0.4268,0
KM-117,8.05,23916,55.98,47.62,16107.7,4,1,0,0.0565,0.1635,0.3668,0.0,0.134,0
KM-119,15.13,45236,61.08,46.17,21374.7,121,1,2,0.0729,0.5852,0.3382,0.0,0.2394,0
KM-121,91.48,17442,68.32,67.09,126717.8,174,3,2,0.9869,0.2618,0.261,0.0,0.4631,0
KM-106,61.56,54632,48.44,88.02,18490.2,140,2,1,0.479,0.6443,0.8722,0.5149,0.6062,1
KM-125,78.56,60044,58.64,87.92,54593.4,177,3,3,0.7672,0.8902,0.5197,0.512,0.6974,0
KM-107,62.92,73747,71.61,92.31,133200.2,112,3,1,0.546,0.9651,0.168,0.6374,0.5934,1
KM-108,88.73,27142,56.08,77.33,85191.0,129,1,0,0.8373,0.1976,0.5505,0.2096,0.4945,1
KM-111,8.32,22266,67.28,73.05,29195.6,178,1,2,0.0569,0.3068,0.267,0.087,0.1674,0
KM-109,11.36,11433,65.49,81.85,69194.1,128,1,2,0.0629,0.214,0.192,0.3387,0.1817,1
KM-102,24.71,63764,43.77,67.33,16046.6,3,1,1,0.111,0.7916,0.8535,0.0,0.4075,0
KM-110,82.33,62284,51.32,66.6,59740.1,95,0,1,0.6778,0.767,0.6896,0.0,0.5669,1
KM-105,69.56,57262,50.48,89.33,33628.2,91,3,2,0.6338,0.7656,0.7175,0.5522,0.6672,0
KM-121,11.36,39831,49.33,69.03,37659.5,72,3,1,0.1629,0.4313,0.7348,0.0,0.3118,0
KM-102,90.06,66121,55.18,75.23,133201.4,161,0,1,0.8111,0.8314,0.6344,0.1496,0.6485,1
KM-112,78.52,30844,68.0,74.68,14019.1,17,1,1,0.6665,0.3194,0.0255,0.1338,0.345,1
KM-119,30.05,21650,52.03,57.48,21980.3,9,0,1,0.0903,0.2208,0.5322,0.0,0.1932,0
KM-120,46.7,4079,41.85,54.83,50096.4,46,0,2,0.218,0.1715,0.995,0.0,0.3182,0
KM-117,63.92,2823,40.58,104.35,46765.0,160,1,2,0.4585,0.1666,1.0,0.9814,0.5984,0
KM-120,37.53,27234,56.57,72.45,179039.2,9,0,1,0.1409,0.2786,0.3508,0.07,0.2031,0
KM-124,64.01,17821,47.95,84.01,179567.0,81,2,4,0.5097,0.4251,0.8037,0.4004,0.5255,1
KM-113,10.41,64010,55.3,69.12,37173.0,42,1,1,0.0608,0.7957,0.4508,0.0,0.3104,0
KM-121,48.1,66021,55.81,87.65,19209.4,67,2,0,0.3314,0.7497,0.4679,0.5043,0.4979,0
KM-122,84.55,37006,73.54,85.71,126974.6,139,2,1,0.8149,0.3946,0.2085,0.4489,0.5153,1
KM-104,44.98,46520,47.27,95.57,41743.8,87,2,0,0.3023,0.4434,0.8395,0.7306,0.5307,0
KM-108,33.16,64325,40.07,63.82,166905.8,80,2,0,0.21,0.721,1.0,0.0,0.4537,0
KM-122,86.42,73367,54.55,62.7,114648.2,105,1,0,0.7969,0.8782,0.5754,0.0,0.6135,0
KM-111,72.56,9223,70.91,90.52,59270.2,68,3,1,0.6765,0.1191,0.102,0.5862,0.4042,0
KM-117,26.44,1801,74.38,93.39,167541.5,38,1,2,0.1199,0.1634,0.057,0.6682,0.2278,0
KM-101,17.68,21704,72.17,57.99,30265.7,168,0,1,0.0313,0.2213,0.252,0.0,0.1167,0
KM-121,56.74,27873,54.93,95.99,46717.4,87,1,1,0.372,0.2857,0.5332,0.7425,0.4568,1
KM-101,57.11,42276,40.65,70.86,52052.4,170,0,0,0.3262,0.3842,1.0,0.0244,0.4151,0
KM-122,55.47,2769,61.67,97.09,12650.2,5,0,1,0.3077,0.0864,0.1406,0.7739,0.3122,1
KM-112,22.53,59651,63.35,88.09,27475.3,161,1,0,0.1008,0.6439,0.3073,0.517,0.3611,0
KM-119,56.79,34933,52.41,53.91,93592.6,26,1,3,0.3725,0.5285,0.5427,0.0,0.371,0
KM-104,73.51,21936,55.23,95.54,97600.5,154,1,1,0.5903,0.2236,0.6216,0.7296,0.5328,1
KM-109,80.48,36680,71.27,95.98,62774.0,45,2,2,0.7478,0.4705,0.0675,0.7422,0.5413,0
KM-110,58.14,9156,41.59,57.86,33159.6,148,0,0,0.338,0.0387,1.0,0.0,0.328,0
KM-118,19.27,26448,57.91,55.59,101362.7,70,3,1,0.1871,0.2701,0.3885,0.0,0.2107,0
KM-122,13.38,23798,63.48,89.29,78040.4,114,1,0,0.0679,0.1622,0.2317,0.5513,0.2209,0
KM-112,69.85,18399,65.41,95.1,36416.2,167,2,0,0.5879,0.1103,0.2505,0.717,0.4269,0
KM-116,37.58,73461,57.74,84.85,84010.4,69,2,0,0.2412,0.8799,0.3937,0.4242,0.468,0
KM-101,45.92,20302,56.33,58.3,143473.0,106,2,0,0.3108,0.1278,0.5058,0.0,0.2419,0
KM-106,28.9,73015,58.27,57.51,156962.0,52,2,0,0.1835,0.8719,0.3473,0.0,0.3517,0
KM-103,68.94,26054,41.78,72.78,55294.3,157,3,0,0.6252,0.1859,1.0,0.0794,0.4812,1
KM-121,38.97,55940,58.59,60.08,75105.1,86,2,1,0.2519,0.6647,0.3853,0.0,0.3314,0
KM-117,67.33,1433,54.3,98.33,13511.0,56,0,1,0.4533,0.0824,0.5119,0.8095,0.4435,0
KM-122,67.21,28283,54.12,95.5,85667.9,136,2,1,0.5517,0.2902,0.6392,0.7286,0.5392,0
KM-122,28.88,74180,50.07,81.21,86133.7,46,0,0,0.0834,0.8929,0.6661,0.3202,0.4497,0
KM-110,52.85,32029,71.24,55.8,67861.3,109,0,0,0.2793,0.2533,0.1635,0.0,0.1938,0
KM-124,84.5,16531,47.97,83.07,95096.2,36,0,1,0.7141,0.1739,0.7353,0.3733,0.5151,0
KM-116,76.37,76149,54.56,67.22,107690.6,126,0,0,0.5833,0.9287,0.6067,0.0,0.5577,1
KM-109,18.17,33940,48.4,75.97,137334.5,85,2,1,0.133,0.3563,0.7915,0.1706,0.3281,0
KM-101,26.74,36783,62.91,65.5,130745.9,123,3,1,0.2215,0.3918,0.2681,0.0,0.2291,0
KM-117,68.11,8649,41.75,104.44,139407.9,34,3,0,0.6139,0.0355,0.981,0.9841,0.6168,0
KM-125,84.35,51211,40.32,92.98,125407.0,110,2,1,0.8115,0.5922,1.0,0.6567,0.7634,0
KM-114,55.78,55805,66.02,82.68,169661.2,102,3,0,0.4612,0.5826,0.153,0.3622,0.4101,1
KM-115,11.5,37295,43.41,63.55,169421.3,167,0,2,0.0132,0.4783,1.0,0.0,0.3242,0
KM-125,26.71,9633,69.71,46.39,141757.0,21,0,1,0.0714,0.1218,0.0315,0.0,0.0617,0
KM-114,77.57,17621,44.25,51.32,49123.8,56,4,1,0.8017,0.1834,0.914,0.0,0.5092,1
KM-105,11.06,72623,68.28,62.92,142301.1,46,2,1,0.1122,0.9449,0.069,0.0,0.2893,0
KM-106,76.94,7668,62.92,72.67,149593.5,148,1,0,0.642,0.0297,0.3052,0.0762,0.3084,0
KM-115,6.77,34271,71.29,104.66,30296.6,40,1,1,0.0546,0.3604,0.06,0.9903,0.3193,0
KM-108,37.38,19895,56.04,77.19,160574.3,116,0,1,0.1397,0.204,0.5324,0.2055,0.2475,0
KM-106,84.53,79494,69.57,53.13,108573.3,15,3,1,0.8646,1.0,0.0225,0.0,0.5571,0
KM-125,11.04,10022,73.31,98.96,149186.6,58,0,1,0.0122,0.1243,0.087,0.8274,0.2182,0
KM-116,69.32,48288,49.72,51.04,164516.3,155,0,0,0.4805,0.4689,0.8437,0.0,0.4542,1
KM-104,73.12,75623,64.37,95.57,33777.4,4,0,3,0.5347,1.0,0.0311,0.7306,0.5895,1
KM-101,87.77,22583,58.58,86.13,90301.7,164,0,0,0.7703,0.15,0.5028,0.4608,0.4998,1
KM-123,85.49,17356,61.63,87.55,112150.1,75,3,0,0.8808,0.1011,0.2473,0.5014,0.4833,1
KM-107,61.18,21232,41.09,69.14,49476.2,88,0,2,0.3742,0.2967,1.0,0.0,0.4052,0
KM-106,68.23,15803,74.93,60.14,26106.4,10,0,2,0.4656,0.2478,0.015,0.0,0.2279,0
KM-101,50.41,77635,40.05,96.22,120630.7,145,3,1,0.4041,1.0,1.0,0.749,0.7412,0
KM-125,20.56,78312,41.69,104.15,158224.9,24,1,1,0.0923,1.0,0.9684,0.9756,0.6711,0
KM-109,5.58,54897,67.76,86.68,67311.3,139,1,0,0.0531,0.5684,0.2085,0.4766,0.2977,0
KM-124,6.79,13725,55.82,70.69,168412.3,23,1,0,0.0546,0.0711,0.4017,0.0196,0.1211,0
KM-118,64.95,67228,49.73,46.24,54865.6,162,4,2,0.6219,0.9304,0.8538,0.0,0.621,1
KM-122,46.0,34530,74.37,47.63,118382.6,95,0,0,0.2116,0.2836,0.1425,0.0,0.1735,1
KM-118,92.65,69854,68.7,48.97,81332.4,101,3,0,1.0,0.8159,0.1515,0.0,0.5843,0
KM-116,13.48,41482,40.64,101.02,17780.5,179,0,0,0.0182,0.3734,1.0,0.8863,0.477,0
KM-108,45.63,77372,47.53,86.1,155651.0,124,2,1,0.3082,1.0,0.8847,0.4599,0.6268,0
KM-118,55.12,59834,62.12,103.0,61610.3,177,0,3,0.3038,0.8868,0.3808,0.9429,0.5928,0
KM-101,76.33,55505,49.69,99.69,11153.5,77,1,1,0.6326,0.6579,0.7281,0.8483,0.7011,1
KM-117,49.79,49781,52.57,57.21,41579.5,61,2,1,0.3479,0.5709,0.5888,0.0,0.3822,1
KM-123,43.99,33052,40.93,83.29,155797.1,88,3,0,0.3435,0.2656,1.0,0.3798,0.4626,1
KM-110,17.82,43819,68.99,47.28,34453.4,93,2,1,0.1317,0.4854,0.1395,0.0,0.1954,0
KM-109,25.2,13827,57.14,80.78,134569.1,6,0,0,0.0635,0.0719,0.3234,0.308,0.1665,0
KM-117,27.11,14485,48.94,95.19,89850.8,27,1,0,0.1235,0.077,0.683,0.7198,0.343,1
KM-118,32.57,37391,62.18,79.65,90206.0,1,0,1,0.1061,0.3995,0.1142,0.2756,0.215,0
KM-103,60.78,72266,62.65,100.18,50168.4,69,0,1,0.3694,0.9386,0.1975,0.8624,0.5759,0
KM-112,88.12,45122,63.4,101.05,161405.9,46,0,0,0.7765,0.4236,0.133,0.8872,0.5817,0
KM-104,15.77,48426,51.08,47.65,93757.7,48,1,4,0.0749,0.791,0.6289,0.0,0.3497,1
KM-121,69.34,13224,66.11,69.03,79026.1,54,1,0,0.5308,0.0672,0.081,0.0,0.2188,0
KM-106,37.78,79792,50.62,89.96,155932.7,120,1,1,0.1927,1.0,0.7553,0.5702,0.5825,1
KM-108,21.37,32768,55.16,101.48,69031.0,62,2,1,0.1457,0.3421,0.4867,0.8995,0.4138,0
KM-110,45.0,48416,56.81,96.34,32075.9,6,1,0,0.2525,0.4708,0.3365,0.7526,0.4239,0
KM-119,16.37,78730,56.73,46.39,178395.3,169,2,1,0.1268,1.0,0.5843,0.0,0.4112,1
KM-107,93.91,16396,55.73,84.56,133894.9,19,1,0,0.9319,0.0928,0.3993,0.416,0.5124,0
KM-109,8.52,76949,50.51,75.59,27340.8,159,2,1,0.1073,1.0,0.8182,0.1598,0.4831,1
KM-112,23.1,63172,58.19,45.57,135210.9,177,1,1,0.1034,0.7817,0.5381,0.0,0.3392,0
KM-102,6.71,44142,64.95,97.81,56881.8,43,1,2,0.0545,0.5699,0.0665,0.7945,0.3337,0
KM-123,24.99,71190,57.56,79.95,84533.2,62,0,0,0.0624,0.8394,0.3907,0.2842,0.3667,1
KM-122,52.38,63151,74.77,78.34,147552.1,98,2,1,0.3743,0.7814,0.147,0.2383,0.4034,0
KM-115,32.18,33098,70.92,52.43,119154.7,151,3,0,0.2536,0.2661,0.2265,0.0,0.2006,0
KM-120,17.03,38595,70.14,82.25,59047.9,135,1,0,0.079,0.3351,0.2025,0.3499,0.2219,0
KM-114,83.47,25619,68.77,91.66,19739.9,16,4,0,0.8968,0.1812,0.024,0.6189,0.4878,0
KM-109,51.43,30734,70.09,80.01,47685.5,160,3,1,0.4145,0.3181,0.24,0.2859,0.3298,0
KM-118,72.91,59033,42.45,72.36,53818.1,17,2,0,0.6315,0.6339,0.9275,0.0674,0.5785,0
KM-103,90.0,38210,43.34,86.77,89385.5,171,0,2,0.81,0.4901,1.0,0.4791,0.7018,0
KM-115,10.31,69641,64.71,92.83,5152.8,45,1,1,0.0606,0.8922,0.0791,0.6523,0.3905,0
KM-106,66.94,49531,70.3,104.45,178253.8,88,0,2,0.4481,0.6472,0.132,0.9843,0.5419,0
KM-116,60.51,3349,62.34,68.43,161595.0,30,2,0,0.4662,0.0086,0.1512,0.0,0.1956,0
KM-113,94.47,10615,71.29,66.74,59317.2,25,2,2,0.9924,0.2083,0.0375,0.0,0.4069,0
KM-109,44.52,1417,63.07,48.73,35529.1,178,1,0,0.2482,0.0024,0.3442,0.0,0.1563,0
KM-119,61.99,26296,70.01,85.29,119350.6,84,0,0,0.3843,0.1885,0.126,0.4368,0.2942,0
KM-102,64.86,47785,42.33,86.5,98322.1,152,5,1,0.6707,0.5416,1.0,0.4714,0.6644,1
KM-116,74.52,41290,47.48,71.48,119794.5,12,4,1,0.7553,0.4508,0.7189,0.0422,0.5293,0
KM-111,79.37,72093,49.9,86.0,63848.3,23,1,1,0.6799,0.9355,0.6384,0.4571,0.691,1
KM-124,63.24,79573,50.93,56.29,69949.3,160,2,1,0.4999,1.0,0.8026,0.0,0.5855,0
KM-112,46.56,20689,62.74,62.86,61252.2,130,2,0,0.3167,0.1315,0.2855,0.0,0.2008,0
KM-124,19.91,76480,73.78,67.63,41571.9,64,1,1,0.0896,1.0,0.096,0.0,0.3006,0
KM-102,64.77,54693,50.92,95.72,57938.8,175,3,1,0.5695,0.6453,0.8257,0.7348,0.6727,1
KM-113,14.57,32779,69.69,62.86,56532.8,75,0,0,0.0212,0.2623,0.1125,0.0,0.0955,0
KM-105,56.45,46371,42.2,81.49,38100.8,132,1,0,0.3687,0.4413,1.0,0.3283,0.505,1
KM-123,41.55,27974,73.02,65.94,178535.1,103,2,0,0.2726,0.2068,0.1545,0.0,0.178,0
KM-122,81.88,13447,64.12,78.8,119143.9,52,1,0,0.7204,0.0689,0.1132,0.2513,0.3423,1
KM-108,16.37,18196,64.49,88.61,58786.0,103,1,0,0.0768,0.1085,0.1747,0.5316,0.1953,0
KM-123,53.39,36565,58.21,93.38,58578.6,110,0,1,0.285,0.389,0.4367,0.668,0.418,0
KM-101,77.13,60970,42.72,57.45,24186.9,56,0,2,0.5949,0.8253,0.9753,0.0,0.6096,0
KM-115,57.45,54345,71.45,98.84,77278.8,104,2,1,0.4301,0.6399,0.156,0.824,0.5065,0
KM-101,57.22,61807,57.53,61.68,131375.3,96,0,0,0.3274,0.6791,0.4426,0.0,0.3729,1
KM-105,79.62,9778,52.63,88.63,163167.9,110,0,2,0.6339,0.2027,0.6598,0.5324,0.511,1
KM-122,21.74,51949,65.66,71.16,73694.1,20,0,0,0.0473,0.5233,0.03,0.033,0.16,0
KM-118,87.83,39412,66.72,95.23,165360.2,146,2,2,0.8714,0.5058,0.219,0.7209,0.6194,1
KM-108,33.09,64287,59.98,94.26,166482.1,142,2,1,0.2095,0.8004,0.414,0.6931,0.4948,0
KM-113,62.4,43089,58.7,93.96,91833.9,7,0,1,0.3893,0.4753,0.2625,0.6845,0.4445,0
KM-120,72.93,43153,45.63,56.65,31048.4,117,1,0,0.5819,0.3962,0.9503,0.0,0.4928,0
KM-101,57.51,52546,55.26,73.19,160516.4,43,1,0,0.3807,0.5323,0.4542,0.0913,0.3754,0
KM-125,9.27,5768,74.24,75.02,6551.1,33,1,2,0.0586,0.1794,0.0495,0.1433,0.1039,0
KM-117,93.61,72227,61.43,66.03,154590.6,76,1,2,0.9263,1.0,0.2566,0.0,0.6255,1
KM-102,40.32,22122,74.37,56.22,40593.4,17,1,1,0.2126,0.2254,0.0255,0.0,0.1359,0
KM-105,78.42,32537,52.02,98.35,44685.3,50,1,1,0.665,0.3394,0.5943,0.81,0.5985,0
KM-117,38.09,7044,55.86,71.51,62699.3,39,1,1,0.1951,0.1061,0.4242,0.0431,0.1883,0
KM-123,86.17,37421,64.4,52.58,102186.0,80,3,0,0.8925,0.3199,0.144,0.0,0.4212,1
KM-114,30.25,52670,54.55,86.07,74553.9,67,2,0,0.1915,0.5342,0.5185,0.4593,0.3961,0
KM-106,17.55,29199,40.83,78.7,68772.4,134,0,1,0.0308,0.3005,1.0,0.2486,0.3356,0
KM-112,88.86,57052,50.9,68.08,36919.3,158,2,0,0.8896,0.6022,0.8012,0.0,0.6221,0
KM-104,60.58,18688,67.24,97.75,63840.0,47,2,2,0.467,0.2729,0.0705,0.793,0.4044,0
KM-113,70.18,10134,63.83,60.86,12844.3,59,0,0,0.4925,0.0451,0.1354,0.0,0.2107,0
KM-106,11.78,61784,45.97,99.98,32237.1,3,3,0,0.1639,0.6787,0.7656,0.8566,0.5515,1
KM-112,17.42,65746,56.39,88.85,82501.0,72,4,0,0.2303,0.745,0.4525,0.5387,0.4651,0
KM-104,74.06,61014,46.64,77.73,54111.5,112,0,1,0.5485,0.7461,0.9023,0.2209,0.6031,0
KM-121,53.87,2811,67.67,71.15,103671.4,59,1,1,0.3402,0.0866,0.0885,0.0327,0.165,0
KM-111,52.53,27029,45.4,72.13,79078.4,174,4,1,0.476,0.2764,1.0,0.0607,0.4478,0
KM-124,89.51,57534,43.36,80.28,38055.3,141,1,0,0.8512,0.6099,1.0,0.2938,0.7091,1
KM-102,61.04,12604,64.54,63.6,95320.6,126,1,0,0.4226,0.0625,0.2074,0.0,0.205,0
KM-118,27.47,29361,54.53,54.25,14304.5,56,1,0,0.1255,0.2223,0.5028,0.0,0.2,0
KM-114,27.51,48917,46.75,59.63,154053.6,17,0,1,0.0757,0.5581,0.7556,0.0,0.3171,0
KM-117,73.29,57581,56.74,89.06,128315.8,162,1,0,0.5871,0.6106,0.5735,0.5445,0.5817,0
KM-105,62.77,18959,52.41,62.22,79862.2,87,1,3,0.444,0.3554,0.6341,0.0,0.3711,0
KM-109,88.52,13341,71.14,54.58,86360.9,129,2,0,0.8836,0.0681,0.1935,0.0,0.365,0
KM-102,51.27,74732,55.87,95.97,170885.2,19,2,1,0.3629,0.9829,0.3936,0.7419,0.5998,0
KM-118,46.05,49077,44.19,50.64,119747.8,131,1,0,0.2621,0.4805,1.0,0.0,0.4119,0
KM-124,11.77,49190,55.78,79.32,41464.4,167,1,1,0.0639,0.5621,0.6195,0.2662,0.34,0
KM-110,36.75,73036,62.72,63.77,101453.3,160,1,2,0.1851,1.0,0.3312,0.0,0.381,0
KM-115,28.22,69617,67.42,94.74,111733.3,166,0,2,0.0796,0.9718,0.249,0.7067,0.462,1
KM-123,6.56,10315,74.99,79.64,122668.0,101,2,1,0.1043,0.1263,0.1515,0.2754,0.1535,0
KM-104,61.05,60715,47.13,63.43,28071.9,71,0,0,0.3727,0.6612,0.8212,0.0,0.46,1
KM-116,93.53,24217,67.41,84.92,155280.7,130,1,0,0.9247,0.1666,0.195,0.4262,0.4895,1
KM-107,60.49,23732,63.11,59.29,156041.1,155,1,0,0.4159,0.1616,0.3082,0.0,0.2476,0
KM-113,70.2,28423,44.4,102.27,65601.2,117,3,2,0.6427,0.3718,0.9997,0.922,0.7022,1
KM-114,76.56,19223,67.53,72.87,111522.4,170,1,2,0.6362,0.2778,0.255,0.0821,0.3595,0
KM-120,86.88,59429,59.66,95.82,99411.3,146,2,2,0.8548,0.8003,0.4326,0.7376,0.7333,1
KM-123,78.95,34911,70.84,67.91,60119.0,33,4,1,0.8232,0.3683,0.0495,0.0,0.3901,0
KM-118,11.28,53897,55.85,102.33,104781.0,101,5,1,0.2627,0.633,0.5175,0.9238,0.5385,0
KM-108,35.96,33456,55.33,92.01,113532.3,48,1,1,0.1793,0.3504,0.459,0.6289,0.368,0
KM-106,26.95,27800,66.81,60.96,156863.2,134,2,0,0.1726,0.2048,0.201,0.0,0.1518,0
KM-103,73.01,37951,68.79,87.9,173601.5,148,1,0,0.583,0.3267,0.222,0.5115,0.4324,1
KM-107,69.35,69637,48.49,67.49,129086.0,48,2,1,0.5809,0.8921,0.7325,0.0,0.5728,1
KM-120,9.8,6349,52.52,66.53,79263.3,167,5,1,0.2596,0.1024,0.7496,0.0,0.2664,0
KM-101,93.11,47598,58.6,45.06,111560.2,116,0,1,0.8669,0.5389,0.4298,0.0,0.5241,0
KM-105,72.7,53357,66.46,84.89,32240.3,125,1,0,0.5785,0.5447,0.1875,0.4253,0.4612,0
KM-112,46.49,68451,57.66,61.97,177251.1,102,1,1,0.2662,0.8715,0.4467,0.0,0.4004,0
KM-115,33.1,49788,57.51,76.53,92028.5,46,3,0,0.2596,0.491,0.3687,0.1864,0.3246,0
KM-110,78.87,73061,67.49,52.57,149311.9,109,3,0,0.7721,0.8728,0.1635,0.0,0.5211,0
KM-105,39.3,25085,57.13,102.16,17505.1,77,1,1,0.2045,0.2556,0.4301,0.9187,0.4052,0
KM-119,39.53,23073,48.61,79.67,169438.2,21,1,1,0.2063,0.2349,0.6872,0.2763,0.3236,0
KM-120,17.75,65304,41.11,102.82,104430.1,120,2,2,0.1315,0.8975,1.0,0.9376,0.6579,1
KM-120,54.52,77155,70.05,95.01,9078.4,43,4,2,0.4973,1.0,0.0645,0.7147,0.5799,1
KM-118,55.87,77073,52.29,49.18,151606.8,172,3,1,0.4621,1.0,0.7665,0.0,0.565,0
KM-121,65.34,8420,70.31,73.71,14471.8,58,0,1,0.427,0.1141,0.087,0.1059,0.2165,0
KM-105,70.37,58157,60.55,75.07,131745.0,64,0,3,0.4952,0.8598,0.2741,0.1447,0.4721,1
KM-104,5.19,38233,53.11,98.71,55403.7,39,3,0,0.1527,0.3304,0.534,0.8202,0.4069,0
KM-110,68.64,31064,42.77,85.01,37236.7,28,1,1,0.5211,0.322,0.931,0.4289,0.5349,1
KM-108,17.14,72941,72.23,60.09,107376.5,114,2,0,0.1294,0.8706,0.171,0.0,0.2971,0
KM-113,37.0,53238,53.72,95.95,33006.8,68,5,2,0.3869,0.7029,0.5533,0.7413,0.5701,1
KM-122,35.73,24553,51.85,61.1,142241.4,28,1,2,0.1777,0.33,0.5678,0.0,0.2582,0
KM-108,8.1,15590,58.59,51.8,80965.7,117,2,1,0.1066,0.166,0.4318,0.0,0.1652,0
KM-115,10.47,4141,47.93,96.31,77547.6,58,0,1,0.011,0.0918,0.7698,0.7517,0.3311,1
KM-106,79.73,58948,43.81,78.69,71414.2,164,3,1,0.7856,0.7125,1.0,0.2484,0.7028,1
KM-101,10.42,33663,42.55,99.55,176631.7,116,1,0,0.0609,0.273,1.0,0.8442,0.4584,0
KM-125,79.05,16869,62.64,82.78,127203.7,12,5,2,0.8749,0.2568,0.1123,0.3651,0.4659,0
KM-120,22.51,26772,49.21,60.36,78799.3,93,1,0,0.1007,0.1936,0.7712,0.0,0.2379,0
KM-105,69.9,52700,59.29,69.17,143840.0,164,4,1,0.6885,0.6147,0.4743,0.0,0.4895,0
KM-125,16.59,1605,53.06,69.67,7630.9,177,5,0,0.2775,0.0028,0.7432,0.0,0.2465,0
KM-108,72.53,36289,43.86,52.86,70785.7,153,2,1,0.626,0.3855,1.0,0.0,0.5155,0
KM-116,21.76,68732,58.81,104.71,7533.9,4,0,2,0.0473,0.9563,0.2537,0.9917,0.5047,1
KM-117,88.73,29980,48.86,65.83,55857.2,141,1,0,0.8374,0.2294,0.8573,0.0,0.5219,0
KM-120,93.5,59920,47.16,52.88,71118.7,120,1,0,0.9243,0.6482,0.8937,0.0,0.6643,0
KM-123,71.03,37474,63.57,104.95,92218.0,69,0,0,0.5046,0.3206,0.1607,0.9985,0.4886,1
KM-119,94.17,29930,40.67,52.8,161018.2,65,2,3,0.9868,0.4688,1.0,0.0,0.6626,1
KM-104,9.76,47438,73.87,82.07,148844.0,10,1,0,0.0595,0.4566,0.015,0.3447,0.2069,0
KM-122,69.79,71870,47.45,94.67,59788.9,76,0,2,0.4871,1.0,0.8158,0.7049,0.7246,1
KM-112,49.23,20969,73.59,45.73,98777.2,7,1,0,0.2924,0.1342,0.0105,0.0,0.138,0
KM-104,24.22,53618,62.32,59.64,27457.9,29,2,1,0.1587,0.6287,0.1509,0.0,0.2429,0
KM-111,7.83,66407,71.25,57.24,128839.7,53,1,0,0.0561,0.7563,0.0795,0.0,0.2246,0
KM-111,55.57,15089,60.47,63.12,50438.4,156,1,2,0.3588,0.2419,0.415,0.0,0.2691,1
KM-102,81.77,28624,58.62,52.71,126874.8,71,0,1,0.6687,0.294,0.3619,0.0,0.3799,0
KM-105,49.11,66402,54.78,68.25,36789.3,103,1,0,0.2911,0.7562,0.5633,0.0,0.4036,0
KM-104,28.8,14975,74.4,55.0,45633.1,142,0,0,0.0829,0.081,0.213,0.0,0.0919,0
KM-122,77.36,2871,46.05,63.59,42995.1,143,1,0,0.6484,0.0068,0.9726,0.0,0.4232,0
KM-103,6.33,71744,47.1,104.92,13452.4,64,1,0,0.054,0.8493,0.812,0.9978,0.5932,0
KM-119,10.22,69295,56.93,72.41,5442.3,117,1,0,0.0604,0.8062,0.4982,0.0687,0.3361,0
KM-107,44.59,60076,71.73,92.89,111210.3,40,1,0,0.2488,0.6508,0.06,0.6539,0.3925,0
KM-112,5.42,19036,64.8,91.63,40614.3,87,2,1,0.1029,0.1961,0.1383,0.618,0.2363,0
KM-103,14.39,19532,52.25,101.1,28262.9,135,1,1,0.0707,0.2006,0.7126,0.8885,0.3951,1
KM-101,38.54,62356,45.63,86.19,19303.3,86,1,3,0.1985,0.9281,0.9039,0.4627,0.5748,0
KM-108,16.97,18861,53.25,58.56,75916.0,64,3,1,0.1788,0.1945,0.5662,0.0,0.2244,0
KM-111,5.02,39190,65.6,59.6,140280.9,18,2,2,0.1025,0.5029,0.027,0.0,0.167,0
KM-120,8.37,66897,54.87,74.62,49765.6,62,1,2,0.057,0.9247,0.4981,0.132,0.3771,1
KM-115,57.8,36125,59.8,83.34,103646.1,69,0,0,0.3341,0.3034,0.3116,0.381,0.3313,1
KM-112,83.37,44745,71.66,104.09,97060.3,160,1,1,0.7451,0.4983,0.24,0.9739,0.6281,1
KM-117,89.48,41854,49.13,68.13,58835.8,149,2,1,0.9007,0.4584,0.8585,0.0,0.6015,0
KM-108,76.62,59402,67.51,100.9,68896.3,15,0,1,0.587,0.7198,0.0225,0.8829,0.5665,1
KM-125,75.73,3198,66.77,68.17,161276.8,51,1,1,0.6234,0.088,0.0765,0.0,0.2555,0
KM-125,62.18,39975,53.16,65.34,129709.3,48,1,5,0.4366,0.7532,0.5457,0.0,0.4503,0
KM-111,94.75,75188,49.14,53.48,87826.1,144,0,1,0.8977,0.9911,0.8503,0.0,0.732,0
KM-117,77.47,38521,50.61,90.8,144390.9,25,1,1,0.6501,0.4141,0.613,0.5944,0.5726,1
KM-122,10.92,22033,62.63,66.4,77407.5,60,1,1,0.0619,0.2245,0.1848,0.0,0.1148,0
KM-111,20.17,72475,49.75,49.4,38876.9,2,1,0,0.0907,0.8623,0.6132,0.0,0.37,0
KM-115,66.89,40638,64.65,48.19,54428.3,154,1,1,0.4975,0.442,0.245,0.0,0.3336,0
KM-116,69.48,55108,67.33,52.07,80219.5,10,3,0,0.6327,0.5717,0.015,0.0,0.3674,0
KM-124,66.99,52517,64.92,77.79,51000.6,147,1,0,0.4987,0.5319,0.2236,0.2227,0.3968,0
KM-123,41.2,27351,57.08,104.99,160488.4,160,2,0,0.2697,0.1999,0.557,0.9997,0.4557,0
KM-121,72.95,6276,64.43,81.28,156920.6,126,2,2,0.6322,0.182,0.2116,0.3223,0.3736,1
KM-119,80.04,31824,60.12,87.87,175955.5,122,2,3,0.7406,0.4909,0.3782,0.5107,0.5597,0
KM-122,70.09,29751,51.19,80.21,39169.6,65,1,0,0.5413,0.2268,0.6499,0.2916,0.4345,0
KM-125,27.29,20210,51.45,59.49,152602.2,8,2,0,0.1745,0.127,0.554,0.0,0.2036,0
KM-119,71.25,46644,66.57,83.56,106800.2,139,4,0,0.7076,0.4452,0.2085,0.3875,0.4782,0
KM-117,72.77,42556,40.63,87.49,40788.1,75,2,1,0.6295,0.468,1.0,0.4998,0.6373,1
KM-110,84.27,56314,42.95,67.02,99154.0,152,1,1,0.7601,0.6706,1.0,0.0,0.6337,1
KM-111,14.34,24207,41.13,53.76,158392.4,151,0,1,0.0206,0.2464,1.0,0.0,0.2688,0
KM-112,58.33,56914,50.06,50.18,102452.0,150,2,0,0.4402,0.6001,0.8225,0.0,0.4686,1
KM-120,54.87,58238,52.63,76.48,53068.1,41,1,0,0.3511,0.6211,0.5563,0.185,0.4264,0
KM-108,50.69,35091,67.28,51.73,87911.5,141,2,2,0.357,0.4505,0.2115,0.0,0.2799,0
KM-118,36.21,48685,70.4,76.51,124490.0,11,5,3,0.3811,0.7147,0.0165,0.1859,0.3526,0
KM-112,12.47,54594,73.79,85.98,24979.1,146,0,0,0.0156,0.5637,0.219,0.4566,0.2815,0
KM-121,47.31,2677,50.2,89.29,20153.6,175,1,0,0.2739,0.0061,0.8543,0.5511,0.3785,0
KM-113,37.38,23522,46.89,97.35,158905.6,179,1,2,0.1898,0.3194,0.9928,0.7815,0.5011,1
KM-103,72.04,26828,62.22,83.8,145654.0,168,4,0,0.719,0.1942,0.3633,0.3944,0.4517,0
KM-125,71.95,67571,62.67,69.44,125722.2,86,3,0,0.6676,0.7763,0.2222,0.0,0.4722,0
KM-119,87.22,44995,69.92,90.1,172365.8,41,0,1,0.7608,0.5018,0.0615,0.5742,0.5189,0
KM-123,15.7,60012,46.84,97.62,86628.8,14,2,0,0.1246,0.6497,0.7473,0.7892,0.5133,0
KM-121,90.41,57790,57.32,83.29,44266.4,177,1,0,0.8673,0.614,0.5726,0.3797,0.6475,0
KM-125,37.5,68371,70.06,90.78,140940.3,155,0,0,0.1406,0.7901,0.2325,0.5936,0.412,1
KM-103,68.21,32293,49.77,66.86,132717.8,39,0,1,0.4652,0.3365,0.6679,0.0,0.3805,0
KM-105,10.29,15348,55.77,100.35,41418.9,37,1,0,0.0606,0.084,0.4246,0.867,0.3005,1
KM-115,42.96,64317,70.39,51.72,50959.1,156,0,1,0.1845,0.8009,0.234,0.0,0.3116,1
KM-122,11.55,8055,61.52,76.49,16619.9,128,0,1,0.0133,0.1119,0.3314,0.1854,0.136,0
KM-105,30.77,56765,69.59,73.45,117087.5,80,3,1,0.2447,0.6777,0.12,0.0987,0.2988,0
KM-110,6.52,50172,42.0,83.7,15930.7,169,1,2,0.0542,0.6567,1.0,0.3914,0.4614,0
KM-103,87.71,74741,49.3,80.18,54595.1,166,2,0,0.8693,0.903,0.8769,0.2909,0.7636,1
KM-108,69.34,71117,67.67,73.13,128408.9,155,1,0,0.5308,0.8382,0.2325,0.0894,0.4597,0
KM-102,30.49,56237,62.91,83.69,21090.6,52,2,0,0.1929,0.5894,0.1615,0.3912,0.3254,1
KM-104,59.41,77006,73.13,86.09,136097.8,96,1,0,0.4029,0.9444,0.144,0.4597,0.4979,0
KM-123,73.98,37734,44.8,76.74,111918.5,163,1,1,0.5972,0.4039,1.0,0.1926,0.5485,0
KM-108,90.79,7024,73.47,79.28,118003.8,179,2,1,0.9243,0.106,0.2685,0.2651,0.4567,0
KM-119,28.14,69391,42.57,91.32,20947.4,90,3,1,0.2292,0.8878,1.0,0.6092,0.624,0
KM-122,47.43,68776,73.47,71.18,65236.4,157,3,0,0.375,0.7971,0.2355,0.0336,0.3843,0
KM-108,18.18,48355,69.96,104.77,126379.1,87,1,0,0.0831,0.4699,0.1305,0.9934,0.3713,1
KM-114,9.48,35645,46.47,75.72,159113.6,9,2,0,0.109,0.2974,0.7548,0.1634,0.2961,0
KM-124,53.94,36440,67.83,65.77,86720.2,55,0,1,0.291,0.3874,0.0825,0.0,0.2152,0
KM-110,73.51,33488,49.26,80.63,88637.0,165,0,1,0.5404,0.3508,0.8772,0.3037,0.513,1
KM-103,78.17,48259,46.56,97.48,141959.9,155,2,1,0.7111,0.5485,0.9701,0.7852,0.7371,1
KM-113,61.14,64717,42.48,55.97,106290.7,60,1,1,0.4238,0.8076,0.991,0.0,0.5484,0
KM-101,54.06,12789,64.92,101.06,53913.1,73,1,1,0.3422,0.1439,0.1129,0.8874,0.3558,0
KM-102,7.09,77931,69.72,102.77,141765.1,64,1,0,0.055,0.9615,0.096,0.9363,0.4661,0
KM-115,58.17,29968,68.15,65.59,110692.7,81,4,0,0.5384,0.2293,0.1215,0.0,0.27,0
KM-116,74.28,46843,71.26,84.41,129336.9,83,3,1,0.7017,0.5281,0.1245,0.4117,0.4848,1
KM-112,44.65,68568,65.5,49.11,132532.4,34,1,1,0.2494,0.8735,0.051,0.0,0.3159,0
KM-121,91.14,27152,74.99,104.43,113730.8,28,2,0,0.9307,0.1977,0.042,0.9838,0.5803,1
KM-106,55.72,14048,48.22,104.38,115035.4,25,3,2,0.4605,0.2336,0.7086,0.9824,0.5578,0
KM-120,71.21,65673,61.71,49.19,76106.6,7,3,1,0.6571,0.8238,0.1421,0.0,0.4643,0
KM-113,73.65,26918,56.11,103.37,28864.5,112,2,1,0.6424,0.2752,0.5235,0.9533,0.589,1
KM-123,53.34,51178,50.89,45.5,31290.1,48,3,0,0.4346,0.5117,0.6366,0.0,0.4073,1
KM-114,12.77,46880,64.4,101.48,154796.3,166,1,1,0.0663,0.5286,0.2732,0.8993,0.3898,0
KM-107,82.31,32750,54.82,53.87,78253.5,33,2,0,0.7775,0.2619,0.4567,0.0,0.429,0
KM-122,32.52,22091,68.8,75.81,71100.5,63,4,1,0.3058,0.2251,0.0945,0.1659,0.2154,0
KM-101,50.82,46483,73.35,72.89,129257.6,59,3,0,0.4083,0.4429,0.0885,0.0824,0.2878,0
KM-104,87.78,67124,47.93,65.02,82030.8,56,0,3,0.7706,1.0,0.7669,0.0,0.6731,1
KM-104,6.99,33675,49.72,84.3,59117.7,101,1,1,0.0549,0.3531,0.7629,0.4085,0.3418,0
KM-111,28.71,38588,43.61,94.41,75928.8,23,1,1,0.1324,0.415,0.8899,0.6975,0.4676,0
KM-124,80.26,67447,46.6,85.38,132395.0,136,2,0,0.7442,0.7741,0.9401,0.4393,0.7299,1
KM-114,26.7,13058,67.7,69.77,169293.5,58,0,2,0.0713,0.2259,0.087,0.0,0.0988,0
KM-104,35.97,64864,41.25,83.75,46273.3,94,4,0,0.3294,0.7301,1.0,0.393,0.5764,0
KM-102,79.51,68775,59.88,103.5,69074.9,115,3,3,0.7822,1.0,0.3774,0.9571,0.7907,0
KM-117,88.13,27678,70.74,61.89,165363.6,167,1,1,0.8268,0.2835,0.2505,0.0,0.4103,0
KM-113,10.21,29721,72.76,75.82,40198.3,141,1,0,0.0604,0.2264,0.2115,0.1663,0.1533,0
KM-118,53.11,61768,57.99,93.99,175229.8,163,0,0,0.282,0.6784,0.5251,0.6855,0.5104,0
KM-118,64.84,45269,40.71,79.39,73972.8,111,0,1,0.4204,0.5057,1.0,0.2684,0.5272,0
KM-104,91.24,35422,65.97,62.71,146969.9,96,3,0,0.9824,0.2946,0.144,0.0,0.4463,0
KM-114,41.33,47619,73.76,52.93,10637.6,101,2,1,0.2708,0.5392,0.1515,0.0,0.2599,0
KM-119,85.75,62592,74.09,98.47,16045.4,55,2,2,0.8353,0.8521,0.0825,0.8135,0.6845,0
KM-113,60.25,77401,52.16,59.48,82959.1,90,1,3,0.413,1.0,0.6485,0.0,0.5243,0
KM-105,38.74,16640,47.74,90.0,84072.6,121,0,0,0.1501,0.0949,0.8718,0.5715,0.3649,0
KM-101,45.7,19623,41.12,59.29,82395.1,173,2,0,0.3088,0.1215,1.0,0.0,0.3385,0
KM-108,14.26,23378,67.95,56.61,164454.3,9,1,0,0.0703,0.158,0.0135,0.0,0.0668,0
KM-102,59.75,27360,57.76,47.34,10450.8,115,2,1,0.457,0.28,0.462,0.0,0.3223,0
KM-101,86.22,56768,55.35,74.8,148312.3,30,1,1,0.7935,0.6778,0.4308,0.1372,0.5607,0
KM-111,85.42,48294,57.68,56.43,81856.6,36,1,3,0.7796,0.709,0.347,0.0,0.5195,0
KM-116,85.77,47221,66.16,95.5,17773.6,71,2,1,0.8356,0.5335,0.1065,0.7287,0.5929,0
KM-115,45.7,44505,44.59,54.8,131263.2,51,3,0,0.3589,0.4149,0.8931,0.0,0.4079,0
KM-124,25.19,61330,56.07,70.11,157747.3,55,3,1,0.2135,0.7512,0.4398,0.0031,0.3511,0
KM-112,23.81,23287,57.53,90.39,100283.2,30,1,1,0.1067,0.237,0.3437,0.5825,0.2818,0
KM-111,68.39,35187,43.37,64.02,5598.4,142,0,0,0.4677,0.2917,1.0,0.0,0.4366,0
KM-120,87.55,69160,67.59,72.29,90781.6,62,0,0,0.7665,0.8038,0.093,0.0653,0.5009,0
KM-111,60.52,21483,70.57,49.56,14754.6,108,3,0,0.5163,0.1392,0.162,0.0,0.2479,0
KM-122,6.95,66272,74.53,63.27,170419.9,170,1,0,0.0548,0.754,0.255,0.0,0.2587,0
KM-103,37.18,62124,61.46,73.86,77911.3,115,4,1,0.3382,0.7643,0.3141,0.1103,0.3943,0
KM-114,79.56,1824,68.44,58.06,164668.7,23,2,0,0.7329,0.0034,0.0345,0.0,0.2643,0
KM-119,64.33,78763,54.75,68.17,171100.4,66,1,1,0.4638,1.0,0.509,0.0,0.5141,1
KM-113,28.98,53895,70.88,64.9,175180.0,44,2,0,0.184,0.553,0.066,0.0,0.2158,0
KM-120,80.03,13031,51.91,97.57,179573.0,123,1,1,0.6905,0.1457,0.7081,0.7878,0.5773,0
KM-113,65.11,73223,43.67,57.1,51435.9,91,3,0,0.5739,0.8757,0.9897,0.0,0.6177,1
KM-101,9.07,66541,51.97,53.47,153166.8,151,1,2,0.0582,0.9186,0.7476,0.0,0.3995,0
KM-106,47.97,41718,63.99,87.74,35511.5,15,2,1,0.3301,0.4566,0.0629,0.507,0.3437,0
KM-105,89.78,55486,56.53,54.63,157673.3,6,2,0,0.906,0.5776,0.3478,0.0,0.5311,1
KM-117,72.82,68389,46.85,56.99,148948.1,136,2,0,0.6303,0.7904,0.9301,0.0,0.6042,1
KM-113,60.34,76930,60.93,82.97,113306.3,46,2,0,0.4641,0.943,0.2319,0.3707,0.5187,0
KM-109,20.28,24569,73.59,54.65,68270.8,153,0,3,0.0411,0.4102,0.2295,0.0,0.1628,0
KM-118,75.34,61249,42.52,53.4,173204.5,32,1,1,0.6176,0.7499,0.947,0.0,0.593,0
KM-112,10.67,69440,41.66,48.86,13956.3,5,2,0,0.1114,0.8087,0.9411,0.0,0.4294,0
KM-101,26.9,41932,58.81,56.07,39267.9,178,2,0,0.1724,0.3795,0.5146,0.0,0.2581,0
KM-107,60.81,75998,55.8,45.79,44314.1,98,1,0,0.4198,0.9259,0.5148,0.0,0.4814,0
KM-123,18.11,74833,57.79,90.09,49516.8,171,0,0,0.0328,0.9047,0.5449,0.5739,0.4614,1
KM-117,14.34,70897,51.81,74.39,10367.1,107,1,0,0.0706,0.8343,0.688,0.1254,0.3959,0
KM-111,92.63,7815,72.0,51.05,44970.7,111,0,1,0.858,0.1105,0.1665,0.0,0.3612,0
KM-118,40.49,49339,57.16,96.35,45775.1,121,3,1,0.3139,0.5643,0.4949,0.7528,0.5005,1
KM-109,74.26,2830,43.99,62.21,46773.6,169,2,0,0.6514,0.0067,1.0,0.0,0.4297,0
KM-104,33.06,28568,47.9,76.25,144968.7,80,2,2,0.2093,0.3734,0.8039,0.1785,0.3631,0
KM-125,30.05,6319,56.46,64.72,153711.8,134,3,0,0.2403,0.0222,0.5425,0.0,0.1982,0
KM-105,11.6,33463,56.57,66.93,32871.1,80,1,2,0.0635,0.4305,0.4573,0.0,0.2213,1
KM-122,93.45,38023,47.37,54.18,177981.1,17,1,1,0.9233,0.4077,0.7309,0.0,0.5712,0
KM-125,12.92,54036,43.47,74.22,173845.6,125,1,0,0.0667,0.5551,1.0,0.1206,0.3862,0
KM-122,41.13,2144,64.23,75.11,55779.7,101,3,1,0.3192,0.0844,0.1824,0.146,0.1985,0
KM-111,48.28,45741,51.59,70.72,139822.9,37,1,1,0.2831,0.5123,0.5918,0.0207,0.3497,0
KM-119,39.61,7127,58.58,72.21,107380.6,146,0,2,0.1569,0.1866,0.4759,0.0632,0.2094,1
KM-111,92.19,75013,74.31,53.21,19104.5,75,2,2,0.95,1.0,0.1125,0.0,0.605,0
KM-120,51.4,62784,51.73,45.1,67273.2,11,1,0,0.3142,0.6952,0.5473,0.0,0.3932,0
KM-123,51.63,70622,63.52,91.84,139103.8,33,2,2,0.3666,0.9894,0.1086,0.6241,0.5222,0
KM-119,26.14,46757,60.45,71.41,18677.9,39,1,0,0.1183,0.4468,0.2406,0.0402,0.2093,0
KM-106,94.39,67150,50.61,86.56,94964.0,136,0,0,0.891,0.769,0.7798,0.4731,0.7547,1
KM-109,54.8,2985,48.18,100.32,20422.5,67,2,2,0.4004,0.1672,0.7732,0.8663,0.5098,0
KM-114,78.1,7311,56.22,54.03,143312.2,53,0,2,0.61,0.1876,0.4307,0.0,0.3466,0
KM-116,42.3,41850,49.83,52.97,120697.7,84,1,1,0.2289,0.4584,0.7329,0.0,0.3413,0
KM-117,29.51,29073,56.86,70.21,137102.4,125,2,1,0.1871,0.2991,0.513,0.0061,0.2441,0
KM-114,23.13,45002,42.68,100.76,96319.1,147,0,0,0.0535,0.4219,1.0,0.8788,0.5,0
KM-122,23.35,65679,56.41,46.21,51315.6,5,0,0,0.0545,0.7439,0.3512,0.0,0.2753,0
KM-102,85.98,78468,61.99,89.05,24446.9,166,5,0,0.9893,0.9714,0.3696,0.5442,0.7719,0
KM-115,77.19,73682,49.88,56.76,51400.0,112,4,0,0.7958,0.8839,0.7727,0.0,0.6541,1
KM-119,50.47,22469,72.02,94.84,138412.6,169,2,0,0.3548,0.1488,0.2535,0.7097,0.354,1
KM-109,79.91,78014,68.28,73.11,166128.8,81,1,0,0.6886,0.963,0.1215,0.0889,0.5238,0
KM-110,38.39,11769,45.59,96.66,76276.6,76,0,0,0.1474,0.0564,0.8905,0.7617,0.3961,0
KM-102,61.44,33303,74.83,45.16,6619.2,63,2,2,0.4775,0.4286,0.0945,0.0,0.2932,0
KM-124,82.39,43881,40.95,49.28,54731.9,165,2,0,0.7787,0.4062,1.0,0.0,0.5741,0
KM-119,94.62,48586,58.77,88.02,172784.8,57,1,3,0.9453,0.7133,0.3349,0.5149,0.6791,0
KM-116,44.31,50725,43.8,49.89,143353.3,40,2,0,0.2963,0.5049,0.9079,0.0,0.4115,1
KM-108,27.63,44221,55.38,94.08,65929.2,35,1,2,0.1264,0.571,0.4373,0.688,0.412,0
KM-106,36.32,77895,59.39,68.12,105028.9,127,1,1,0.1819,1.0,0.4148,0.0,0.3966,0
KM-123,74.23,18663,71.0,98.79,24704.9,24,4,3,0.751,0.3527,0.036,0.8227,0.5228,0
KM-116,29.65,51816,58.93,98.41,171659.9,125,4,2,0.2879,0.6813,0.4302,0.8118,0.5195,0
KM-102,55.52,25872,49.49,47.54,43957.3,96,1,1,0.3582,0.2639,0.7643,0.0,0.3442,0
KM-119,13.75,29158,58.7,78.35,100245.4,165,1,0,0.0689,0.22,0.4996,0.2386,0.2268,0
KM-123,27.63,16719,45.62,90.55,129089.2,135,1,0,0.1264,0.0955,0.9779,0.5872,0.3811,0
KM-114,84.3,50373,59.26,78.99,86061.2,109,0,0,0.7107,0.4996,0.3932,0.2568,0.5036,0
KM-110,38.81,56972,46.54,103.33,17407.1,1,3,0,0.3006,0.601,0.74,0.9522,0.5939,1
KM-101,69.65,37264,72.6,89.92,146329.3,174,2,1,0.5851,0.3979,0.261,0.569,0.4703,1
KM-115,82.74,10996,65.82,62.19,18287.2,108,7,0,1.0,0.051,0.162,0.0,0.3951,0
KM-119,21.69,63827,73.16,52.28,46271.9,176,3,0,0.197,0.7126,0.264,0.0,0.2999,0
KM-116,31.0,31206,69.59,68.97,102634.3,87,2,2,0.1961,0.4036,0.1305,0.0,0.1956,0
KM-103,48.74,4499,55.98,77.18,29194.4,158,1,2,0.2875,0.1733,0.5976,0.205,0.3045,0
KM-121,87.87,30985,67.58,98.32,173723.0,95,2,0,0.8721,0.241,0.1425,0.8092,0.5559,0
KM-115,14.91,6046,44.12,65.85,102690.4,44,2,1,0.1222,0.1008,0.9011,0.0,0.2482,0
KM-114,41.95,13827,60.35,88.09,49104.5,69,2,2,0.276,0.2319,0.2896,0.5168,0.3158,0
KM-115,69.52,23154,41.69,93.22,34846.6,173,1,0,0.5334,0.1557,1.0,0.6635,0.5583,0
KM-123,94.31,6546,60.95,63.22,79977.0,98,1,1,0.9394,0.1034,0.309,0.0,0.4165,0
KM-113,89.46,64257,62.19,62.62,147054.3,114,0,1,0.8004,0.7999,0.2835,0.0,0.5368,0
KM-121,46.51,47571,73.61,47.58,14877.2,164,1,0,0.2663,0.4585,0.246,0.0,0.257,0
KM-124,33.59,10634,47.08,62.41,170796.7,133,2,0,0.2128,0.0485,0.9165,0.0,0.2699,0
KM-117,61.22,75454,44.93,66.28,149183.2,61,2,2,0.4748,1.0,0.8944,0.0,0.5951,0
KM-102,80.39,23006,49.58,50.68,141098.6,14,1,0,0.6963,0.1542,0.6378,0.0,0.4098,1
KM-113,16.08,69816,47.1,69.68,145293.9,106,0,3,0.0258,1.0,0.875,0.0,0.434,0
KM-101,18.85,34952,56.29,45.55,158568.9,52,2,1,0.1355,0.3688,0.4264,0.0,0.2249,0
KM-113,45.14,42879,42.27,95.61,76514.1,110,1,0,0.2538,0.3924,1.0,0.7316,0.5332,0
KM-106,77.74,26773,52.75,49.13,8899.6,139,2,0,0.7043,0.1936,0.6986,0.0,0.4346,0
KM-103,34.66,50809,42.11,83.07,141360.1,137,1,1,0.1701,0.5861,1.0,0.3734,0.4808,0
KM-124,25.18,8196,57.75,47.89,40118.1,32,3,0,0.2134,0.0328,0.338,0.0,0.1505,0
KM-110,68.87,5933,71.07,84.35,11442.1,42,0,2,0.4743,0.1802,0.063,0.41,0.3056,1
KM-117,60.55,16914,57.22,94.64,59704.1,175,0,1,0.3666,0.1772,0.5738,0.7041,0.4282,0
KM-120,27.58,22244,40.65,81.03,131669.7,53,0,1,0.0761,0.2266,1.0,0.3152,0.3463,0
KM-107,8.89,6265,51.83,87.19,68359.3,19,0,2,0.0079,0.1819,0.5553,0.491,0.2575,0
KM-120,33.92,23852,47.77,79.03,87078.0,159,2,0,0.2151,0.1628,0.9277,0.258,0.3531,1
KM-104,74.78,33876,68.61,85.41,145926.0,61,1,1,0.6092,0.3556,0.0915,0.4403,0.4085,0
KM-123,51.32,17996,55.21,58.97,152073.6,22,1,2,0.3134,0.2667,0.4248,0.0,0.2613,1
KM-106,20.31,58407,59.87,47.71,103992.2,53,1,0,0.0913,0.6238,0.2847,0.0,0.2448,0
KM-107,60.66,19667,55.15,104.12,125488.2,170,0,3,0.368,0.3619,0.6489,0.975,0.5441,1
KM-108,9.77,32700,74.94,99.95,162816.9,44,0,1,0.0095,0.3413,0.066,0.8557,0.273,0
KM-109,91.01,37393,64.64,61.96,88526.2,55,2,2,0.9283,0.4796,0.0969,0.0,0.4641,1
KM-111,37.83,56540,60.6,64.03,13810.0,100,2,0,0.2431,0.5942,0.3259,0.0,0.2988,0
KM-107,69.32,65511,43.01,62.75,60677.1,6,1,0,0.5306,0.741,0.8887,0.0,0.5487,1
KM-125,57.21,19404,58.25,53.46,111923.1,54,0,3,0.3272,0.3595,0.3511,0.0,0.2746,0
KM-121,55.19,27794,46.83,61.96,121125.5,31,1,0,0.3546,0.2048,0.7733,0.0,0.33,0
KM-115,74.39,31375,65.98,104.09,77060.6,171,1,0,0.6033,0.2456,0.2565,0.9739,0.5187,0
KM-115,59.66,31159,64.92,96.81,25315.1,117,0,1,0.3559,0.3231,0.1786,0.7661,0.3943,0
KM-111,60.59,55551,48.91,61.0,71290.2,3,2,0,0.4671,0.5786,0.648,0.0,0.4378,0
KM-122,34.84,56001,67.93,67.35,154021.9,103,0,0,0.1213,0.5857,0.1545,0.0,0.2198,0
KM-110,36.94,36519,71.04,54.46,39846.3,175,0,1,0.1365,0.3884,0.2625,0.0,0.1974,1
KM-108,71.25,44108,41.06,80.6,129709.4,20,1,2,0.5576,0.5694,0.9877,0.3028,0.5956,1
KM-109,77.59,37318,56.08,58.61,141881.5,161,1,1,0.6521,0.3986,0.5981,0.0,0.4475,0
KM-109,47.86,43232,53.05,58.7,54450.5,159,2,1,0.3291,0.4773,0.7167,0.0,0.3778,0
KM-104,69.33,57977,42.73,100.72,112208.3,56,1,0,0.5307,0.6169,0.9747,0.8777,0.7105,1
KM-120,72.74,19019,40.02,73.32,94735.3,106,1,1,0.5792,0.1959,1.0,0.0949,0.4707,0
KM-118,82.11,9586,69.55,45.61,37633.1,77,0,1,0.6741,0.1215,0.1155,0.0,0.2894,1
KM-120,63.59,45244,61.48,100.39,90024.2,85,2,1,0.5044,0.5053,0.2681,0.8682,0.5301,0
KM-116,72.82,65318,66.8,89.05,138597.4,159,2,0,0.6302,0.7378,0.2385,0.5444,0.5616,0
KM-115,86.58,51949,69.93,71.13,61407.9,10,2,1,0.8496,0.6033,0.015,0.0322,0.4576,0
KM-101,58.39,29288,46.41,94.02,41308.8,7,1,0,0.3909,0.2215,0.754,0.6864,0.4803,1
KM-119,20.9,6747,68.16,74.0,160200.4,86,2,0,0.1437,0.0245,0.129,0.1142,0.105,0
KM-110,59.96,21866,45.23,97.79,98557.7,28,5,0,0.6096,0.1429,0.8328,0.794,0.5744,0
KM-105,33.52,49751,59.35,77.43,56090.7,99,0,0,0.1124,0.4904,0.3743,0.2122,0.2793,1
KM-119,19.61,16648,64.54,103.79,169023.2,127,1,0,0.0885,0.0949,0.2089,0.9655,0.2896,0
KM-118,25.12,9235,61.5,81.39,26742.0,11,0,4,0.0631,0.3592,0.1565,0.3255,0.2083,0
KM-124,57.55,52841,43.71,66.11,149477.4,98,3,0,0.4812,0.5368,0.9985,0.0,0.5023,0
KM-115,7.23,62198,53.68,80.97,18783.6,118,2,1,0.1052,0.7655,0.6297,0.3136,0.4169,0
KM-106,89.44,19917,67.19,75.65,70896.3,80,3,1,0.9499,0.2042,0.12,0.1616,0.4398,1
KM-104,86.35,16440,49.2,51.29,179443.5,16,3,4,0.8957,0.4132,0.656,0.0,0.548,1
KM-105,48.48,76748,55.53,95.47,130018.7,115,2,1,0.335,1.0,0.5513,0.7276,0.623,1
KM-123,65.66,2664,68.68,104.32,117306.9,69,0,2,0.4311,0.1661,0.1035,0.9806,0.4092,1
KM-111,17.38,44969,53.35,61.17,103856.3,22,4,0,0.2302,0.4214,0.499,0.0,0.2857,0
KM-106,10.33,23950,64.99,82.83,164634.0,133,1,1,0.0607,0.2438,0.1998,0.3666,0.1955,0
KM-112,48.44,39746,62.77,103.89,40771.5,162,1,2,0.2846,0.5102,0.3321,0.9684,0.4872,0
KM-119,34.49,26568,53.78,65.69,157209.2,38,0,1,0.119,0.2714,0.5057,0.0,0.2106,0
KM-123,29.79,68028,68.45,58.35,95218.0,56,2,2,0.1888,0.9441,0.084,0.0,0.3189,0
KM-103,41.3,1594,65.26,90.56,11894.6,18,1,1,0.2206,0.0828,0.027,0.5875,0.2208,0
KM-116,67.58,53906,72.85,63.79,118466.2,94,1,1,0.5067,0.6331,0.141,0.0,0.3638,0
KM-111,43.2,29727,44.47,83.97,130518.1,142,0,1,0.1866,0.3065,1.0,0.3991,0.4218,0
KM-125,39.5,58362,67.61,89.56,129461.7,27,3,0,0.306,0.6231,0.0405,0.5588,0.3827,0
KM-121,40.26,3003,40.52,71.52,142626.2,135,0,1,0.1621,0.0873,1.0,0.0435,0.2873,0
KM-123,26.14,71891,52.82,76.28,20639.2,11,0,1,0.0683,0.9319,0.5036,0.1795,0.3935,0
KM-125,85.51,17159,46.32,80.01,32857.3,84,1,2,0.7812,0.2593,0.8731,0.2861,0.5701,0
KM-114,57.08,56334,68.18,79.91,60797.4,174,2,0,0.4258,0.5909,0.261,0.2831,0.4056,0
KM-106,19.8,64421,72.5,49.78,175493.7,174,0,2,0.0392,0.8826,0.261,0.0,0.2866,0
KM-112,56.92,32522,43.94,49.49,93673.2,68,2,0,0.424,0.2592,0.9443,0.0,0.4021,0
KM-108,78.2,70377,55.48,74.08,166386.0,20,1,0,0.6615,0.8251,0.4107,0.1167,0.5433,0
KM-105,58.17,26652,47.98,102.32,136659.4,62,2,0,0.4384,0.1923,0.7739,0.9234,0.541,0
KM-105,54.82,29495,54.86,59.41,72287.2,99,1,0,0.3505,0.2239,0.5541,0.0,0.2894,0
KM-116,77.47,75010,55.54,72.94,113522.8,74,1,0,0.6502,0.9079,0.4895,0.0841,0.5693,0
KM-119,18.44,53884,62.14,62.89,158040.0,136,1,0,0.084,0.5528,0.3185,0.0,0.2313,0
KM-110,7.55,9060,47.6,99.24,86445.4,27,2,0,0.1057,0.0381,0.7364,0.8354,0.3609,1
KM-113,60.13,60885,71.41,58.14,16780.7,27,0,1,0.3616,0.7439,0.0405,0.0,0.3206,0
KM-123,35.44,44376,67.2,101.38,107936.6,42,2,0,0.2256,0.4131,0.063,0.8965,0.3741,0
KM-108,11.71,66385,62.81,80.97,113376.1,143,2,0,0.1137,0.7559,0.302,0.3135,0.3519,0
KM-102,60.44,40566,40.08,82.97,96471.5,12,1,0,0.4153,0.3611,1.0,0.3707,0.5098,0
KM-107,44.75,60746,67.49,57.83,169664.3,53,3,0,0.3503,0.6617,0.0795,0.0,0.3039,0
KM-106,82.35,67231,62.06,73.87,167448.3,16,0,0,0.6781,0.7704,0.1416,0.1107,0.4804,0
KM-107,66.42,27292,62.41,62.53,35038.2,121,1,1,0.4911,0.2793,0.2852,0.0,0.2987,0
KM-106,42.41,3860,64.14,67.19,171099.4,71,3,0,0.3298,0.0106,0.1408,0.0,0.1462,0
KM-124,38.28,54603,67.62,62.07,159196.8,51,3,2,0.2966,0.7239,0.0765,0.0,0.3001,0
KM-112,55.52,50893,44.74,100.57,26894.8,115,3,0,0.4583,0.5074,0.9831,0.8735,0.6586,1
KM-112,66.32,20659,65.47,51.22,96666.9,77,1,2,0.4898,0.2912,0.1155,0.0,0.2673,0
KM-124,75.56,25599,69.5,67.93,132880.6,148,0,1,0.5709,0.261,0.222,0.0,0.3095,1
KM-121,54.69,13064,40.57,57.88,17884.6,151,5,1,0.5492,0.146,1.0,0.0,0.4287,0
KM-116,31.18,30696,62.76,81.35,165102.7,48,3,2,0.2472,0.3977,0.1615,0.3242,0.2831,0
KM-108,56.74,72328,44.89,96.67,50871.2,95,1,1,0.3719,0.9397,0.9467,0.7619,0.7068,0
KM-123,21.59,73487,74.8,92.38,72237.8,45,1,1,0.0966,0.9604,0.0675,0.6393,0.4153,0
KM-124,38.03,43966,43.55,54.61,108530.1,98,1,0,0.1946,0.4074,1.0,0.0,0.37,0
KM-111,39.13,41091,49.32,98.39,147889.4,13,2,1,0.2531,0.4481,0.6465,0.8112,0.4922,0
KM-119,50.94,57842,52.16,85.61,171102.2,105,4,0,0.4595,0.6148,0.6713,0.446,0.538,0
KM-124,21.71,14997,47.14,82.15,95411.0,118,3,1,0.1971,0.1612,0.8916,0.3471,0.357,0
KM-101,63.11,70482,58.78,84.16,9049.8,125,0,1,0.3983,0.907,0.4364,0.4045,0.5343,0
KM-114,70.61,79537,48.32,47.91,159392.8,144,1,1,0.5485,1.0,0.883,0.0,0.6186,1
KM-102,66.86,71825,71.14,81.75,19940.2,35,1,0,0.497,0.8507,0.0525,0.3356,0.4643,1
KM-110,19.67,2551,46.63,55.29,69782.7,14,3,2,0.1887,0.1657,0.7559,0.0,0.2586,0
KM-119,20.6,10865,57.14,45.72,21625.0,135,1,2,0.0924,0.2101,0.5168,0.0,0.1882,0
KM-114,67.19,63776,49.99,52.46,148576.3,95,2,1,0.5515,0.7918,0.743,0.0,0.5396,1
KM-115,69.22,69935,44.23,49.48,52255.9,156,4,1,0.6791,0.8973,1.0,0.0,0.662,1
KM-103,55.29,15867,62.54,91.62,170595.5,115,2,0,0.4057,0.0883,0.2707,0.6178,0.3418,0
KM-109,57.32,55645,47.28,74.72,154011.3,1,3,0,0.4786,0.5801,0.7104,0.1349,0.4816,0
KM-111,73.46,11021,72.52,46.86,97968.9,92,2,0,0.6396,0.0511,0.138,0.0,0.2642,0
KM-115,88.48,73447,62.72,90.33,98570.6,39,2,0,0.8829,0.8797,0.1497,0.5807,0.675,0
KM-105,47.47,74734,41.93,61.52,91602.8,171,0,1,0.2253,0.9829,1.0,0.0,0.5246,1
KM-108,36.04,33148,74.56,52.76,70235.1,90,1,3,0.1799,0.5067,0.135,0.0,0.2166,0
KM-103,80.26,23195,45.28,71.31,95540.6,104,0,0,0.6442,0.1561,0.945,0.0375,0.461,0
KM-125,90.02,13472,65.35,72.36,174678.3,145,3,0,0.9604,0.0691,0.2175,0.0676,0.4104,0
KM-104,16.21,36266,63.32,51.37,124425.2,118,1,0,0.0763,0.3052,0.2444,0.0,0.1519,0
KM-119,31.85,39308,73.5,66.35,133968.6,149,2,1,0.2014,0.4244,0.2235,0.0,0.2213,0
KM-106,25.02,51016,51.57,66.57,79282.8,31,3,1,0.2126,0.5892,0.5838,0.0,0.3385,0
KM-107,25.45,62881,56.75,80.66,100213.3,46,3,1,0.2148,0.7769,0.3989,0.3047,0.4101,0
KM-123,44.69,56846,65.6,93.73,32978.0,54,2,3,0.2997,0.839,0.081,0.678,0.4665,1
KM-102,67.44,24991,48.96,86.2,70393.4,119,0,0,0.4548,0.1746,0.8199,0.4627,0.4593,1
KM-102,74.34,34968,48.14,80.33,78194.6,62,1,2,0.6026,0.449,0.7675,0.295,0.5357,0
KM-113,8.68,26513,61.98,45.03,169456.2,75,3,1,0.1575,0.2708,0.2332,0.0,0.1695,0
KM-117,90.75,58135,67.8,62.17,64332.3,82,1,1,0.8735,0.6995,0.123,0.0,0.5052,0
KM-119,88.69,68514,73.29,83.43,39472.3,57,2,1,0.8865,0.8726,0.0855,0.3837,0.6223,0
KM-120,31.58,34515,45.03,62.51,42354.2,99,3,2,0.2497,0.4434,0.9474,0.0,0.3877,0
KM-120,68.87,69311,47.79,52.14,107187.1,32,2,0,0.5743,0.8064,0.7366,0.0,0.5499,1
KM-122,45.46,72675,51.04,76.53,70206.8,76,2,0,0.3067,0.8658,0.6723,0.1867,0.4956,0
KM-118,94.86,16752,50.72,72.79,73808.2,114,1,2,0.9498,0.2558,0.7422,0.0798,0.5608,1
KM-102,11.3,20074,61.16,75.7,51052.1,55,0,1,0.0128,0.2057,0.2361,0.1629,0.1357,0
KM-115,54.35,69121,44.19,80.11,17557.6,138,1,1,0.3453,0.8831,1.0,0.289,0.5994,1
KM-101,45.41,39237,61.56,81.38,50996.0,115,1,0,0.2562,0.3435,0.3101,0.3251,0.3026,0
KM-110,86.13,23016,43.32,97.02,93050.9,73,2,1,0.8418,0.2343,0.9766,0.772,0.7029,0
KM-105,50.26,48589,73.8,94.0,64381.6,42,4,2,0.4526,0.6333,0.063,0.6858,0.4665,1
KM-101,74.54,38318,74.48,50.84,103877.3,135,0,0,0.5557,0.3315,0.2025,0.0,0.3179,0
KM-102,45.5,5670,57.44,54.5,101108.3,56,3,0,0.357,0.0189,0.3865,0.0,0.207,0
KM-117,56.14,70497,55.4,101.08,107582.7,9,2,0,0.4152,0.8272,0.3977,0.8879,0.6092,1
KM-110,73.36,58324,74.45,82.09,33751.3,28,0,0,0.5382,0.6225,0.042,0.3455,0.4215,1
KM-125,28.4,24441,47.58,65.99,54976.7,93,0,0,0.0807,0.1689,0.8364,0.0,0.2377,0
KM-110,58.43,52199,68.85,59.71,82191.1,63,1,1,0.3914,0.6071,0.0945,0.0,0.3076,0
KM-106,76.83,23943,72.11,61.99,43114.4,131,1,1,0.6403,0.2437,0.1965,0.0,0.3244,0
KM-124,35.96,39259,67.64,48.97,120289.3,140,2,0,0.2293,0.3438,0.21,0.0,0.2082,0
KM-111,80.77,47297,70.96,49.19,166153.4,154,1,2,0.7023,0.6146,0.231,0.0,0.4457,0
KM-118,47.11,11325,58.99,59.95,128429.2,142,1,1,0.2719,0.1333,0.4535,0.0,0.2192,0
KM-122,57.27,61674,50.83,55.92,126719.3,58,0,2,0.3279,0.8369,0.6536,0.0,0.4547,0
KM-115,41.48,73114,54.62,76.48,131580.7,3,0,0,0.172,0.8737,0.4198,0.1852,0.3996,0
KM-116,25.64,20953,63.33,76.32,81050.4,87,1,0,0.1157,0.134,0.1974,0.1807,0.1496,0
KM-120,81.57,67931,71.85,66.31,165034.9,94,4,1,0.8654,0.8625,0.141,0.0,0.5467,0
KM-124,82.55,32850,71.56,70.13,51071.8,90,2,3,0.7815,0.5031,0.135,0.0037,0.4271,0
KM-125,20.57,3413,56.07,59.32,137118.0,130,0,0,0.0423,0.0088,0.5522,0.0,0.1275,0
KM-112,67.26,45449,60.95,69.92,115623.5,29,4,0,0.6524,0.4282,0.2054,0.0,0.3765,0
KM-108,17.68,38062,72.5,72.12,14066.6,143,1,1,0.0813,0.4082,0.2145,0.0606,0.1855,0
KM-104,31.83,78568,45.47,87.72,32815.7,2,1,0,0.1513,0.9733,0.784,0.5063,0.5543,0
KM-109,28.01,54702,52.75,102.6,172318.1,80,4,1,0.2785,0.6454,0.6101,0.9314,0.5671,0
KM-109,66.62,64229,58.79,51.32,71626.0,89,1,2,0.4938,0.8794,0.3819,0.0,0.4691,0
KM-118,65.93,53203,68.53,45.97,164485.8,149,1,1,0.4847,0.6223,0.2235,0.0,0.3699,0
KM-111,53.37,36847,50.1,75.97,176828.8,44,0,0,0.2848,0.3126,0.6619,0.1704,0.3443,0
KM-107,33.2,39221,40.24,101.11,97768.5,39,2,0,0.2102,0.3433,1.0,0.8887,0.5371,0
KM-122,55.46,75506,49.99,55.56,66950.3,151,1,1,0.3576,0.9969,0.827,0.0,0.5398,0
KM-124,7.31,17836,57.41,63.47,71433.6,143,1,2,0.0553,0.2653,0.518,0.0,0.1893,0
KM-116,46.63,41089,62.95,59.09,63268.6,75,0,0,0.2174,0.3681,0.1946,0.0,0.207,0
KM-104,91.78,38777,52.0,51.18,142834.7,78,2,1,0.9424,0.4175,0.637,0.0,0.5616,0
KM-123,42.53,57180,42.89,49.33,173917.0,34,0,1,0.1809,0.6843,0.9352,0.0,0.4214,1
KM-103,9.22,6840,51.21,48.78,176080.9,110,2,0,0.1085,0.025,0.7164,0.0,0.1875,0
KM-115,80.55,68948,64.48,52.09,80493.8,88,2,1,0.7488,0.8801,0.1528,0.0,0.5127,0
KM-125,63.56,12948,66.31,59.81,7857.0,34,2,1,0.504,0.1451,0.051,0.0,0.2229,0
KM-119,29.42,65457,73.78,89.5,119308.1,87,0,0,0.0866,0.7401,0.1305,0.5572,0.3529,0
KM-116,65.12,21077,46.69,48.25,50582.0,3,1,0,0.4741,0.1352,0.7368,0.0,0.3471,1
KM-104,90.93,56802,73.71,98.88,23658.4,46,0,1,0.8269,0.6783,0.069,0.8252,0.6378,1
KM-110,74.25,42442,72.74,93.76,172329.9,42,1,1,0.6014,0.4664,0.063,0.6789,0.4755,1
KM-103,85.78,22188,43.64,49.21,41747.9,127,2,0,0.8359,0.1461,1.0,0.0,0.5291,1
KM-124,18.79,49071,44.79,88.61,94641.8,11,1,2,0.0853,0.6404,0.8249,0.5318,0.4613,0
KM-119,56.67,41398,56.0,58.53,107396.2,141,0,1,0.3211,0.4522,0.5715,0.0,0.3398,1
KM-108,61.35,46638,62.82,94.78,127348.9,176,1,2,0.4264,0.6051,0.3512,0.7081,0.5124,0
KM-114,62.16,29888,48.48,99.32,69001.3,19,1,1,0.4364,0.3084,0.6894,0.8376,0.5352,0
KM-119,27.73,61840,69.44,94.3,140866.2,33,2,2,0.1769,0.8396,0.0495,0.6942,0.4206,1
KM-106,88.58,68572,47.35,80.8,9134.9,81,3,1,0.9346,0.8736,0.8276,0.3086,0.7728,0
KM-109,34.28,2244,48.68,84.4,85504.5,146,2,0,0.2175,0.0047,0.8719,0.4113,0.334,0
KM-115,84.14,56245,48.66,58.3,131582.2,130,1,0,0.7579,0.5895,0.8485,0.0,0.5823,1
KM-118,67.07,43885,53.78,102.22,20103.8,132,1,0,0.4998,0.4063,0.6469,0.9206,0.59,0
KM-125,91.14,48550,69.64,61.53,133084.2,114,1,0,0.8807,0.4728,0.171,0.0,0.4606,0
KM-101,62.86,38475,57.15,59.04,104136.5,101,1,0,0.4451,0.3335,0.4655,0.0,0.3323,1
KM-118,72.44,61439,57.87,62.13,151638.0,64,4,2,0.7248,0.833,0.3811,0.0,0.5381,1
KM-103,40.51,40393,45.1,50.61,34279.2,19,3,1,0.3141,0.4388,0.8245,0.0,0.3845,0
KM-114,34.65,31491,68.25,61.94,110852.8,161,1,0,0.1701,0.247,0.2415,0.0,0.1696,0
KM-124,45.61,57614,67.09,89.47,128867.3,27,0,0,0.2081,0.6112,0.0405,0.5564,0.345,0
KM-123,45.34,37044,49.95,66.75,101797.7,47,1,0,0.2555,0.3151,0.6727,0.0,0.3027,0
KM-119,83.61,4148,66.29,98.24,30461.3,27,1,0,0.7491,0.0118,0.0405,0.8068,0.4346,0
KM-121,11.41,12997,65.93,52.76,92671.7,40,1,1,0.063,0.1455,0.06,0.0,0.0704,0
KM-104,65.42,20640,55.13,73.55,142005.3,171,1,2,0.478,0.291,0.6513,0.1014,0.3906,0
KM-109,40.27,64087,53.9,99.28,73003.3,63,2,1,0.2622,0.797,0.5386,0.8366,0.5661,1
KM-120,12.31,50925,70.18,97.46,123540.9,122,2,0,0.1151,0.5079,0.183,0.7846,0.3608,0
KM-123,43.38,15122,66.88,77.16,159323.5,23,1,0,0.2382,0.0822,0.0345,0.2045,0.1517,0
KM-118,45.47,3310,70.22,95.41,159082.1,85,3,0,0.3568,0.0084,0.1275,0.7259,0.2977,0
KM-112,7.47,57414,56.99,67.9,172966.4,58,2,1,0.1056,0.688,0.4074,0.0,0.2904,0
KM-112,34.04,16115,70.19,103.67,60977.9,48,1,1,0.1659,0.1704,0.072,0.9621,0.3075,0
KM-117,83.72,18072,65.4,63.8,62916.0,54,1,2,0.7509,0.2674,0.081,0.0,0.3458,0
KM-113,58.55,4687,41.04,85.14,83442.0,69,1,2,0.3928,0.1742,1.0,0.4325,0.4675,1
KM-111,48.43,44995,41.74,78.67,46025.4,27,3,1,0.3845,0.5018,0.9708,0.2477,0.5037,0
KM-118,16.72,67514,69.9,49.6,37298.9,15,0,1,0.028,0.8553,0.0225,0.0,0.2281,0
KM-122,23.61,70688,59.04,95.02,177347.1,5,1,0,0.1058,0.8306,0.2461,0.7148,0.4368,0
KM-115,25.93,25201,65.28,72.8,99517.2,81,1,0,0.1172,0.1768,0.1215,0.08,0.1255,0
KM-123,51.05,38146,60.4,47.97,176098.0,63,3,0,0.4106,0.3293,0.2784,0.0,0.2817,1
KM-113,19.26,65574,50.27,94.19,17975.0,175,0,0,0.0371,0.7421,0.8516,0.6911,0.5071,0
KM-122,8.73,58240,71.3,96.34,35580.2,71,1,0,0.0576,0.6212,0.1065,0.7527,0.3473,0
KM-107,34.23,11425,52.92,57.51,132347.6,110,2,0,0.2171,0.054,0.6483,0.0,0.2192,0
KM-115,46.49,54966,59.18,62.23,74042.3,172,0,0,0.2161,0.5695,0.4909,0.0,0.3162,0
KM-107,33.52,4631,72.77,46.62,16707.1,131,2,1,0.2124,0.0939,0.1965,0.0,0.1371,0
KM-101,92.12,6883,46.7,51.53,65682.2,86,1,0,0.8987,0.0252,0.861,0.0,0.4931,0
KM-105,36.7,65483,62.19,87.47,64282.6,115,1,3,0.1847,0.9806,0.285,0.4992,0.4666,1
KM-107,22.58,71920,63.69,93.18,9339.3,9,1,2,0.101,1.0,0.0658,0.6624,0.431,0
KM-113,59.25,45970,49.0,80.22,23773.4,156,4,2,0.5511,0.5956,0.8742,0.2921,0.575,1
KM-112,8.39,43659,55.0,77.74,47363.4,24,0,0,0.007,0.4032,0.4361,0.221,0.2347,0
KM-102,10.0,77682,43.19,85.67,31224.4,126,2,1,0.11,1.0,1.0,0.4476,0.578,0
KM-101,19.84,44161,45.42,65.18,176290.9,110,4,2,0.2394,0.5701,0.9484,0.0,0.416,0
KM-120,52.49,70362,40.8,68.72,112910.2,70,3,1,0.4256,0.9048,1.0,0.0,0.5752,1
KM-105,27.36,4179,58.51,87.49,109021.7,33,1,0,0.1249,0.0119,0.3091,0.4997,0.2085,0
KM-123,45.98,66898,64.98,77.66,172605.9,175,1,0,0.2614,0.7647,0.2632,0.219,0.3791,0
KM-114,6.43,36176,72.45,76.85,54254.3,100,0,0,0.0041,0.3041,0.15,0.1957,0.1466,0
KM-121,88.83,10116,59.72,87.34,100976.6,91,1,2,0.8391,0.205,0.3476,0.4955,0.5135,0
KM-121,18.6,69604,41.74,56.47,147221.4,107,1,0,0.0846,0.8116,1.0,0.0,0.4325,1
KM-103,76.96,45455,43.56,96.66,44994.5,150,2,1,0.6923,0.5083,1.0,0.7617,0.7217,0
KM-115,77.8,4392,47.09,78.39,98206.5,154,1,1,0.6553,0.0929,0.9475,0.2397,0.49,0
KM-120,18.82,11317,55.01,55.69,133914.2,54,0,0,0.0354,0.0532,0.4806,0.0,0.1218,0
KM-124,82.03,76184,43.12,87.13,163421.7,125,3,0,0.823,0.9293,1.0,0.4893,0.8182,1
KM-125,89.88,64872,60.47,69.21,99197.0,112,0,1,0.8078,0.8102,0.3493,0.0,0.5551,1
KM-119,81.58,31754,54.37,94.56,104941.9,4,2,1,0.7655,0.3301,0.4311,0.7018,0.577,0
KM-117,70.29,38802,60.14,79.28,97360.3,27,0,4,0.4941,0.6578,0.2348,0.2651,0.4374,0
KM-114,68.69,11819,74.99,47.15,73439.0,75,1,1,0.5218,0.1368,0.1125,0.0,0.2393,0
KM-120,24.75,62705,72.0,58.85,7855.7,157,0,0,0.0613,0.6939,0.2355,0.0,0.242,0
KM-123,65.19,30401,50.43,82.55,13017.4,100,2,0,0.525,0.2343,0.7329,0.3587,0.4606,1
KM-122,22.84,19672,48.79,73.08,30980.6,173,0,3,0.0522,0.3619,0.908,0.088,0.3079,1
KM-113,71.12,47940,74.2,51.74,162927.0,74,1,0,0.5559,0.4639,0.111,0.0,0.3327,0
KM-116,52.92,58214,51.69,100.86,89548.4,48,2,1,0.3801,0.7007,0.6042,0.8818,0.6054,0
KM-113,24.65,24321,40.92,99.05,171476.0,51,2,2,0.1608,0.3276,1.0,0.8299,0.5042,1
KM-107,53.95,27194,54.26,75.21,92830.9,47,1,1,0.341,0.2782,0.5001,0.1488,0.3187,0
KM-103,29.85,37288,44.83,94.78,89589.6,147,3,1,0.2391,0.3982,1.0,0.7079,0.5248,1
KM-107,21.93,39775,44.15,50.24,123977.0,79,4,1,0.2481,0.4306,0.9525,0.0,0.385,0
KM-114,66.22,76148,55.08,102.88,137592.2,145,0,1,0.4385,1.0,0.6143,0.9394,0.7142,0
KM-101,65.88,17492,46.72,101.26,163816.7,159,2,0,0.5341,0.1022,0.9695,0.8932,0.585,0
KM-122,82.91,75814,68.91,82.22,150703.8,134,1,0,0.7374,0.9225,0.201,0.3491,0.5988,1
KM-115,39.12,68382,49.61,93.43,61299.5,168,0,0,0.153,0.7903,0.8675,0.6693,0.5585,0
KM-119,24.54,5077,52.1,47.36,143303.0,43,3,0,0.2102,0.016,0.5806,0.0,0.1937,0
KM-102,28.11,51236,55.94,86.37,32460.6,115,2,2,0.179,0.6725,0.5349,0.4676,0.4313,0
KM-107,32.43,24645,55.34,57.47,63313.5,146,2,0,0.2051,0.171,0.6055,0.0,0.2357,0
KM-121,56.72,29789,57.24,68.91,11950.6,85,0,0,0.3217,0.2272,0.4381,0.0,0.257,1
KM-125,78.53,16313,67.57,52.17,60344.4,14,0,1,0.6166,0.1721,0.021,0.0,0.263,1
KM-113,11.85,75180,61.47,103.96,150863.3,21,1,1,0.064,0.991,0.1728,0.9703,0.4988,0
KM-106,6.94,63293,53.88,75.08,57795.5,130,0,1,0.0048,0.7837,0.6399,0.1453,0.3547,0
KM-115,69.72,38037,44.29,88.11,28084.3,17,3,0,0.6361,0.3278,0.8539,0.5175,0.5789,0
KM-115,71.69,9700,47.09,75.02,18548.3,20,1,0,0.5639,0.0422,0.7465,0.1434,0.3859,0
KM-114,71.04,72260,52.48,84.25,104234.7,178,5,1,0.7547,0.9384,0.7677,0.4072,0.7337,1
KM-108,48.2,29611,41.99,64.42,15039.7,41,1,2,0.2823,0.3852,0.9821,0.0,0.3915,0
KM-119,62.84,44045,58.07,65.44,56124.3,123,2,2,0.4949,0.5685,0.4615,0.0,0.4077,0
KM-116,81.19,39726,40.69,69.35,174114.2,160,2,0,0.7592,0.3499,1.0,0.0,0.5532,0
KM-102,74.72,69752,53.16,90.41,136057.4,159,2,1,0.6582,0.8941,0.7122,0.5832,0.713,1
KM-121,5.54,1845,72.34,60.0,148850.4,149,0,1,0.0031,0.0835,0.2235,0.0,0.0666,0
KM-119,44.3,11188,42.67,75.46,107398.9,154,1,2,0.2463,0.2123,1.0,0.1561,0.3705,0
KM-107,65.3,60487,49.21,82.85,156332.0,73,0,1,0.4264,0.7374,0.7409,0.3672,0.5552,0
KM-101,35.77,68611,56.08,101.16,78728.4,170,0,0,0.128,0.7942,0.6118,0.8903,0.5438,0
KM-122,61.45,7122,54.97,74.93,150462.1,18,2,1,0.4777,0.1066,0.4281,0.1408,0.3076,0
KM-119,81.83,6903,70.85,101.78,73873.2,40,3,3,0.8197,0.2653,0.06,0.9079,0.5468,0
KM-120,15.93,15828,44.42,96.8,106697.7,7,1,3,0.0754,0.328,0.8339,0.7656,0.4283,0
KM-119,36.49,75527,67.05,67.61,141466.4,177,4,1,0.3332,0.9973,0.2655,0.0,0.419,0
KM-109,16.16,13642,57.06,99.02,168203.5,57,2,2,0.1261,0.2304,0.4029,0.8292,0.3482,0
KM-110,59.94,54854,45.55,65.8,179294.4,136,2,1,0.4593,0.6478,0.9821,0.0,0.5191,0
KM-120,26.66,2827,61.22,97.58,40046.0,147,3,0,0.2211,0.0066,0.3718,0.788,0.311,0
KM-118,78.3,26572,65.95,73.6,121147.8,96,1,1,0.6631,0.2714,0.144,0.1028,0.3493,0
KM-102,72.39,36782,44.36,85.71,40671.8,72,1,0,0.5741,0.3118,0.9337,0.4489,0.5554,1
KM-110,10.91,50355,47.2,69.77,35331.9,113,1,0,0.0619,0.4994,0.8817,0.0,0.3228,0
KM-101,29.77,3017,42.03,93.62,33380.9,100,1,1,0.1386,0.0873,1.0,0.6749,0.4053,0
KM-117,24.54,1415,42.94,51.82,128178.5,60,3,1,0.2102,0.0824,0.9722,0.0,0.2886,0
KM-113,10.76,11708,74.17,45.36,125778.9,92,1,0,0.0616,0.056,0.138,0.0,0.0631,0
KM-116,89.21,31894,47.64,45.42,81677.1,68,2,0,0.8959,0.2517,0.7964,0.0,0.5358,1
KM-112,33.81,11325,65.73,52.24,66088.1,114,2,1,0.2143,0.1333,0.171,0.0,0.1425,0
KM-124,39.89,64780,64.77,70.64,112275.5,105,3,0,0.3091,0.7287,0.1666,0.0183,0.3274,0
KM-118,37.54,69051,50.38,100.83,127429.0,17,3,0,0.2909,0.8019,0.6103,0.8809,0.6005,1
KM-114,75.89,30432,51.77,91.84,81193.2,27,3,1,0.726,0.3146,0.5695,0.624,0.5715,1
KM-108,18.95,30920,52.48,71.06,28721.1,44,4,0,0.2359,0.2403,0.5668,0.0302,0.2621,0
KM-114,36.38,9066,69.41,103.75,59357.1,113,1,3,0.1824,0.2781,0.1695,0.9644,0.3601,0
KM-111,37.23,68976,61.54,53.97,82042.8,120,0,1,0.1386,0.8806,0.3186,0.0,0.3324,0
KM-125,41.35,7129,54.57,68.96,118946.3,96,2,0,0.271,0.0266,0.5611,0.0,0.2137,0
KM-106,44.05,76610,41.05,99.27,173458.8,179,0,0,0.1941,0.9371,1.0,0.8363,0.6695,0
KM-108,35.78,57079,74.57,83.35,93331.1,165,0,0,0.1281,0.6027,0.2475,0.3815,0.3213,0
KM-124,36.3,63910,63.4,77.74,31385.7,8,1,1,0.1818,0.794,0.0758,0.2212,0.3215,1
KM-118,11.1,45659,48.85,86.91,122575.1,170,2,0,0.1123,0.4312,0.9011,0.4831,0.424,0
KM-119,16.21,45541,45.51,60.31,92329.6,161,2,0,0.1263,0.4295,1.0,0.0,0.3516,0
KM-114,71.02,68494,51.72,101.29,86973.9,52,1,0,0.5544,0.7922,0.6094,0.894,0.6928,0
KM-123,87.09,5974,67.74,95.15,161065.9,142,2,1,0.8585,0.1004,0.213,0.7187,0.5119,1
KM-108,74.01,15549,44.13,91.11,171118.6,161,1,0,0.5977,0.0857,1.0,0.6032,0.5513,0
KM-113,15.4,77469,63.12,89.82,111315.8,102,0,0,0.0237,0.9529,0.2283,0.5662,0.4054,0
KM-109,74.71,21249,43.23,96.74,133963.1,140,4,0,0.7582,0.1369,1.0,0.7641,0.6524,1
KM-101,72.68,36680,44.49,61.79,147847.2,135,2,0,0.6282,0.3105,1.0,0.0,0.4975,0
KM-117,37.7,18164,52.87,73.18,178141.0,61,0,1,0.1421,0.1882,0.5768,0.0909,0.2303,0
KM-102,87.13,61576,52.3,92.67,124752.3,9,1,0,0.8092,0.6753,0.5214,0.6478,0.6859,0
KM-115,17.27,75448,59.01,46.71,16949.0,81,1,0,0.0798,0.9159,0.3613,0.0,0.3292,0
KM-108,46.9,53323,73.49,58.75,84895.2,63,2,1,0.3199,0.6242,0.0945,0.0,0.2869,0
KM-114,40.2,40108,70.0,85.66,174588.6,134,3,0,0.3116,0.355,0.201,0.4474,0.3275,0
KM-118,66.43,64049,51.94,93.54,114913.5,125,0,0,0.4413,0.7164,0.71,0.6725,0.6101,0
KM-110,47.94,21274,53.87,59.59,141625.5,68,0,1,0.2299,0.2171,0.5473,0.0,0.2442,0
KM-109,10.58,79830,70.86,56.75,37797.3,92,1,0,0.0612,0.9968,0.138,0.0,0.2982,0
KM-119,28.25,47633,50.14,102.61,79943.1,172,3,0,0.2298,0.4594,0.8525,0.9316,0.5521,0
KM-114,21.08,56355,64.76,99.89,139216.4,174,1,1,0.0944,0.6712,0.2707,0.854,0.4258,0
KM-108,84.31,57755,72.5,57.33,82471.3,108,3,3,0.8608,0.8534,0.162,0.0,0.547,1
KM-102,92.39,73255,57.92,49.72,39045.5,148,0,1,0.8536,0.9562,0.5052,0.0,0.6389,1
KM-118,67.15,4149,72.71,93.91,174429.7,78,2,2,0.5509,0.1718,0.117,0.6832,0.3958,0
KM-109,28.76,48438,50.67,102.17,20045.8,57,2,2,0.1827,0.6311,0.6589,0.9191,0.5373,0
KM-112,7.18,59229,61.07,45.08,117485.9,63,0,0,0.0052,0.637,0.2517,0.0,0.2114,1
KM-115,60.69,30560,71.08,88.6,42051.9,106,2,0,0.4684,0.2361,0.159,0.5315,0.361,0
KM-123,62.34,58344,57.5,55.63,29929.3,142,2,1,0.4886,0.7028,0.513,0.0,0.4493,1
KM-114,65.67,47992,74.68,58.88,7644.6,22,1,1,0.4812,0.5446,0.033,0.0,0.3112,0
KM-125,84.74,33284,65.39,77.99,138683.4,76,2,0,0.818,0.2684,0.114,0.2283,0.4219,1
KM-112,25.3,71565,41.84,78.17,178038.1,69,2,0,0.164,0.8461,1.0,0.2335,0.5156,1
KM-110,91.45,42457,57.91,90.11,57837.2,104,0,0,0.8363,0.3866,0.4396,0.5746,0.5922,0
KM-108,63.13,2463,44.97,98.66,153796.8,142,5,1,0.6485,0.0854,1.0,0.8188,0.6121,0
KM-124,32.42,8012,71.31,67.02,124767.1,28,0,1,0.1051,0.1117,0.042,0.0,0.0731,0
KM-115,43.75,78485,62.98,91.66,5371.2,127,4,0,0.3914,0.9717,0.2712,0.6189,0.5579,0
KM-121,71.73,64481,73.32,48.73,88901.9,32,0,1,0.5145,0.8036,0.048,0.0,0.3906,0
KM-114,78.18,12116,61.3,71.64,175972.5,125,0,1,0.6112,0.1389,0.3353,0.0467,0.3251,0
KM-108,70.85,7623,70.44,90.49,5810.2,7,1,3,0.5519,0.2694,0.0105,0.5854,0.3797,0
KM-114,83.33,31219,70.97,50.39,134373.6,34,3,1,0.8444,0.3238,0.051,0.0,0.3867,0
KM-122,12.09,60619,71.41,87.2,150398.9,28,4,0,0.2146,0.6596,0.042,0.4914,0.3467,0
KM-108,29.89,51248,48.04,55.12,151226.2,113,1,0,0.1394,0.5127,0.848,0.0,0.3466,0
KM-124,66.18,64594,74.14,66.55,132034.0,2,2,0,0.5379,0.7255,0.003,0.0,0.3703,0
KM-104,18.37,50812,66.21,47.75,32084.1,103,2,2,0.1337,0.6662,0.1545,0.0,0.2443,0
KM-115,10.11,53427,47.06,98.66,55188.4,88,3,1,0.1602,0.6258,0.8496,0.8189,0.5462,1
KM-110,84.34,75509,43.05,62.56,116663.4,5,0,0,0.7113,0.917,0.8857,0.0,0.6553,1
KM-117,57.73,57969,55.33,69.75,56043.6,139,0,2,0.3333,0.7768,0.5955,0.0,0.43,0
KM-112,83.8,75194,71.93,48.93,66861.4,115,1,3,0.7522,1.0,0.1725,0.0,0.5478,1
KM-123,28.57,45420,47.26,55.55,102977.8,168,2,0,0.1816,0.4278,0.9617,0.0,0.3629,0
KM-119,90.69,24518,62.07,62.64,178992.3,118,0,0,0.8224,0.1697,0.2941,0.0,0.3891,0
KM-115,44.24,65410,67.82,100.72,40296.7,13,0,0,0.1957,0.7393,0.0195,0.8777,0.4328,0
KM-116,87.23,36647,51.45,82.43,5414.5,156,2,1,0.8609,0.39,0.7759,0.3551,0.625,0
KM-108,47.27,54151,44.63,45.08,125349.7,77,2,1,0.3234,0.6369,0.9304,0.0,0.4585,0
KM-106,11.29,76690,72.42,76.65,29315.8,5,0,0,0.0127,0.9386,0.0075,0.1899,0.2786,0
KM-122,83.81,41494,68.31,61.61,173664.0,64,1,0,0.7524,0.3735,0.096,0.0,0.3759,0
KM-118,32.6,60161,45.99,103.09,14268.4,88,0,2,0.1063,0.8121,0.8924,0.9454,0.6078,1
KM-109,54.74,77581,71.96,84.94,106591.1,16,0,1,0.2996,1.0,0.024,0.427,0.4451,0
KM-119,92.49,26232,54.26,78.6,37807.9,102,1,2,0.9054,0.3478,0.5824,0.2457,0.5695,0
KM-106,33.33,70409,64.36,93.72,170769.1,79,1,0,0.1611,0.8257,0.144,0.6777,0.4271,0
KM-105,87.02,79846,71.3,69.73,153392.6,117,2,1,0.8573,1.0,0.1755,0.0,0.5851,0
KM-117,92.66,49910,50.79,90.89,88236.8,103,2,0,0.9586,0.4928,0.7229,0.5968,0.7227,0
KM-111,23.46,21908,50.75,90.22,89223.8,75,1,1,0.105,0.2233,0.6826,0.5778,0.3447,0
KM-103,90.04,68519,63.16,96.37,32951.7,159,3,0,0.9608,0.7927,0.3119,0.7536,0.7475,1
KM-106,82.88,2641,63.39,56.13,86600.1,26,0,0,0.687,0.006,0.1033,0.0,0.2626,1
KM-117,8.57,62855,57.64,86.21,60797.9,176,1,0,0.0573,0.6964,0.5583,0.463,0.3984,0
KM-113,64.77,28755,52.95,72.28,85232.4,131,0,1,0.4196,0.2955,0.6786,0.065,0.3694,0
KM-108,20.57,79641,73.84,57.69,62256.7,8,3,3,0.1923,1.0,0.012,0.0,0.3197,0
KM-125,80.09,62424,44.44,52.16,93631.8,110,1,2,0.6914,0.8493,0.9874,0.0,0.6518,0
KM-115,68.5,21792,54.89,49.61,132797.5,108,0,0,0.4692,0.1422,0.5662,0.0,0.313,0
KM-112,74.31,27677,54.48,66.13,23821.5,70,2,0,0.6523,0.2035,0.5259,0.0,0.3844,1
KM-119,26.87,27973,43.66,95.77,61927.7,40,1,1,0.1222,0.2868,0.9135,0.7362,0.4444,0
KM-116,94.83,30018,43.97,97.51,45916.7,143,3,0,1.0,0.2298,1.0,0.7861,0.7647,1
KM-125,26.93,35220,53.17,71.29,124914.9,63,1,2,0.1225,0.4521,0.5676,0.0369,0.2768,0
KM-103,58.3,69591,49.54,74.67,19168.6,133,0,1,0.3399,0.8913,0.8181,0.1335,0.5321,0
KM-110,40.38,60519,56.49,75.69,39217.0,138,2,0,0.2631,0.658,0.5474,0.1625,0.3986,0
KM-116,29.95,8997,57.07,93.63,158281.9,114,1,1,0.1397,0.1177,0.4881,0.6751,0.311,1
KM-112,76.31,32265,70.04,61.14,48979.5,31,0,2,0.5824,0.4161,0.0465,0.0,0.3172,0
KM-122,74.07,59750,70.77,64.97,31692.4,178,1,2,0.5987,0.8055,0.267,0.0,0.4643,0
KM-105,59.61,16343,40.3,98.5,164416.1,74,1,1,0.4053,0.1723,1.0,0.8144,0.5478,0
KM-109,9.48,35106,60.05,97.06,108948.8,121,0,0,0.009,0.2907,0.3795,0.7731,0.3063,0
KM-109,11.42,11202,63.6,54.27,47701.0,137,1,1,0.063,0.1324,0.2614,0.0,0.1074,0
KM-114,68.63,70688,57.35,72.13,50462.1,66,2,1,0.571,0.9106,0.405,0.0608,0.5207,1
KM-112,25.08,3900,50.16,57.32,90190.1,169,1,2,0.1129,0.1708,0.847,0.0,0.2516,0
KM-120,5.92,14061,42.38,80.22,50092.6,28,2,0,0.1035,0.0737,0.9467,0.292,0.3024,0
KM-117,30.55,35234,65.52,59.03,120999.5,154,3,0,0.2433,0.2923,0.231,0.0,0.2044,0
KM-111,51.79,36504,64.53,64.45,32856.8,160,0,0,0.2683,0.3082,0.2587,0.0,0.2227,1
KM-125,57.95,21713,68.87,85.01,126909.5,146,1,1,0.3858,0.2214,0.219,0.4288,0.3199,0
KM-122,86.25,47657,50.73,57.95,173979.5,101,1,0,0.7939,0.4598,0.7225,0.0,0.5373,0
KM-110,55.55,39184,58.65,72.32,71223.6,152,2,0,0.4086,0.3428,0.482,0.0662,0.3383,0
KM-107,6.35,59372,55.45,55.12,153191.3,22,1,0,0.054,0.6393,0.4151,0.0,0.2618,1
KM-112,57.93,48246,52.04,80.85,130526.0,56,2,0,0.4356,0.4683,0.6023,0.3101,0.452,0
KM-124,58.73,75970,40.18,53.76,142684.1,59,0,3,0.3449,1.0,1.0,0.0,0.5707,1
KM-104,30.44,61816,57.07,72.87,143600.6,157,3,1,0.2426,0.7592,0.5527,0.0819,0.4016,1
KM-121,67.85,72985,64.95,78.44,75670.7,88,2,1,0.5604,0.9514,0.1341,0.2412,0.509,0
KM-121,76.53,63207,72.86,48.34,157499.9,1,1,3,0.6357,0.9423,0.0015,0.0,0.4584,1
KM-114,66.25,21384,65.72,47.77,125527.6,148,0,0,0.4389,0.1382,0.222,0.0,0.2326,0
KM-118,5.54,36602,60.69,76.97,52697.3,136,3,1,0.1531,0.3895,0.3764,0.1992,0.2661,0
KM-123,69.54,50054,59.13,49.81,151114.8,155,3,0,0.6336,0.4949,0.4674,0.0,0.439,0
KM-105,65.69,73042,55.89,61.89,26949.2,169,2,1,0.5315,0.9524,0.6179,0.0,0.5477,1
KM-109,78.1,60642,61.61,62.19,138383.4,167,3,1,0.76,0.74,0.3861,0.0,0.5282,1
KM-105,8.43,73822,68.19,59.45,140512.3,70,4,1,0.2071,0.9664,0.105,0.0,0.3351,0
KM-113,85.05,61527,44.91,61.57,60556.0,163,0,2,0.7234,0.8345,1.0,0.0,0.6618,0
KM-121,21.46,23295,50.48,102.03,28810.5,17,1,0,0.0961,0.1571,0.6063,0.9153,0.3772,1
KM-114,27.77,38612,72.44,48.52,78278.6,97,0,1,0.0771,0.4153,0.1455,0.0,0.1599,0
KM-112,70.6,78620,41.16,70.02,80976.3,99,4,0,0.6985,0.9742,1.0,0.0007,0.6882,1
KM-114,83.77,58961,51.64,68.27,9618.6,5,3,0,0.8518,0.6327,0.5419,0.0,0.5647,0
KM-115,54.14,75641,54.26,79.23,63357.2,153,1,1,0.3431,0.9994,0.6592,0.2637,0.5545,0
KM-102,75.92,27119,69.94,95.64,110640.4,42,4,0,0.7764,0.1974,0.063,0.7325,0.4802,1
KM-107,71.07,47933,69.9,51.76,101958.2,110,2,0,0.6051,0.4638,0.165,0.0,0.3607,0
KM-101,11.4,59786,45.55,51.85,130098.5,148,3,2,0.163,0.806,1.0,0.0,0.4586,0
KM-124,14.63,3510,55.42,73.47,175733.3,39,1,1,0.0714,0.0892,0.4418,0.0992,0.1555,0
KM-103,71.71,29889,60.09,78.87,106421.6,45,0,0,0.5142,0.2284,0.2641,0.2533,0.3405,0
KM-105,31.82,15955,71.85,48.89,11603.0,144,0,0,0.1013,0.0891,0.216,0.0,0.1009,0
KM-103,48.9,69231,45.68,49.42,87551.9,129,1,0,0.2891,0.805,0.9664,0.0,0.4957,0
KM-102,72.96,57089,72.45,81.73,72450.8,129,0,1,0.5323,0.6828,0.1935,0.3352,0.4628,0
KM-113,61.77,5723,69.13,91.13,82912.3,102,1,1,0.4316,0.0991,0.153,0.6038,0.3272,0
KM-125,68.64,25534,46.29,97.12,37120.6,136,1,1,0.5211,0.2603,0.9524,0.7748,0.5929,0
KM-105,13.52,23528,70.29,69.78,173574.2,153,1,2,0.0683,0.3195,0.2295,0.0,0.1497,0
KM-103,33.09,1645,70.02,95.67,55155.7,76,0,1,0.1095,0.0829,0.114,0.7334,0.2285,0
KM-101,69.29,19748,67.14,85.49,30876.4,72,1,2,0.5301,0.2826,0.108,0.4426,0.3663,0
KM-111,47.2,28463,40.76,90.45,77246.4,154,2,1,0.3228,0.2922,1.0,0.5842,0.5029,0
KM-116,47.63,31615,42.53,89.99,37838.1,92,2,3,0.3268,0.4884,1.0,0.5712,0.5507,0
KM-112,27.34,37730,42.27,103.69,156664.7,141,1,2,0.1248,0.4839,1.0,0.9626,0.5572,0
KM-124,76.79,15198,74.28,90.04,69069.8,3,1,1,0.6396,0.1628,0.0045,0.5725,0.38,1
KM-120,93.78,48676,69.03,81.74,83046.5,161,3,0,1.0,0.4746,0.2415,0.3355,0.5841,0
KM-110,82.03,77014,61.93,95.09,27780.9,167,1,0,0.7229,0.9445,0.3733,0.717,0.7072,1
KM-116,11.75,59654,57.77,99.42,22959.6,36,1,1,0.0638,0.7239,0.3433,0.8405,0.4401,1
KM-113,37.9,51891,73.57,97.31,44663.0,116,2,2,0.2436,0.6824,0.174,0.7803,0.4467,1
KM-112,60.83,44148,66.61,99.57,33369.6,41,2,1,0.47,0.49,0.0615,0.8448,0.4682,0
KM-122,14.36,60104,62.36,83.75,171922.2,99,3,0,0.1706,0.6512,0.2543,0.393,0.352,0
KM-117,62.39,57067,65.09,71.76,72904.2,178,0,0,0.3892,0.6025,0.267,0.0504,0.3503,0
KM-106,49.12,41687,63.79,82.73,104196.9,137,2,1,0.3413,0.4562,0.2541,0.3638,0.3571,0
KM-102,42.32,10202,54.97,103.41,10882.9,132,0,0,0.1791,0.0455,0.5993,0.9545,0.3848,0
KM-104,10.73,41138,48.12,93.43,14350.2,45,1,1,0.0615,0.4487,0.7426,0.6695,0.4161,0
KM-109,60.87,8421,64.76,64.19,159144.6,3,0,0,0.3706,0.0342,0.0139,0.0,0.141,0
KM-114,21.5,12703,53.14,67.75,91261.3,20,0,0,0.0462,0.0633,0.5043,0.0,0.1328,1
KM-107,76.25,46945,48.2,61.03,145493.3,155,1,2,0.6315,0.6095,0.9045,0.0,0.5543,0
KM-116,59.52,55139,52.11,83.92,24907.7,177,2,3,0.4543,0.8122,0.7809,0.3976,0.5978,0
KM-107,13.8,44607,65.82,91.62,59318.9,57,0,1,0.019,0.4964,0.0855,0.6178,0.2714,0
KM-113,38.11,21901,55.98,57.2,176685.5,56,2,0,0.2452,0.1432,0.4446,0.0,0.2106,0
KM-108,43.9,41196,65.92,53.12,155430.2,42,2,0,0.2927,0.3695,0.063,0.0,0.2074,0
KM-107,13.52,1045,71.22,66.53,115320.7,140,0,0,0.0183,0.0015,0.21,0.0,0.0488,0
KM-107,44.26,70012,54.74,95.23,64999.6,170,3,1,0.3459,0.8987,0.6653,0.7207,0.6229,1
KM-107,65.44,39374,57.59,102.76,16051.0,5,0,1,0.4282,0.4253,0.3037,0.936,0.5042,1
KM-102,73.12,23776,47.09,68.02,106398.6,111,2,2,0.6347,0.322,0.8828,0.0,0.4792,0
KM-115,25.35,8409,62.05,69.43,60789.2,174,3,1,0.2143,0.1141,0.379,0.0,0.1793,0
KM-104,31.55,60502,57.1,65.0,91721.7,164,1,0,0.1496,0.6577,0.562,0.0,0.3292,1
KM-106,52.89,21595,49.95,57.55,127561.5,109,1,0,0.3298,0.1402,0.7657,0.0,0.3036,0
KM-125,28.05,63148,64.28,83.04,105716.8,114,1,0,0.1287,0.7013,0.1998,0.3724,0.3348,0
KM-112,53.91,68383,54.16,68.67,173878.5,50,0,2,0.2906,0.9503,0.5086,0.0,0.441,0
KM-124,54.29,59720,43.25,95.7,161512.7,61,3,1,0.4448,0.725,0.9614,0.7343,0.6761,0
KM-118,39.43,60870,43.69,73.9,169279.2,112,2,1,0.2554,0.7437,1.0,0.1114,0.4976,0
KM-119,49.31,7535,40.53,98.78,113435.6,174,2,1,0.3431,0.1089,1.0,0.8223,0.5118,1
KM-119,78.9,4023,71.53,75.31,33029.0,120,0,1,0.6225,0.0913,0.18,0.1518,0.307,0
KM-119,75.4,18342,53.2,55.93,18505.4,173,0,1,0.5686,0.1898,0.7317,0.0,0.3928,0
KM-101,14.76,79618,53.75,59.08,153754.4,86,1,1,0.0718,1.0,0.5791,0.0,0.3909,0
KM-114,81.94,63763,51.99,102.0,164917.8,70,1,0,0.7215,0.7116,0.6255,0.9144,0.7384,1
KM-123,80.75,76965,63.51,60.65,117427.0,15,1,0,0.7021,0.9436,0.0822,0.0,0.4981,0
KM-108,48.3,43323,72.8,81.08,98549.9,136,0,1,0.2333,0.4785,0.204,0.3166,0.3054,0
KM-120,48.9,17356,57.95,72.56,11810.3,119,0,0,0.2391,0.1011,0.4606,0.0731,0.2157,0
KM-116,31.37,64203,49.52,70.0,54471.9,93,2,0,0.1984,0.7189,0.7587,0.0,0.4009,0
KM-103,68.41,2157,41.02,47.98,57198.2,52,1,1,0.518,0.0844,1.0,0.0,0.4024,0
KM-117,65.92,23566,51.65,46.22,80240.9,75,0,2,0.4346,0.3199,0.6463,0.0,0.3613,0
KM-102,17.67,61128,44.72,65.0,38375.3,48,2,0,0.1312,0.6679,0.883,0.0,0.3895,0
KM-122,52.75,3925,63.53,58.39,72810.0,153,0,0,0.2782,0.0109,0.2881,0.0,0.1577,0
KM-121,17.75,14990,44.4,63.19,139682.4,152,0,1,0.0315,0.1611,1.0,0.0,0.2513,0
KM-116,81.89,8567,66.15,79.36,70024.2,16,1,1,0.7206,0.115,0.024,0.2674,0.3392,1
KM-120,29.06,71091,48.65,69.65,101157.9,49,0,1,0.0844,0.9177,0.7277,0.0,0.4045,0
KM-124,94.28,22302,65.82,88.19,170699.3,42,1,0,0.939,0.1472,0.063,0.5197,0.482,0
KM-119,22.46,54676,50.52,99.66,36808.0,82,2,0,0.1504,0.565,0.7022,0.8476,0.5039,1
KM-122,76.35,1714,66.88,69.32,122491.5,101,3,0,0.733,0.0031,0.1515,0.0,0.2876,0
KM-111,92.06,16665,69.29,102.83,5768.8,3,2,2,0.9475,0.2551,0.0045,0.9381,0.5839,1
KM-112,19.92,38881,65.12,59.31,88463.1,113,2,0,0.1397,0.3388,0.1695,0.0,0.1675,0
KM-101,83.83,20551,57.47,54.23,92856.5,103,1,2,0.7527,0.2902,0.4557,0.0,0.4271,1
KM-103,79.43,70835,59.09,65.01,173718.3,5,0,2,0.631,0.9932,0.2441,0.0,0.518,1
KM-103,67.25,75618,56.81,101.27,59177.1,132,2,2,0.5522,1.0,0.5255,0.8935,0.7271,0
KM-114,50.7,58065,50.41,74.2,75453.5,107,2,1,0.357,0.6984,0.7442,0.12,0.4724,0
KM-102,45.04,58900,66.2,65.44,53746.8,42,3,1,0.3529,0.7117,0.063,0.0,0.314,0
KM-125,84.88,77320,54.01,79.51,40032.3,157,3,2,0.8705,1.0,0.6751,0.2718,0.744,0
KM-101,67.72,62100,41.73,48.08,25118.0,143,1,0,0.5085,0.6839,1.0,0.0,0.549,0
KM-115,72.49,77729,46.8,83.78,28946.1,165,3,0,0.6755,0.9577,0.9754,0.3938,0.7497,1
KM-122,12.16,74811,69.41,87.83,121078.5,155,3,1,0.1648,0.9843,0.2325,0.5093,0.4521,0
KM-104,43.21,45046,67.12,81.77,139216.1,7,0,0,0.1867,0.4225,0.0105,0.3363,0.2403,0
KM-116,80.5,35893,69.75,95.08,46971.5,157,1,2,0.6981,0.4605,0.2355,0.7165,0.5499,0
KM-114,32.66,31616,45.0,56.56,15519.6,43,0,0,0.1067,0.2484,0.8646,0.0,0.2724,0
KM-121,30.05,34372,57.41,70.82,35795.9,103,0,2,0.0903,0.4416,0.4583,0.0235,0.2384,1
KM-120,59.04,23164,54.53,98.39,157024.4,95,0,1,0.3486,0.2358,0.5612,0.8111,0.4554,0
KM-108,13.51,42496,51.96,98.42,55099.8,49,2,1,0.1183,0.4672,0.5951,0.8121,0.4396,0
KM-101,34.75,61414,54.75,46.66,172775.5,72,3,0,0.2707,0.6726,0.5182,0.0,0.3665,0
KM-122,11.15,1997,53.07,104.56,119077.4,172,3,2,0.1624,0.1639,0.7353,0.9874,0.4424,1
KM-106,6.77,38059,56.83,72.47,21791.6,85,3,0,0.1546,0.3281,0.4543,0.0706,0.2411,0
KM-109,21.77,22039,44.34,63.37,123697.3,3,1,0,0.0974,0.1446,0.8309,0.0,0.2364,0
KM-119,72.11,49488,49.79,70.82,81364.2,179,2,1,0.62,0.5665,0.8769,0.0235,0.5387,0
KM-104,67.46,6263,46.54,71.88,9129.7,158,2,0,0.5551,0.0219,0.9754,0.0539,0.4056,1
KM-112,55.15,14121,71.66,91.63,179635.8,75,1,0,0.3542,0.0742,0.1125,0.618,0.2886,1
KM-123,77.76,42995,45.23,104.79,100129.1,172,1,0,0.6546,0.394,1.0,0.994,0.7264,0
KM-120,11.53,55825,55.71,74.82,138759.2,105,2,3,0.1133,0.8229,0.529,0.1379,0.3788,0
KM-115,67.65,24113,46.16,46.0,134392.4,144,1,0,0.5077,0.1655,0.9696,0.0,0.413,0
KM-116,6.46,42246,73.01,53.13,162573.2,16,1,1,0.0542,0.4637,0.024,0.0,0.1397,0
KM-103,50.72,60802,62.02,65.06,44712.7,4,2,0,0.3572,0.6626,0.1251,0.0,0.3157,0
KM-106,67.29,27690,57.83,53.26,70233.0,74,4,1,0.6528,0.2836,0.3978,0.0,0.3789,1
KM-103,47.51,14179,50.88,76.02,147637.7,89,0,0,0.2257,0.0746,0.6982,0.1721,0.2717,0
KM-103,42.75,50568,63.03,51.99,170428.2,20,1,0,0.2328,0.5025,0.1087,0.0,0.2289,0
KM-103,10.05,24944,54.07,46.59,153198.6,88,1,1,0.0601,0.2541,0.5692,0.0,0.1984,0
KM-107,7.65,50112,45.03,60.26,90796.5,34,3,0,0.1559,0.4958,0.85,0.0,0.3485,0
KM-117,92.47,55552,44.41,58.99,179935.0,31,1,1,0.905,0.6586,0.8699,0.0,0.6554,1
KM-121,66.5,27101,41.61,47.39,127885.8,132,5,2,0.6923,0.3572,1.0,0.0,0.5316,0
KM-114,6.75,47546,61.98,88.6,110048.2,172,1,1,0.0546,0.5382,0.379,0.5315,0.3357,0
KM-113,91.77,33424,72.29,89.67,64852.0,50,2,0,0.9423,0.2701,0.075,0.562,0.5247,0
KM-102,72.24,61070,52.87,59.89,70453.5,26,1,1,0.5719,0.747,0.5242,0.0,0.4917,1
KM-124,48.3,46057,55.04,63.68,51834.2,51,1,0,0.2833,0.4368,0.4749,0.0,0.3033,1
KM-112,67.68,57490,40.79,100.15,155648.1,88,4,0,0.658,0.6092,1.0,0.8614,0.7549,0
KM-105,67.27,50034,56.64,83.15,73789.1,44,2,0,0.5525,0.4946,0.4005,0.3757,0.4723,0
KM-125,34.78,67433,63.17,91.75,100011.3,133,3,0,0.271,0.7739,0.2727,0.6213,0.4671,0
KM-121,57.8,76493,48.98,79.61,62680.5,123,4,0,0.5341,0.935,0.8252,0.2746,0.6406,1
KM-101,25.38,28057,57.31,47.61,101045.4,169,1,1,0.1144,0.2877,0.5611,0.0,0.2242,0
KM-119,13.5,66309,41.61,53.77,12940.9,69,1,2,0.0682,0.9146,1.0,0.0,0.4525,0
KM-104,50.01,13458,69.31,103.27,167872.4,177,2,3,0.3501,0.309,0.2655,0.9506,0.443,0
KM-124,6.66,2629,47.23,60.09,162489.7,169,2,0,0.1044,0.006,0.9643,0.0,0.2309,0
KM-110,25.22,53921,55.02,90.5,61906.4,124,2,2,0.1636,0.7134,0.5852,0.5856,0.4698,1
KM-123,35.74,74123,59.64,56.47,143100.2,51,1,1,0.1777,0.9719,0.2908,0.0,0.3633,0
KM-118,85.31,74540,40.01,73.61,162927.2,128,3,2,0.8777,1.0,1.0,0.1031,0.7778,1
KM-118,31.47,14351,46.5,98.11,21277.5,156,0,0,0.099,0.076,0.9741,0.8032,0.4091,0
KM-121,51.97,52949,61.09,49.6,177556.2,82,0,1,0.2701,0.6185,0.2793,0.0,0.305,1
KM-117,82.52,15446,46.89,56.86,96524.0,134,4,0,0.8809,0.0848,0.9253,0.0,0.5146,0
KM-124,48.36,22689,64.24,52.92,79902.4,179,0,0,0.2339,0.151,0.2988,0.0,0.1794,0
KM-115,54.82,45199,69.94,50.63,128033.2,26,0,3,0.3005,0.6647,0.039,0.0,0.2792,1
KM-111,28.52,25809,44.55,94.13,67932.3,67,2,0,0.1813,0.1832,0.9186,0.6895,0.4309,0
KM-105,73.82,70581,73.62,55.01,17151.9,107,2,0,0.6449,0.8287,0.1605,0.0,0.465,1
KM-114,35.5,53479,42.03,88.44,173375.2,164,2,1,0.226,0.6266,1.0,0.5268,0.5411,0
KM-121,88.0,22657,72.35,53.92,87922.9,96,1,1,0.8244,0.2307,0.144,0.0,0.375,0
KM-101,85.54,14507,44.02,81.5,132621.8,22,1,1,0.7818,0.1572,0.8721,0.3287,0.5531,1
KM-106,37.8,7629,55.68,93.8,105000.2,37,4,0,0.3429,0.0294,0.4282,0.68,0.349,0
KM-119,41.58,6456,61.61,82.28,17490.5,117,1,0,0.2229,0.0229,0.3111,0.351,0.2162,0
KM-103,59.32,78525,50.07,94.14,145256.7,86,2,1,0.4519,1.0,0.7262,0.6896,0.6913,0
KM-120,35.2,38017,45.4,53.26,75851.9,2,1,1,0.1739,0.4076,0.7871,0.0,0.3202,0
KM-121,87.69,2458,58.01,98.71,104557.5,4,1,1,0.819,0.0854,0.2857,0.8203,0.5292,0
KM-123,11.65,21411,58.95,72.33,87626.8,175,3,1,0.1636,0.2185,0.5047,0.0665,0.2261,0
KM-101,69.59,5442,66.07,73.77,101550.5,124,1,0,0.5343,0.0177,0.186,0.1077,0.2502,0
KM-103,46.96,29642,41.52,100.76,142706.6,143,2,1,0.3205,0.3055,1.0,0.8787,0.5643,1
KM-120,48.94,31975,65.01,74.61,40774.8,157,1,0,0.2895,0.2527,0.2355,0.1318,0.238,1
KM-112,57.94,47273,65.7,88.82,17726.7,80,0,2,0.3357,0.6142,0.12,0.5378,0.4026,0
KM-116,64.84,3433,50.46,68.77,154372.7,167,4,1,0.6204,0.0889,0.832,0.0,0.4058,0
KM-117,61.77,8093,45.16,57.14,62357.6,142,3,2,0.5315,0.1922,1.0,0.0,0.4341,0
KM-101,54.0,5550,59.72,88.97,21449.8,124,2,1,0.3916,0.0983,0.3973,0.542,0.3495,0
KM-105,10.46,78854,48.01,47.16,53051.7,21,2,3,0.1109,1.0,0.7112,0.0,0.4311,0
KM-108,18.35,52398,63.53,81.36,135571.8,98,1,1,0.0837,0.6101,0.2056,0.3244,0.2878,0
KM-119,34.6,2825,65.95,66.3,83480.2,45,0,2,0.1197,0.1666,0.0675,0.0,0.0971,0
KM-115,83.26,78380,46.64,91.11,71423.1,26,1,3,0.7432,1.0,0.7734,0.6032,0.7854,1
KM-105,36.13,8167,64.13,56.94,84007.6,68,2,2,0.2306,0.1926,0.1369,0.0,0.1562,1
KM-121,71.97,68777,56.58,86.51,95662.0,89,0,2,0.5179,0.9571,0.4705,0.4717,0.609,1
KM-123,88.39,47515,67.1,100.35,53349.1,71,1,0,0.8312,0.4577,0.1065,0.8673,0.6001,0
KM-117,71.41,14253,52.37,58.73,62710.4,83,4,0,0.71,0.0752,0.6298,0.0,0.3933,1
KM-103,34.93,4580,47.76,87.29,48715.5,126,1,1,0.172,0.0937,0.8787,0.4941,0.3582,0
KM-122,12.55,47046,64.64,48.92,101892.5,135,2,0,0.1157,0.451,0.2167,0.0,0.1966,0
KM-113,52.74,1372,70.65,77.53,90534.5,44,1,0,0.3282,0.0022,0.066,0.2151,0.1716,0
KM-107,88.12,54623,71.86,79.14,132713.3,171,4,0,0.9764,0.5642,0.2565,0.261,0.5863,0
KM-117,76.88,47198,52.93,88.4,139627.1,173,1,1,0.641,0.5332,0.7422,0.5258,0.6112,0
KM-123,48.9,59057,47.53,75.94,98069.1,8,1,2,0.2891,0.7943,0.711,0.1698,0.4759,0
KM-105,78.53,64221,55.23,101.16,147090.5,117,1,0,0.6666,0.7193,0.5664,0.8902,0.7045,1
KM-105,18.87,45572,40.94,55.67,113714.0,35,2,2,0.1356,0.5899,1.0,0.0,0.395,1
KM-119,58.66,78744,61.73,72.91,120020.7,20,1,0,0.3941,0.9765,0.161,0.0831,0.4309,0
KM-120,35.31,73536,72.32,94.77,139110.1,99,0,1,0.1247,0.9613,0.1485,0.7077,0.4552,0
KM-103,5.7,77146,53.33,75.02,74172.9,174,2,2,0.1032,1.0,0.7279,0.1435,0.4604,0
KM-123,74.15,48829,68.95,75.94,132181.6,110,2,1,0.6498,0.5568,0.165,0.1696,0.4336,0
KM-107,83.81,69804,64.03,80.32,62464.9,16,0,0,0.7025,0.8151,0.0629,0.295,0.5212,0
KM-123,91.59,27436,69.27,61.03,61699.4,60,0,1,0.8388,0.2808,0.09,0.0,0.3818,0
KM-109,52.01,13001,70.39,81.57,138801.2,72,1,3,0.3205,0.3055,0.108,0.3305,0.2763,0
KM-109,38.56,66991,56.7,79.6,116395.3,112,2,0,0.2487,0.7663,0.4999,0.2744,0.4335,0
KM-110,45.41,70193,51.01,74.98,147607.2,38,3,2,0.3562,0.9819,0.6165,0.1423,0.5219,0
KM-120,27.06,26052,45.59,72.97,171415.1,168,0,1,0.0732,0.2658,1.0,0.0848,0.3091,0
KM-117,73.4,23166,73.15,57.17,46176.6,106,3,0,0.6888,0.1558,0.159,0.0,0.3118,0
KM-106,86.61,39057,64.46,50.24,162383.3,21,1,0,0.8002,0.3411,0.0532,0.0,0.376,0
KM-105,11.76,61280,55.87,46.78,53239.0,52,2,0,0.1138,0.6704,0.4433,0.0,0.2961,0
KM-108,49.6,9101,69.41,46.39,47812.7,114,0,1,0.246,0.1184,0.171,0.0,0.1499,1
KM-116,24.85,8760,43.28,66.59,60414.2,5,2,0,0.1617,0.0362,0.8761,0.0,0.2409,0
KM-103,8.02,23926,55.81,92.64,65238.2,131,0,1,0.0064,0.2436,0.5639,0.647,0.3053,0
KM-120,59.82,34170,54.03,100.34,68521.9,48,3,1,0.5079,0.3591,0.5107,0.8669,0.5431,1
KM-113,11.43,58580,47.45,98.85,161981.1,19,2,0,0.1131,0.6266,0.7304,0.8242,0.5071,1
KM-118,49.14,60631,55.37,71.3,138881.2,164,0,0,0.2415,0.6598,0.631,0.0371,0.3831,1
KM-109,52.37,28694,57.42,45.7,136770.1,167,1,1,0.3242,0.2948,0.5538,0.0,0.2979,0
KM-117,19.84,69677,63.18,75.19,128670.7,124,1,2,0.0894,0.9728,0.2589,0.1482,0.3559,0
KM-107,5.23,41902,68.4,101.45,168974.7,132,4,0,0.2027,0.3791,0.198,0.8987,0.3851,1
KM-124,37.56,57685,71.61,70.31,105051.6,121,1,1,0.1911,0.6923,0.1815,0.0087,0.278,0
KM-120,82.89,76480,54.13,78.22,117252.5,156,3,0,0.837,0.9347,0.6686,0.2348,0.7073,0
KM-123,34.88,20350,40.77,75.12,32689.9,7,1,1,0.1716,0.2083,0.9796,0.1462,0.3373,0
KM-117,77.38,24433,62.67,57.22,93581.4,148,3,1,0.7488,0.2488,0.3152,0.0,0.3873,0
KM-123,18.76,42104,42.44,82.83,148433.9,91,0,0,0.0352,0.3818,1.0,0.3665,0.3811,0
KM-123,75.18,31387,42.21,91.6,79817.8,168,1,0,0.6152,0.2457,1.0,0.6172,0.6002,0
KM-116,24.18,9053,64.98,104.53,116560.7,93,4,0,0.2585,0.0381,0.1403,0.9867,0.3254,0
KM-125,23.96,27392,74.38,45.45,160443.1,67,2,2,0.1574,0.3604,0.1005,0.0,0.1653,0
KM-119,47.86,76817,49.62,86.32,123025.4,138,1,3,0.279,1.0,0.8223,0.4663,0.6054,0
KM-108,93.18,30003,62.28,64.78,90020.0,72,1,2,0.9182,0.3897,0.2169,0.0,0.4622,1
KM-121,40.7,33820,55.51,77.88,151833.2,159,1,1,0.2156,0.3549,0.6183,0.225,0.3329,0
KM-101,29.71,29950,54.85,79.34,118228.3,117,2,0,0.1883,0.2291,0.5814,0.2667,0.2928,0
KM-104,26.35,64340,69.74,61.24,109558.3,178,2,0,0.1694,0.7213,0.267,0.0,0.293,1
KM-113,61.7,21663,63.1,92.75,16026.9,69,3,2,0.5307,0.3009,0.1795,0.65,0.4269,0
KM-106,14.61,30739,60.04,88.88,48905.1,159,1,0,0.0713,0.2382,0.4367,0.5394,0.2797,0
KM-109,73.48,22259,51.67,67.6,162024.8,77,0,0,0.5399,0.1468,0.6486,0.0,0.3554,0
KM-125,39.39,21579,45.85,63.45,142769.7,112,3,0,0.3051,0.1401,0.9338,0.0,0.3286,0
KM-112,17.1,14774,46.43,97.47,113730.9,73,0,2,0.0292,0.2394,0.8521,0.7848,0.3975,1
KM-105,13.49,58437,63.82,88.99,15362.0,58,0,0,0.0182,0.6243,0.1342,0.5427,0.2978,0
KM-104,56.42,39923,64.3,96.04,93580.7,145,2,0,0.4183,0.3525,0.2457,0.7439,0.4325,0
KM-108,35.81,31614,69.6,60.86,140483.8,126,1,1,0.1782,0.3284,0.189,0.0,0.1823,0
KM-120,22.49,9363,49.52,49.51,107460.9,166,0,1,0.0506,0.12,0.8681,0.0,0.2213,0
KM-116,88.9,60932,72.65,83.12,31296.2,55,2,1,0.8904,0.7447,0.0825,0.3749,0.5893,1
KM-101,13.22,1291,42.29,84.06,91689.9,78,2,1,0.1175,0.0821,1.0,0.4016,0.3419,1
KM-124,15.28,15486,45.4,94.82,146832.2,96,3,1,0.1733,0.1652,0.928,0.7092,0.4294,0
KM-110,70.65,73421,44.79,101.81,58723.3,23,2,1,0.5991,0.9592,0.843,0.9088,0.7998,1
KM-121,5.92,48366,49.25,96.79,172970.5,101,1,0,0.0535,0.4701,0.7816,0.7655,0.4457,0
KM-111,79.43,34379,41.11,46.61,94279.7,61,2,1,0.7308,0.3617,1.0,0.0,0.5462,0
KM-101,54.25,19957,42.3,47.7,108605.9,150,1,1,0.3443,0.2046,1.0,0.0,0.3716,0
KM-124,83.19,35765,73.06,101.04,30403.6,41,2,1,0.7921,0.3789,0.0615,0.8867,0.5616,0
KM-118,24.34,37352,56.96,91.2,135122.3,56,1,1,0.1092,0.399,0.4057,0.6056,0.3402,0
KM-106,77.59,62072,64.86,84.18,9422.1,145,0,0,0.6021,0.6835,0.2232,0.4053,0.5073,0
KM-106,38.78,19979,50.95,104.4,70749.6,148,2,1,0.2504,0.2048,0.784,0.9829,0.4922,0
KM-120,71.53,70696,45.09,104.91,9787.6,61,0,1,0.5116,0.9107,0.888,0.9974,0.7838,1
KM-101,48.42,38314,63.76,60.89,141011.2,39,3,1,0.3845,0.4114,0.1081,0.0,0.259,0
KM-105,77.31,8919,47.34,57.23,92004.5,2,0,0,0.5977,0.0372,0.7093,0.0,0.3604,0
KM-111,75.09,46626,64.29,75.84,171005.6,19,3,0,0.7139,0.4449,0.0567,0.1668,0.4058,0
KM-110,94.02,32302,65.0,92.89,10712.2,69,0,0,0.884,0.2566,0.1035,0.6541,0.5251,0
KM-118,72.01,65595,67.35,77.59,15114.2,17,2,0,0.6185,0.7425,0.0255,0.217,0.4506,1
KM-112,73.15,58895,53.79,90.33,137743.7,113,1,1,0.5851,0.7117,0.6179,0.5809,0.6224,1
KM-101,67.39,60323,45.12,68.0,104289.8,35,1,3,0.5042,0.8948,0.8478,0.0,0.5697,1
KM-114,12.16,26834,65.38,102.65,46797.6,33,0,2,0.0148,0.3543,0.0495,0.9329,0.2902,0
KM-104,92.03,46451,50.66,89.53,160271.8,128,0,0,0.8469,0.4424,0.7655,0.5581,0.6717,0
KM-115,57.76,25432,68.35,91.82,55171.7,31,1,2,0.3837,0.3392,0.0465,0.6233,0.3531,0
KM-119,49.71,50651,42.91,73.59,177132.0,147,0,0,0.2471,0.5038,1.0,0.1027,0.433,1
KM-101,20.83,56250,63.89,81.71,65501.4,40,2,1,0.1434,0.6696,0.1045,0.3344,0.3054,0
KM-122,90.65,24323,49.97,54.95,12001.2,17,1,1,0.8717,0.2476,0.6268,0.0,0.4924,0
KM-108,29.39,22037,56.18,102.03,132345.7,29,0,0,0.0864,0.1446,0.3962,0.9153,0.3287,1
KM-118,26.82,40913,49.49,97.81,126071.2,150,2,0,0.172,0.3657,0.8453,0.7947,0.4796,0
KM-125,88.64,12466,69.64,72.18,96874.8,173,0,2,0.7858,0.2215,0.2595,0.0623,0.3948,0
KM-109,7.82,36244,42.56,60.0,128156.7,154,1,1,0.0561,0.3849,1.0,0.0,0.3159,0
KM-115,20.85,10894,57.26,85.42,80480.5,148,3,2,0.1935,0.2103,0.5318,0.4405,0.3147,0
KM-125,20.64,59530,41.39,59.65,32706.8,138,1,1,0.0926,0.7219,1.0,0.0,0.4129,0
KM-123,10.41,29972,71.66,62.74,23877.1,137,0,0,0.0108,0.2293,0.2055,0.0,0.1022,0
KM-115,71.16,64675,54.65,54.11,158103.7,122,3,0,0.6564,0.7269,0.5971,0.0,0.5309,0
KM-104,5.2,55328,43.36,91.35,126896.4,112,1,0,0.0527,0.5752,1.0,0.61,0.4842,0
KM-110,89.88,26779,49.04,48.04,23336.3,159,0,0,0.8078,0.1937,0.877,0.0,0.5065,1
KM-104,74.56,11359,71.26,47.97,52472.5,117,0,0,0.5558,0.0535,0.1755,0.0,0.243,0
KM-111,48.31,36718,62.19,50.34,70026.3,77,4,0,0.4334,0.3109,0.2279,0.0,0.275,0
KM-113,89.02,45151,74.66,64.32,53425.6,98,3,0,0.9424,0.424,0.147,0.0,0.4653,0
KM-124,44.68,16690,69.76,61.81,108731.8,65,2,1,0.2996,0.1753,0.0975,0.0,0.1682,1
KM-122,82.42,6424,56.6,80.02,78147.9,73,3,1,0.8293,0.1028,0.4456,0.2863,0.4623,0
KM-123,83.02,18435,68.55,45.26,148138.7,132,0,1,0.6892,0.1906,0.198,0.0,0.3285,0
KM-112,72.87,79765,72.72,60.82,85805.1,155,1,0,0.5809,0.9956,0.2325,0.0,0.4987,1
KM-107,82.65,42614,72.3,57.54,82344.2,9,0,0,0.683,0.3888,0.0135,0.0,0.339,0
KM-102,56.36,65943,53.88,58.65,128971.2,100,1,0,0.3677,0.7484,0.5947,0.0,0.4347,1
KM-115,25.6,76290,71.71,65.45,143928.3,83,2,1,0.1656,1.0,0.1245,0.0,0.3328,1
KM-110,57.52,55897,64.66,72.6,170777.3,129,2,0,0.4309,0.584,0.2071,0.0742,0.3531,1
KM-116,32.48,30218,63.1,81.33,75530.8,26,1,2,0.1555,0.3921,0.1151,0.3237,0.2402,0
KM-107,27.45,67519,40.25,69.84,144942.2,169,1,1,0.1253,0.8554,1.0,0.0,0.4577,1
KM-118,91.58,59256,65.63,97.41,153926.1,101,3,0,0.9887,0.6375,0.1515,0.7831,0.6923,1
KM-114,37.62,39729,69.61,50.92,47236.9,14,0,2,0.1416,0.51,0.021,0.0,0.1812,0
KM-113,39.21,42347,47.08,76.09,145815.4,58,1,1,0.2037,0.4651,0.8036,0.1739,0.3831,0
KM-103,81.49,22755,52.72,48.68,7017.4,74,4,1,0.8641,0.2317,0.602,0.0,0.4808,1
KM-113,69.17,35443,65.54,66.3,49753.5,56,2,0,0.5785,0.2949,0.084,0.0,0.293,0
KM-111,5.98,4894,52.65,91.69,147060.8,121,2,1,0.1036,0.0951,0.6755,0.6196,0.3191,0
KM-110,26.17,11946,69.67,63.07,8357.7,102,1,2,0.1185,0.2177,0.153,0.0,0.1265,0
KM-107,13.41,52747,55.65,60.26,84361.8,70,0,2,0.018,0.6954,0.4792,0.0,0.276,1
KM-122,89.81,36785,45.18,91.46,137790.8,108,2,0,0.9066,0.3118,0.9547,0.613,0.7088,0
KM-114,25.25,13823,57.52,98.81,143470.0,40,0,1,0.0637,0.1518,0.3591,0.8232,0.2967,0
KM-108,5.51,44253,42.13,76.16,26467.7,163,3,0,0.153,0.4114,1.0,0.176,0.3916,0
KM-108,33.18,44439,40.29,95.49,21036.7,102,0,0,0.1101,0.414,1.0,0.7284,0.4877,0
KM-118,79.84,47414,55.72,69.29,34467.2,71,1,2,0.6874,0.6163,0.4775,0.0,0.4902,0
KM-125,63.54,5111,60.16,52.6,14225.7,157,1,2,0.4538,0.1761,0.4291,0.0,0.2887,0
KM-125,82.86,9331,71.91,98.13,67470.3,50,2,0,0.7867,0.0398,0.075,0.8036,0.461,0
KM-108,49.36,38382,56.0,61.15,52679.9,150,1,2,0.2936,0.4923,0.585,0.0,0.3429,1
KM-124,15.78,38059,48.61,56.19,56116.0,6,2,0,0.1249,0.3281,0.6645,0.0,0.2587,0
KM-104,25.42,22719,40.81,49.37,98462.7,44,1,0,0.1146,0.1513,1.0,0.0,0.2779,0
KM-115,57.42,50593,72.89,48.13,150111.9,36,3,1,0.4797,0.5829,0.054,0.0,0.3244,0
KM-106,8.04,8595,52.72,85.35,45197.1,27,0,3,0.0065,0.2752,0.5315,0.4384,0.2651,0
KM-101,52.01,66059,73.01,102.74,44303.5,172,0,0,0.2705,0.7503,0.258,0.9353,0.5209,0
KM-125,38.27,20441,53.24,52.73,65338.5,43,1,2,0.1965,0.2892,0.5349,0.0,0.248,1
KM-101,50.47,22980,55.93,95.43,10996.3,4,1,0,0.3047,0.154,0.3688,0.7267,0.3642,0
KM-111,22.45,65862,64.81,80.77,147338.6,63,1,2,0.1004,0.907,0.1022,0.3078,0.3439,1
KM-115,10.69,75791,46.09,69.6,52162.9,58,1,1,0.0614,1.0,0.8435,0.0,0.4402,1
KM-101,26.51,15119,64.19,70.35,101278.7,100,1,0,0.1203,0.0822,0.1823,0.0101,0.1011,0
KM-101,10.72,53612,42.38,71.36,137307.4,89,1,0,0.0615,0.5486,1.0,0.039,0.3665,1
KM-114,32.8,55317,51.24,58.89,66630.6,101,0,1,0.1076,0.655,0.702,0.0,0.3418,0
KM-122,39.74,10464,56.86,72.48,153156.2,130,2,0,0.2579,0.0473,0.5208,0.0708,0.2204,1
KM-115,89.3,59359,60.23,97.18,26384.9,38,2,2,0.8974,0.7991,0.2479,0.7766,0.7188,0
KM-103,93.84,19061,44.74,51.47,117208.2,23,2,2,0.9806,0.2763,0.8448,0.0,0.5813,0
KM-124,13.14,5253,57.09,81.65,112251.7,96,1,0,0.0673,0.0168,0.4604,0.333,0.1864,0
KM-114,6.9,17735,43.92,67.19,84190.1,82,1,0,0.0548,0.1044,0.9661,0.0,0.2385,0
KM-110,39.63,29469,43.64,64.68,124461.6,33,2,0,0.2571,0.2236,0.9037,0.0,0.3266,0
KM-120,42.97,19421,66.57,59.27,130389.3,143,0,0,0.1846,0.1196,0.2145,0.0,0.1374,0
KM-121,69.83,79904,61.22,73.16,49844.6,78,2,1,0.5877,1.0,0.2682,0.0902,0.5274,0
KM-102,21.88,34345,51.93,62.2,67878.1,75,0,0,0.0479,0.2813,0.6354,0.0,0.2141,0
KM-110,43.42,62425,68.44,65.05,6982.5,57,0,0,0.1885,0.6893,0.0855,0.0,0.2554,1
KM-118,84.53,5202,43.38,48.03,90896.3,9,2,0,0.8145,0.0166,0.8785,0.0,0.4649,0
KM-115,37.62,47741,61.05,47.95,167364.5,125,1,0,0.1915,0.461,0.3456,0.0,0.2514,0
KM-117,5.03,38940,57.55,86.66,119930.6,50,0,0,0.0025,0.3396,0.3731,0.4761,0.2556,0
KM-110,34.13,39087,44.91,59.07,100369.2,46,0,1,0.1165,0.4215,0.8726,0.0,0.3207,0
KM-102,50.56,20267,69.13,89.82,70452.4,119,4,0,0.4556,0.1275,0.1785,0.5664,0.3403,0
KM-120,72.37,39963,51.74,76.95,40859.4,26,1,2,0.5738,0.5131,0.5694,0.1986,0.4827,0
KM-116,31.2,21486,50.8,68.32,38664.7,54,2,1,0.1973,0.2192,0.6492,0.0,0.2537,0
KM-102,74.83,54711,51.47,77.54,52321.6,130,0,2,0.56,0.7256,0.7364,0.2153,0.5677,0
KM-108,69.56,64879,51.78,70.84,55088.2,92,1,2,0.5339,0.8903,0.6669,0.024,0.5476,1
KM-117,79.65,33345,41.01,92.12,159233.4,164,2,2,0.7344,0.4291,1.0,0.6319,0.6907,0
KM-119,39.62,70324,42.86,96.88,65026.0,35,3,1,0.3069,0.9042,0.9381,0.768,0.6747,0
KM-112,16.23,44490,47.37,76.75,23030.2,69,1,2,0.0763,0.5747,0.8086,0.1928,0.3707,0
KM-115,12.34,36741,41.45,95.05,41039.0,20,2,0,0.1152,0.3112,0.9718,0.7158,0.4557,1
KM-103,43.29,58120,46.13,81.05,30157.9,52,1,0,0.2374,0.6192,0.8329,0.3158,0.4676,0
KM-105,16.6,10936,51.01,91.49,75260.4,117,3,0,0.1776,0.0505,0.7352,0.614,0.3446,0
KM-106,53.39,61596,57.17,63.03,137991.2,134,3,0,0.435,0.6756,0.5143,0.0,0.424,0
KM-124,86.69,54117,55.61,48.89,145868.4,29,0,2,0.7516,0.7164,0.419,0.0,0.526,0
KM-101,48.43,9852,62.92,94.16,177028.9,11,2,0,0.3346,0.0432,0.0997,0.6902,0.2859,0
KM-112,44.48,58965,52.32,76.07,22428.8,135,0,0,0.1979,0.6328,0.7097,0.1734,0.4041,0
KM-101,13.84,60284,42.34,64.73,174843.3,60,3,1,0.1692,0.7341,0.9962,0.0,0.442,0
KM-111,44.65,5760,68.07,69.63,125936.9,15,1,1,0.2494,0.0993,0.0225,0.0,0.1166,0
KM-101,55.65,55826,47.8,68.28,149236.6,51,0,0,0.3097,0.5829,0.7645,0.0,0.407,0
KM-112,60.09,2664,68.93,57.64,35182.0,92,0,0,0.361,0.0061,0.138,0.0,0.1555,0
KM-102,23.18,6325,56.19,91.23,34760.0,176,1,1,0.1037,0.1022,0.6162,0.6065,0.3064,0
KM-101,76.2,28199,65.12,56.68,143560.4,63,1,0,0.6307,0.2093,0.0945,0.0,0.2919,0
KM-111,12.13,34074,49.86,86.5,21133.1,24,3,0,0.1647,0.278,0.6417,0.4715,0.3498,0
KM-102,32.54,63353,51.02,79.82,163982.9,153,1,1,0.1559,0.7847,0.7887,0.2806,0.4646,0
KM-118,13.85,33863,50.22,52.2,116945.9,151,2,1,0.1192,0.3554,0.8178,0.0,0.2941,0
KM-104,41.6,1269,56.56,84.82,169751.0,134,0,0,0.173,0.002,0.5387,0.4234,0.2535,0
KM-119,7.43,77263,41.5,85.39,154640.1,139,2,0,0.1055,0.9491,1.0,0.4396,0.5621,0
KM-107,37.18,64293,46.03,62.98,130255.2,167,0,1,0.1383,0.8005,1.0,0.0,0.4485,1
KM-118,59.28,44570,59.87,81.89,38483.8,46,1,1,0.4015,0.4958,0.2744,0.3399,0.3873,1
KM-123,45.55,60647,61.0,45.12,179475.5,84,2,0,0.3075,0.6601,0.2861,0.0,0.3298,1
KM-114,79.57,35529,51.77,45.24,155462.8,115,3,0,0.7831,0.296,0.7017,0.0,0.4884,0
KM-119,19.51,79062,51.81,69.98,66163.1,94,5,1,0.2881,1.0,0.6687,0.0,0.4846,1
KM-108,25.87,79072,60.91,66.68,47265.9,39,2,0,0.1669,0.9827,0.2223,0.0,0.3485,1
KM-123,44.22,76170,45.85,100.58,8151.3,160,3,0,0.3455,0.9291,1.0,0.8738,0.728,1
KM-102,20.02,18605,57.12,47.76,14779.3,133,2,0,0.1401,0.1122,0.5147,0.0,0.18,0
KM-118,64.79,78811,74.75,67.9,174255.3,165,0,2,0.4198,1.0,0.2475,0.0,0.4464,0
KM-114,65.41,48892,52.37,93.2,112580.8,67,2,3,0.5278,0.7178,0.6058,0.6628,0.6179,0
KM-111,17.49,46557,65.03,79.59,131107.5,149,2,0,0.1306,0.444,0.2235,0.274,0.2562,0
KM-121,34.02,66290,62.02,93.45,107190.2,156,3,1,0.2657,0.8343,0.3534,0.6699,0.5062,1
KM-101,30.4,30155,47.97,82.7,88670.2,26,2,1,0.1924,0.3114,0.7202,0.3627,0.3618,0
KM-118,29.03,43441,61.53,100.77,136763.1,81,1,1,0.1343,0.4801,0.2601,0.8791,0.3949,0
KM-111,30.13,43907,59.2,50.39,35895.3,57,0,1,0.0908,0.4866,0.3174,0.0,0.2169,0
KM-125,81.65,18480,56.35,83.24,10313.4,22,1,1,0.7167,0.191,0.379,0.3782,0.45,0
KM-116,11.39,11896,65.18,57.88,25463.6,144,1,0,0.063,0.0573,0.216,0.0,0.0796,0
KM-124,85.2,34802,52.67,88.62,172889.0,134,4,1,0.9259,0.3669,0.6943,0.532,0.661,0
KM-119,55.7,62714,42.18,88.54,22615.6,106,1,0,0.3602,0.6941,1.0,0.5297,0.6056,0
KM-102,73.28,46345,58.75,61.52,93770.1,71,2,1,0.637,0.5209,0.3564,0.0,0.4245,0
KM-122,31.27,8532,47.23,103.21,7234.1,154,0,0,0.0978,0.0348,0.9416,0.949,0.421,0
KM-120,60.42,42550,48.55,59.46,69446.3,41,2,0,0.465,0.3879,0.7193,0.0,0.4036,1
KM-122,20.27,6327,51.52,70.52,96390.4,4,0,0,0.0411,0.0222,0.5454,0.0148,0.132,0
KM-113,84.01,25630,51.28,84.37,168760.4,99,2,0,0.8057,0.1813,0.6975,0.4105,0.5489,0
KM-124,93.49,74573,69.29,70.84,123088.5,100,2,2,0.974,1.0,0.15,0.0239,0.6257,0
KM-124,89.17,18030,60.71,68.02,21632.7,59,2,0,0.8951,0.107,0.2601,0.0,0.3921,0
KM-124,18.38,33051,73.57,102.76,140813.1,28,1,1,0.0838,0.3455,0.042,0.936,0.3113,1
KM-101,24.93,26947,69.17,48.82,85564.5,131,2,0,0.1621,0.1955,0.1965,0.0,0.1449,0
KM-105,82.12,29600,67.24,78.66,146011.2,58,1,2,0.7243,0.3851,0.087,0.2475,0.4167,0
KM-114,90.06,60937,47.53,50.56,51008.2,162,1,1,0.861,0.7448,0.9416,0.0,0.6759,1
KM-104,51.7,19553,65.6,98.72,159457.2,59,3,1,0.4173,0.2008,0.0885,0.8205,0.3781,0
KM-116,84.37,51157,46.42,101.87,118703.2,107,1,0,0.7619,0.5114,0.9037,0.9107,0.7574,1
KM-108,91.39,41315,60.99,47.76,38362.5,2,2,0,0.9352,0.3711,0.1632,0.0,0.4527,0
KM-103,87.91,53794,69.36,46.49,91193.7,93,3,1,0.9228,0.6314,0.1395,0.0,0.5087,1
KM-102,68.5,25982,56.43,62.34,71205.7,143,1,1,0.5193,0.2651,0.5574,0.0,0.3595,0
KM-113,66.21,2822,65.19,101.23,99214.8,86,0,1,0.4384,0.0866,0.129,0.8923,0.3793,0
KM-119,63.09,12234,71.21,72.57,179533.2,5,3,1,0.5481,0.1398,0.0075,0.0733,0.2429,0
KM-104,63.8,34217,44.8,104.91,83017.8,48,1,1,0.457,0.3597,0.88,0.9976,0.6254,0
KM-109,47.55,5069,60.97,51.01,143246.6,2,1,0,0.2761,0.0159,0.1643,0.0,0.1335,0
KM-106,11.81,26463,74.09,66.13,161367.8,11,1,0,0.064,0.1902,0.0165,0.0,0.0732,0
KM-114,21.68,63449,40.69,72.04,19398.8,167,1,1,0.097,0.7863,1.0,0.0583,0.4422,0
KM-107,66.5,2488,50.66,72.56,160331.9,108,0,1,0.4422,0.0855,0.7356,0.0732,0.3379,0
KM-118,62.25,74076,41.03,57.15,160486.3,176,3,1,0.5376,0.971,1.0,0.0,0.6309,1
KM-119,88.39,65840,61.16,98.63,16774.9,39,2,1,0.8812,0.8266,0.2121,0.8179,0.7211,0
KM-116,5.23,73118,40.67,53.2,12049.3,21,1,0,0.0527,0.8738,1.0,0.0,0.4369,0
KM-102,28.55,46241,57.26,80.3,55842.0,178,3,1,0.2315,0.5194,0.5765,0.2944,0.3851,1
KM-125,86.63,3248,65.43,84.44,86996.4,58,0,1,0.7504,0.0882,0.087,0.4127,0.3846,0
KM-106,59.52,67947,58.44,51.95,90730.0,47,0,0,0.3542,0.7827,0.3329,0.0,0.3863,1
KM-115,56.23,79347,70.27,71.0,150257.7,38,1,0,0.3662,0.9878,0.057,0.0286,0.3922,1
KM-112,15.1,39716,70.32,69.92,53755.7,151,4,0,0.2228,0.3498,0.2265,0.0,0.2107,1
KM-108,75.02,33559,56.84,45.1,144196.6,77,2,1,0.6628,0.3517,0.442,0.0,0.4083,0
KM-108,40.1,68210,62.1,100.56,15239.4,30,3,2,0.3108,0.9473,0.1611,0.8733,0.5525,1
KM-112,11.26,54307,48.95,46.22,61357.6,56,1,0,0.0627,0.5593,0.7261,0.0,0.307,0
KM-110,66.75,15765,40.77,100.32,96592.9,23,0,1,0.4455,0.1675,1.0,0.8662,0.571,0
KM-103,55.95,35067,41.8,51.37,155248.1,175,0,1,0.3131,0.3702,1.0,0.0,0.4021,1
KM-116,51.96,53092,61.3,97.55,122560.0,27,3,1,0.42,0.6206,0.1884,0.7872,0.4973,0
KM-115,88.79,73760,53.35,94.82,44636.2,175,3,2,0.9383,1.0,0.7284,0.709,0.8659,0
KM-119,28.78,61855,54.38,76.61,108160.0,73,2,2,0.1829,0.8399,0.5341,0.189,0.4186,1
KM-125,7.81,33598,74.03,61.83,119946.6,19,2,1,0.1061,0.3522,0.0285,0.0,0.1309,0
KM-121,26.92,46992,54.06,65.51,139140.4,164,1,0,0.1225,0.4502,0.6836,0.0,0.2921,1
KM-103,73.85,45489,71.73,82.22,146521.0,109,2,1,0.6454,0.5088,0.1635,0.3492,0.4556,1
KM-111,41.5,78321,62.95,82.6,19581.2,68,0,2,0.1722,1.0,0.1842,0.36,0.4191,1
KM-113,84.48,52382,51.63,80.3,22037.9,160,1,0,0.7637,0.5298,0.7748,0.2943,0.6136,0
KM-121,26.5,45216,70.48,49.38,155452.8,113,0,1,0.0702,0.5049,0.1695,0.0,0.1847,0
KM-115,70.63,24881,73.4,48.8,31021.2,112,1,2,0.5489,0.3334,0.168,0.0,0.3091,0
KM-105,56.85,50010,43.97,66.51,35280.7,81,2,0,0.4232,0.4943,0.9625,0.0,0.4642,1
KM-116,38.62,43243,40.07,48.74,87327.8,23,1,0,0.1992,0.3974,1.0,0.0,0.3691,1
KM-104,93.7,26309,46.52,56.86,177328.3,89,1,1,0.928,0.2686,0.8729,0.0,0.5665,0
KM-107,76.76,35459,60.55,85.54,102433.2,150,1,0,0.6393,0.2951,0.403,0.4441,0.4669,0
KM-112,89.01,55103,55.67,58.13,71366.6,112,1,2,0.8422,0.7316,0.5411,0.0,0.5859,1
KM-120,92.3,12345,44.75,55.99,99643.5,47,1,4,0.9019,0.3806,0.8804,0.0,0.5869,1
KM-115,85.53,10366,45.62,67.45,22754.6,139,2,2,0.8315,0.2066,0.9839,0.0,0.5395,0
KM-114,17.06,19138,70.47,101.04,37279.2,5,0,3,0.0291,0.357,0.0075,0.8869,0.2783,0
KM-109,34.55,26516,63.89,47.85,127424.8,178,1,0,0.1694,0.1908,0.3116,0.0,0.1693,0
KM-117,22.51,70117,49.0,64.63,17170.8,154,0,0,0.0507,0.8205,0.8709,0.0,0.3971,0
KM-114,31.59,34674,46.52,78.37,126754.7,33,1,0,0.1498,0.2853,0.7888,0.2391,0.3293,0
KM-103,63.18,73601,70.45,102.99,179826.7,10,2,0,0.4992,0.8825,0.015,0.9426,0.5869,0
KM-101,36.91,43952,66.74,56.51,89130.4,115,5,0,0.3863,0.4072,0.1725,0.0,0.2715,0
KM-111,9.89,18714,42.17,54.28,117132.4,93,2,1,0.1098,0.1931,1.0,0.0,0.2867,0
KM-104,26.73,77256,40.75,89.93,88070.0,45,1,1,0.1214,1.0,1.0,0.5695,0.6064,0
KM-103,40.6,21523,52.79,76.33,19488.6,115,0,0,0.1648,0.1395,0.6608,0.181,0.2609,0
KM-102,80.37,23109,68.05,79.39,151220.0,83,0,0,0.6459,0.1553,0.1245,0.2684,0.3435,0
KM-105,57.29,27597,53.1,46.62,171811.4,160,1,1,0.3782,0.2826,0.7161,0.0,0.3462,1
KM-108,55.8,54775,48.0,60.74,113738.8,143,1,2,0.3614,0.7266,0.8945,0.0,0.487,0
KM-104,89.25,13665,69.94,50.05,158845.0,84,4,2,0.9965,0.2306,0.126,0.0,0.4316,0
KM-109,73.42,31029,64.01,62.29,167163.0,144,2,1,0.6391,0.3216,0.2557,0.0,0.3552,1
KM-110,6.82,50923,60.01,54.47,118900.1,97,1,2,0.0547,0.6679,0.3453,0.0,0.2551,0
KM-123,86.24,1831,73.3,52.35,80815.1,150,1,1,0.7937,0.0835,0.225,0.0,0.3437,1
KM-123,7.85,32460,63.55,74.11,129563.3,61,1,0,0.0562,0.2585,0.1494,0.1173,0.1376,0
KM-105,29.97,79601,46.9,89.04,12855.1,93,0,0,0.0898,0.9925,0.8635,0.5439,0.561,1
KM-121,75.59,28095,63.07,71.98,131819.3,109,1,1,0.6214,0.2881,0.2408,0.0566,0.349,0
KM-106,51.41,38729,68.09,47.23,166752.2,95,1,0,0.3143,0.3368,0.1425,0.0,0.2227,0
KM-123,83.58,44140,68.12,72.27,98182.3,22,0,1,0.6985,0.4898,0.033,0.0648,0.3865,0
KM-114,30.41,60260,59.18,61.95,175087.5,13,2,0,0.1925,0.6537,0.2522,0.0,0.2812,0
KM-111,69.97,10688,46.15,100.38,9521.7,163,0,2,0.4895,0.2088,0.9986,0.8679,0.5968,0
KM-108,9.76,37915,61.02,69.77,119279.0,169,2,0,0.1095,0.3263,0.4125,0.0,0.2024,0
KM-106,86.88,32764,62.26,61.79,154199.3,23,2,0,0.8548,0.2621,0.1443,0.0,0.3936,0
KM-119,32.13,31625,68.59,47.84,42567.7,24,0,2,0.1032,0.4085,0.036,0.0,0.1455,0
KM-102,62.13,6319,58.07,73.3,150050.5,76,1,1,0.436,0.1022,0.3913,0.0943,0.2753,0
KM-120,35.12,26908,73.3,79.9,87466.2,78,1,0,0.1733,0.1951,0.117,0.2829,0.1894,0
KM-106,81.96,6536,63.69,74.56,73673.6,166,4,0,0.8718,0.0234,0.3012,0.1303,0.3973,0
KM-113,41.21,62936,53.35,70.06,164377.1,45,0,1,0.1699,0.7778,0.5334,0.0018,0.361,1
KM-105,62.95,8875,49.28,89.76,79483.2,57,0,0,0.3963,0.037,0.7142,0.5646,0.4037,0
KM-112,69.5,65087,45.59,100.07,158032.5,161,0,1,0.4831,0.8138,1.0,0.8591,0.7444,1
KM-120,50.05,76397,42.55,84.05,11054.4,13,3,1,0.4005,1.0,0.9176,0.4015,0.654,0
KM-117,63.74,68151,58.31,84.45,44925.0,110,2,1,0.5063,0.8663,0.4325,0.4127,0.5628,0
KM-105,24.28,61937,49.88,46.45,154170.4,177,2,0,0.159,0.6812,0.8702,0.0,0.4,0
KM-106,56.36,33458,60.0,71.26,151455.1,147,2,0,0.4176,0.2705,0.4204,0.0359,0.305,1
KM-117,74.67,79361,49.34,69.62,142757.3,160,0,1,0.5576,1.0,0.8665,0.0,0.6185,1
KM-111,16.17,21103,71.22,85.96,121185.3,107,2,0,0.1261,0.1355,0.1605,0.4559,0.2013,0
KM-102,63.12,35669,57.71,69.51,170081.4,162,2,2,0.4984,0.4577,0.5346,0.0,0.3958,1
KM-125,83.7,19263,47.62,51.1,136587.4,102,1,1,0.7506,0.1982,0.8484,0.0,0.4819,1
KM-108,24.25,71713,68.11,90.25,14991.1,166,1,0,0.1088,0.8487,0.249,0.5785,0.4158,1
KM-117,47.2,60782,61.07,55.86,146212.9,152,5,0,0.4728,0.6623,0.385,0.0,0.408,0
KM-112,83.17,78592,60.47,54.16,114968.4,89,0,0,0.6917,0.9737,0.3146,0.0,0.5485,0
KM-124,89.64,14039,50.74,69.45,20241.6,84,2,2,0.9035,0.2335,0.6964,0.0,0.5139,0
KM-108,23.26,44995,52.39,48.39,159615.0,94,0,1,0.0541,0.5018,0.6453,0.0,0.2735,0
KM-104,50.86,72968,66.2,66.21,66254.4,93,2,0,0.3587,0.8711,0.1395,0.0,0.3712,0
KM-105,47.11,3038,59.3,55.8,130105.1,161,1,2,0.2719,0.1674,0.4695,0.0,0.2309,0
KM-115,64.65,23892,73.84,65.81,124540.1,36,0,1,0.4179,0.2432,0.054,0.0,0.2179,0
KM-108,55.46,25135,54.53,83.59,62795.5,124,0,0,0.3075,0.1761,0.6047,0.3883,0.3502,0
KM-123,87.59,46152,64.52,56.4,178434.2,90,0,2,0.7672,0.5982,0.1541,0.0,0.4489,0
KM-123,8.22,41474,43.25,92.08,17174.2,98,1,0,0.0568,0.3733,1.0,0.6309,0.4394,0
KM-119,5.18,60987,58.43,50.13,26005.6,109,1,3,0.0527,0.9056,0.4264,0.0,0.3301,0
KM-125,31.42,10013,48.3,82.72,87586.5,98,3,0,0.2487,0.0443,0.8152,0.3635,0.3338,0
KM-111,33.74,5934,68.11,88.67,108093.8,12,2,1,0.2139,0.1002,0.018,0.5334,0.2102,0
KM-103,19.85,36844,45.84,76.84,143182.8,20,2,0,0.1394,0.3125,0.7964,0.1953,0.3253,1
KM-109,71.27,15892,68.51,87.82,75693.9,130,3,0,0.6579,0.0885,0.195,0.509,0.3932,0
KM-122,83.66,34680,67.21,79.99,78125.1,20,2,0,0.7999,0.2854,0.03,0.2854,0.4144,0
KM-112,46.2,27805,61.78,84.61,81557.4,60,1,1,0.2634,0.2849,0.2188,0.4175,0.2907,1
KM-119,66.23,38965,56.61,74.04,69890.0,85,0,0,0.4387,0.3399,0.4632,0.1155,0.3543,0
KM-106,77.19,16640,40.32,55.92,55806.2,4,1,2,0.6458,0.2549,0.9931,0.0,0.4884,0
KM-104,71.4,34020,57.74,67.59,135736.5,105,0,1,0.5098,0.3573,0.4479,0.0,0.3573,0
KM-110,66.0,17187,69.86,60.46,9230.1,130,2,1,0.5356,0.1796,0.195,0.0,0.2713,0
KM-113,56.24,61719,72.73,78.02,31664.5,172,0,1,0.3163,0.7576,0.258,0.2293,0.3976,0
KM-116,43.64,73036,68.26,47.26,58925.1,49,0,1,0.1904,0.9523,0.0735,0.0,0.3194,0
KM-114,64.14,47550,45.95,90.18,70959.1,83,0,1,0.4114,0.5382,0.8864,0.5765,0.5711,0
KM-113,54.91,55715,57.14,56.51,19611.6,167,2,1,0.4016,0.6612,0.5649,0.0,0.4188,1
KM-113,9.07,29364,61.26,46.74,107833.7,159,2,1,0.1082,0.3024,0.3881,0.0,0.1911,0
KM-109,86.93,7665,72.63,60.95,94368.2,133,0,0,0.7557,0.0297,0.1995,0.0,0.3118,0
KM-119,87.81,4028,61.91,49.7,148233.1,53,1,0,0.821,0.0113,0.2032,0.0,0.3308,0
KM-121,94.62,12617,55.88,72.12,53231.7,167,2,0,0.9953,0.0626,0.6154,0.0605,0.4992,1
KM-101,53.01,63878,68.93,74.4,175782.8,3,1,2,0.331,0.8735,0.0045,0.1257,0.3603,1
KM-115,89.27,64054,52.56,74.49,132017.6,165,2,0,0.897,0.7164,0.7452,0.1282,0.6677,0
KM-104,35.39,2368,46.05,98.87,161742.0,102,4,0,0.3252,0.0051,0.9112,0.8248,0.4623,1
KM-105,55.17,22538,41.36,77.54,25047.9,147,3,1,0.4543,0.2295,1.0,0.2154,0.4595,0
KM-103,91.82,55256,46.77,58.89,85245.9,159,0,0,0.8431,0.574,0.9677,0.0,0.6321,0
KM-122,60.51,15442,63.88,68.08,38090.0,45,1,0,0.4161,0.0848,0.1124,0.0,0.1893,0
KM-110,19.33,79608,68.9,65.4,136270.6,51,2,2,0.1374,1.0,0.0765,0.0,0.3134,0
KM-122,73.39,68371,71.7,49.05,172655.2,7,1,2,0.5885,0.9501,0.0105,0.0,0.4456,0
KM-117,92.28,34242,55.76,49.5,113292.8,176,2,1,0.9516,0.36,0.6336,0.0,0.5498,0
KM-107,9.95,4249,70.19,84.62,57772.6,165,2,1,0.1099,0.0922,0.2475,0.4176,0.1945,0
KM-110,39.2,79308,58.29,51.44,111356.0,41,1,0,0.2037,0.9871,0.3297,0.0,0.384,1
KM-105,78.18,60281,42.95,87.52,166791.9,124,1,0,0.6611,0.6541,1.0,0.5005,0.695,0
KM-112,81.42,62107,66.93,75.56,123839.0,13,1,1,0.7128,0.764,0.0195,0.159,0.4762,0
KM-110,23.82,46124,71.29,98.73,162471.2,61,0,0,0.0567,0.4378,0.0915,0.8209,0.3118,0
KM-106,64.03,72952,69.18,69.49,31452.6,148,1,1,0.46,0.9508,0.222,0.0,0.4431,0
KM-104,7.88,72149,42.2,58.0,132610.4,102,1,1,0.0562,0.9365,1.0,0.0,0.4538,0
KM-112,51.69,62102,63.18,101.4,135295.8,133,3,2,0.4172,0.8439,0.2725,0.8972,0.591,0
KM-105,31.61,9466,69.88,46.7,172178.4,85,1,1,0.1499,0.1207,0.1275,0.0,0.1082,0
KM-122,17.14,40624,65.61,61.91,83129.0,118,1,0,0.0794,0.3619,0.177,0.0,0.1536,0
KM-108,16.58,38141,68.87,82.81,8030.6,128,2,0,0.1275,0.3292,0.192,0.3659,0.2385,0
KM-115,67.53,66348,72.49,82.09,106862.2,174,2,1,0.5561,0.8353,0.261,0.3454,0.5247,0
KM-120,5.2,1284,58.34,78.84,58539.5,19,1,0,0.0527,0.002,0.295,0.2527,0.1285,0
KM-124,89.02,51702,51.77,93.57,160784.0,13,1,2,0.8425,0.6795,0.5486,0.6735,0.7092,0
KM-119,75.63,30740,71.98,55.56,44027.0,1,1,2,0.622,0.3982,0.0015,0.0,0.3175,0
KM-116,33.32,15614,49.01,92.35,153110.8,6,1,1,0.161,0.1662,0.6486,0.6386,0.3554,0
KM-115,83.78,44664,62.96,59.76,16089.4,157,0,0,0.7018,0.4172,0.317,0.0,0.4133,0
KM-103,54.68,49458,70.78,98.48,130150.7,106,2,2,0.399,0.6461,0.159,0.8138,0.4957,0
KM-104,72.8,39844,63.41,46.83,177134.4,169,0,1,0.53,0.4315,0.317,0.0,0.3568,0
KM-122,64.24,58513,67.51,93.88,93849.8,122,1,3,0.4626,0.8655,0.183,0.6824,0.5514,0
KM-116,45.32,60732,50.77,60.72,34567.9,118,0,3,0.2054,0.9014,0.746,0.0,0.4464,0
KM-119,33.82,59113,53.08,73.74,77446.9,47,2,0,0.2144,0.6352,0.5473,0.1069,0.3647,0
KM-109,92.47,65623,58.78,57.22,97703.5,111,0,0,0.8551,0.7429,0.4155,0.0,0.5681,0
KM-124,54.77,7340,67.46,67.89,115035.9,168,3,1,0.45,0.1078,0.252,0.0,0.2348,0
KM-118,75.79,74946,41.58,88.28,174629.3,98,2,1,0.6743,0.9868,1.0,0.5222,0.7871,1
KM-103,74.66,62205,59.68,75.14,177636.7,11,0,0,0.5574,0.6857,0.2292,0.1468,0.4417,0
KM-101,62.84,56389,73.12,62.29,147467.1,162,2,0,0.4949,0.5918,0.243,0.0,0.3697,0
KM-109,57.66,7524,60.94,53.75,174002.5,31,0,0,0.3325,0.0288,0.209,0.0,0.1654,0
KM-108,61.1,47529,40.13,68.62,48765.8,129,4,1,0.5733,0.5379,1.0,0.0,0.5351,1
KM-106,61.7,47327,48.35,72.45,21164.8,172,1,0,0.4307,0.455,0.9238,0.07,0.4633,0
KM-117,35.0,54841,46.06,103.14,21050.1,69,3,3,0.2725,0.8076,0.8612,0.9469,0.6589,1
KM-112,6.02,31182,58.53,81.81,7464.6,36,1,0,0.0536,0.2433,0.3128,0.3374,0.2096,1
KM-117,44.64,54703,55.25,65.21,15256.6,153,2,0,0.2992,0.5654,0.6196,0.0,0.37,0
KM-109,68.8,76190,73.61,70.35,131327.8,142,3,1,0.6234,1.0,0.213,0.0101,0.5128,1
KM-101,39.4,11510,41.69,73.44,149232.5,56,2,0,0.2553,0.0546,1.0,0.0984,0.3227,0
KM-105,82.13,55503,64.9,65.61,87850.4,41,2,1,0.7746,0.6579,0.0656,0.0,0.4487,0
KM-112,84.38,70977,67.84,96.79,171009.9,92,1,0,0.7619,0.8357,0.138,0.7654,0.6563,0
KM-105,94.02,55012,48.26,48.21,57445.5,11,4,0,1.0,0.5702,0.6862,0.0,0.6298,0
KM-105,45.95,44090,43.52,61.06,139081.2,172,1,0,0.2612,0.4091,1.0,0.0,0.3937,0
KM-117,16.12,5623,48.8,71.19,100816.5,69,1,2,0.076,0.1786,0.7514,0.0339,0.2283,0
KM-106,57.26,36583,44.14,60.73,146991.2,112,2,0,0.4279,0.3092,1.0,0.0,0.4271,0
KM-121,87.23,70058,48.37,54.28,125250.5,134,0,3,0.7609,1.0,0.8662,0.0,0.6896,1
KM-124,47.46,54095,73.89,93.1,17248.6,144,3,1,0.3752,0.636,0.216,0.6599,0.4655,0
KM-122,94.86,5035,74.67,70.94,10656.1,134,3,0,1.0,0.0158,0.201,0.0269,0.3995,0
KM-120,9.81,4257,50.87,67.22,84462.3,59,1,0,0.0596,0.0123,0.6537,0.0,0.1547,0
KM-115,52.3,48126,43.46,71.71,177891.4,12,1,2,0.3235,0.6266,0.8797,0.0488,0.4556,0
KM-108,15.16,49675,59.77,90.15,32371.6,118,2,0,0.123,0.4893,0.3864,0.5758,0.3578,0
KM-115,58.03,62086,44.96,69.02,56029.7,24,2,0,0.4367,0.6837,0.8375,0.0,0.4913,1
KM-114,17.37,7667,49.94,57.91,10497.7,148,0,3,0.0302,0.2697,0.8243,0.0,0.2428,0
KM-114,5.26,59120,53.27,78.94,148809.8,82,3,1,0.1528,0.7153,0.5921,0.2553,0.4018,1
KM-112,18.61,63929,68.31,79.27,100491.3,179,2,0,0.1346,0.7144,0.2685,0.2649,0.3324,0
KM-125,18.87,76112,41.54,94.94,108286.2,13,0,1,0.0356,1.0,0.958,0.7125,0.5966,1
KM-112,11.43,69798,59.68,92.77,161232.8,26,1,0,0.0631,0.8149,0.2519,0.6506,0.4063,0
KM-107,19.9,37849,57.56,47.64,112334.0,165,0,0,0.0396,0.3254,0.5452,0.0,0.2043,0
KM-112,83.3,23866,45.67,66.51,130381.4,25,1,1,0.7439,0.2429,0.8105,0.0,0.4832,0
KM-105,56.24,68017,70.35,59.63,29519.9,156,1,0,0.3662,0.784,0.234,0.0,0.371,0
KM-117,25.21,41358,49.54,70.61,84592.5,64,2,1,0.1636,0.4517,0.7144,0.0174,0.3165,0
KM-107,52.06,47665,64.41,46.88,5291.5,122,1,2,0.321,0.6199,0.2068,0.0,0.3087,0
KM-109,51.84,14667,69.26,102.79,160825.0,77,1,0,0.3187,0.0785,0.1155,0.937,0.3417,0
KM-121,86.27,37620,65.3,85.14,130659.7,132,0,1,0.7442,0.4025,0.198,0.4327,0.4872,0
KM-116,5.73,71217,73.12,74.89,132540.3,94,1,3,0.0533,1.0,0.141,0.1398,0.3248,0
KM-118,76.83,53024,47.22,45.76,112761.3,73,1,1,0.6403,0.6196,0.8206,0.0,0.5431,0
KM-118,13.03,6312,49.55,100.2,149323.1,82,1,0,0.067,0.0222,0.741,0.8629,0.3498,0
KM-105,54.34,58303,46.63,96.71,96129.7,148,1,0,0.3453,0.6222,0.9567,0.7632,0.6204,0
KM-120,88.84,23189,42.95,75.46,51140.6,155,1,1,0.8393,0.2361,1.0,0.156,0.584,0
KM-125,62.1,49279,58.08,52.1,41838.5,109,0,2,0.3856,0.6435,0.4403,0.0,0.3839,0
KM-116,71.21,5308,55.46,68.88,132810.1,138,1,1,0.557,0.0971,0.5886,0.0,0.3369,1
KM-102,85.39,54724,73.78,90.65,173557.9,154,1,0,0.7791,0.5658,0.231,0.5899,0.5783,0
KM-104,32.53,60198,63.32,73.44,102381.8,43,0,1,0.1058,0.7327,0.1317,0.0984,0.2662,0
KM-103,27.13,53986,65.61,80.74,27828.3,100,0,0,0.0736,0.5544,0.15,0.307,0.2557,0
KM-113,70.99,74534,44.51,55.66,54348.2,11,1,1,0.5539,0.9793,0.8363,0.0,0.606,0
KM-122,44.19,35876,49.14,47.46,129172.9,33,2,0,0.2953,0.3003,0.6839,0.0,0.3152,0
KM-101,71.24,22732,40.05,99.77,28030.1,129,4,2,0.7075,0.3115,1.0,0.8506,0.6956,1
KM-105,60.83,40288,55.2,52.4,92946.1,103,2,1,0.4701,0.4374,0.5464,0.0,0.3832,0
KM-111,57.54,55122,55.13,89.94,12229.3,178,4,0,0.5311,0.5719,0.6617,0.5696,0.5751,0
KM-115,39.69,51573,65.28,80.29,35072.3,32,1,1,0.2075,0.5976,0.048,0.2939,0.2904,0
KM-122,71.31,6103,55.78,47.31,73207.4,50,2,0,0.6085,0.0211,0.4439,0.0,0.307,0
KM-115,33.07,15936,42.6,81.1,113832.6,164,3,3,0.2594,0.3289,1.0,0.3172,0.4364,0
KM-123,49.96,74203,74.35,86.72,45448.3,10,3,0,0.3996,0.8933,0.015,0.4778,0.4618,0
KM-112,13.93,66121,50.25,64.02,178690.5,169,2,1,0.1194,0.8314,0.8437,0.0,0.4184,0
KM-125,66.89,64852,55.79,82.03,14807.8,70,0,1,0.4475,0.8099,0.4734,0.3438,0.5225,0
KM-123,5.19,1199,71.66,89.32,41751.8,22,1,1,0.0527,0.0818,0.033,0.552,0.1559,0
KM-110,69.27,2308,71.42,62.27,95758.9,63,1,3,0.5298,0.2449,0.0945,0.0,0.2655,0
KM-101,93.25,2206,69.57,86.99,37056.6,82,1,1,0.9195,0.0846,0.123,0.4853,0.4646,1
KM-108,15.8,79990,63.4,80.67,10468.9,167,2,1,0.125,1.0,0.3143,0.3049,0.4176,0
KM-110,38.66,35889,74.62,58.15,122706.7,134,1,1,0.1995,0.3805,0.201,0.0,0.2051,0
KM-118,60.21,18616,47.5,75.14,126663.3,102,1,0,0.4125,0.1123,0.853,0.1468,0.3724,0
KM-102,14.18,32901,73.09,66.34,121627.9,155,2,0,0.1201,0.2637,0.2325,0.0,0.1545,0
KM-116,62.64,4126,43.48,78.91,70416.1,63,2,0,0.4924,0.0117,0.9553,0.2546,0.4173,0
KM-112,19.72,20479,54.67,86.27,13506.1,112,0,0,0.0389,0.1295,0.5811,0.4648,0.2552,0
KM-125,17.5,63563,67.45,47.6,135078.8,25,2,1,0.1306,0.7882,0.0375,0.0,0.2503,0
KM-123,73.34,29052,49.67,91.31,63930.5,29,4,1,0.7379,0.2988,0.6567,0.6088,0.5861,0
KM-101,55.23,23541,40.66,54.74,119512.6,72,1,2,0.3551,0.3196,1.0,0.0,0.4042,0
KM-101,12.82,13236,65.86,45.05,156022.8,105,3,1,0.1664,0.1473,0.1575,0.0,0.1266,0
KM-114,91.48,46007,43.86,70.54,10432.7,140,1,1,0.8869,0.5161,1.0,0.0154,0.6425,1
KM-117,93.99,15840,50.62,80.1,99751.5,6,0,1,0.8834,0.1681,0.5843,0.2885,0.5258,0
KM-101,33.53,23394,48.08,73.27,129528.6,179,1,0,0.1624,0.1581,0.9454,0.0935,0.3041,0
KM-122,88.35,44435,53.36,90.12,7741.7,47,1,5,0.8306,0.814,0.5359,0.5749,0.7164,1
KM-114,30.71,68835,51.16,45.79,141868.9,155,0,0,0.0943,0.7981,0.786,0.0,0.3897,0
KM-118,79.35,1909,60.76,59.28,69336.6,175,0,0,0.6297,0.0037,0.4322,0.0,0.3078,0
KM-111,51.78,55879,60.02,97.88,161960.1,105,3,2,0.4181,0.7438,0.3567,0.7966,0.5629,1
KM-121,73.34,33955,59.98,88.66,47842.1,82,4,1,0.7378,0.3565,0.3237,0.5332,0.5187,1
KM-104,70.45,71743,43.37,90.7,29028.6,52,2,1,0.5963,0.9292,0.9432,0.5914,0.7479,0
KM-101,10.1,33394,53.92,52.1,44402.5,72,2,1,0.1102,0.3497,0.551,0.0,0.2362,0
KM-119,41.61,27845,70.93,62.62,58155.7,22,5,2,0.4232,0.3653,0.033,0.0,0.246,0
KM-110,91.59,31580,51.28,67.84,79183.6,91,4,2,1.0,0.408,0.6855,0.0,0.5891,0
KM-108,20.8,51237,66.96,69.87,21585.8,105,0,0,0.0432,0.5126,0.1575,0.0,0.1748,0
KM-117,48.32,56892,72.78,54.54,20634.7,33,1,1,0.2834,0.6797,0.0495,0.0,0.279,0
KM-125,54.96,41916,50.62,104.47,176662.6,153,1,0,0.3521,0.3793,0.8046,0.985,0.576,0
KM-120,61.55,13527,48.61,52.44,175355.5,99,2,0,0.4788,0.0695,0.8041,0.0,0.3458,1
KM-104,79.2,36467,62.39,94.89,77549.2,53,0,1,0.6272,0.3878,0.1838,0.7113,0.4955,0
KM-117,38.71,58889,43.43,53.43,27256.3,134,0,1,0.1498,0.7116,1.0,0.0,0.4303,0
KM-107,63.61,39148,58.75,93.66,69604.9,55,1,1,0.4546,0.4223,0.3326,0.676,0.4664,0
KM-109,94.21,63186,68.43,54.81,58276.1,177,2,1,0.9875,0.7819,0.2655,0.0,0.5942,1
KM-108,93.07,22981,69.51,69.02,101334.8,95,0,1,0.8661,0.234,0.1425,0.0,0.3901,0
KM-120,17.49,40937,48.91,90.6,138198.9,46,0,0,0.0306,0.366,0.7125,0.5885,0.3624,0
KM-110,34.05,59499,65.13,66.08,48553.9,13,1,2,0.1659,0.8014,0.0195,0.0,0.2623,0
KM-116,50.61,43483,53.21,86.47,108286.2,23,1,2,0.3061,0.5607,0.5059,0.4706,0.4426,1
KM-124,46.12,61744,73.02,52.94,60813.5,138,0,1,0.2127,0.758,0.207,0.0,0.3054,0
KM-108,55.0,3750,58.46,71.24,28126.4,154,2,0,0.4026,0.0101,0.4925,0.0355,0.249,0
KM-110,60.93,63717,65.8,61.08,85487.8,148,3,1,0.5212,0.7908,0.222,0.0,0.4245,0
KM-106,77.5,11052,54.51,52.05,74766.5,29,2,0,0.7006,0.0513,0.4632,0.0,0.3507,0
KM-110,24.34,31378,49.19,88.62,149699.5,68,2,1,0.1592,0.3256,0.7343,0.532,0.3904,0
KM-118,86.67,42113,47.56,58.8,143572.6,98,3,0,0.9012,0.3819,0.8446,0.0,0.5798,0
KM-122,13.37,6495,66.03,94.16,55102.8,48,4,2,0.2179,0.1831,0.072,0.6902,0.2745,0
KM-115,69.61,30145,47.47,78.75,160886.6,1,2,0,0.5846,0.2313,0.7027,0.25,0.453,0
KM-102,15.02,61306,62.85,98.95,112939.0,3,2,2,0.1226,0.8308,0.0905,0.8271,0.4341,0
KM-104,5.85,9081,72.83,69.58,27204.6,83,2,1,0.1034,0.1182,0.1245,0.0,0.0907,0
KM-110,28.13,21913,59.31,58.97,63431.5,4,1,0,0.1291,0.1434,0.2336,0.0,0.1277,0
KM-119,80.59,30574,67.77,89.57,160525.4,15,0,1,0.6494,0.3163,0.0225,0.559,0.4227,0
KM-103,9.76,50945,45.09,73.5,29492.6,121,1,3,0.0595,0.7482,0.978,0.1,0.4235,0
KM-118,10.96,71524,67.02,104.65,97134.0,144,1,0,0.062,0.8454,0.216,0.9899,0.4742,0
KM-116,50.87,3854,69.28,100.73,169326.5,48,1,0,0.3088,0.0106,0.072,0.878,0.3007,0
KM-102,27.57,52318,49.19,75.43,121268.3,38,1,0,0.126,0.5289,0.6893,0.1551,0.3452,0
KM-113,40.19,59362,62.62,55.09,50974.9,160,0,1,0.1615,0.7192,0.3354,0.0,0.3034,0
KM-114,19.22,73150,51.44,49.42,108711.1,138,0,1,0.0369,0.9544,0.7493,0.0,0.4014,0
KM-110,85.71,13846,53.46,74.97,163185.7,37,1,1,0.7846,0.152,0.5172,0.142,0.4444,0
KM-108,75.94,19274,72.24,46.38,162584.1,97,0,1,0.5766,0.1983,0.1455,0.0,0.2805,0
KM-120,16.12,19149,41.62,80.74,96470.4,130,0,0,0.026,0.1171,1.0,0.3069,0.2997,0
KM-113,51.25,7654,47.9,81.56,47806.0,21,1,1,0.3127,0.1096,0.7153,0.3303,0.346,0
KM-110,11.8,30004,42.34,90.44,105262.3,12,1,1,0.0639,0.3097,0.9243,0.5841,0.4015,0
KM-104,41.56,40202,63.12,99.75,134618.2,133,1,0,0.2227,0.3562,0.2746,0.8501,0.392,0
KM-121,47.94,3592,65.42,71.08,12296.0,68,1,0,0.2798,0.0095,0.102,0.031,0.1269,0
KM-115,15.73,60652,68.67,53.76,173700.4,99,0,0,0.0247,0.6601,0.1485,0.0,0.2034,0
KM-105,14.8,9494,72.92,71.7,120539.7,123,1,1,0.0719,0.1209,0.1845,0.0484,0.102,0
KM-113,80.18,71654,42.16,99.45,128486.4,113,3,2,0.7928,1.0,1.0,0.8415,0.8958,1
KM-107,42.17,21360,57.91,84.7,169325.3,86,4,1,0.3778,0.218,0.4124,0.42,0.3532,1
KM-113,27.68,26458,65.83,47.78,120679.1,141,1,0,0.1266,0.1902,0.2115,0.0,0.1342,0
KM-114,23.62,45294,40.49,47.1,60209.6,41,5,0,0.3058,0.426,1.0,0.0,0.4135,0
KM-117,15.04,38225,47.67,96.59,176733.5,21,0,1,0.0226,0.4103,0.7245,0.7597,0.4073,0
KM-110,57.69,44291,60.74,79.85,140194.5,38,0,0,0.3328,0.4119,0.2274,0.2815,0.3213,0
KM-107,64.52,76149,62.68,104.2,73358.2,132,3,0,0.5663,0.9287,0.2908,0.9771,0.684,0
KM-121,66.86,56464,55.92,63.68,106882.4,151,1,1,0.497,0.673,0.5898,0.0,0.4602,0
KM-114,90.39,46188,40.7,103.22,29819.4,54,1,1,0.8671,0.5187,1.0,0.9492,0.823,1
KM-122,33.43,51465,43.17,73.45,168955.5,28,1,1,0.1617,0.596,0.915,0.0986,0.4083,0
KM-107,70.35,38107,69.28,45.22,85363.2,46,1,2,0.5449,0.4888,0.069,0.0,0.3267,0
KM-107,7.27,66812,51.72,76.4,40959.6,119,1,0,0.0553,0.7632,0.7096,0.1829,0.3887,0
KM-125,43.81,57097,73.89,46.23,17108.2,102,3,1,0.3419,0.683,0.153,0.0,0.321,0
KM-106,15.75,71204,55.46,62.31,173373.5,58,3,0,0.1748,0.8397,0.4684,0.0,0.3648,1
KM-111,83.34,31166,68.55,95.1,168506.5,88,2,1,0.7945,0.3232,0.132,0.7172,0.5287,0
KM-111,52.68,64537,46.86,98.89,155505.1,66,1,1,0.3275,0.8046,0.8248,0.8255,0.6458,0
KM-117,76.2,5402,68.49,73.72,68871.4,165,2,2,0.6807,0.1775,0.2475,0.1062,0.3534,0
KM-119,32.33,70483,50.13,70.69,13628.4,121,2,0,0.2045,0.827,0.7763,0.0197,0.4375,0
KM-102,10.46,45000,44.53,67.15,151170.6,142,0,1,0.0109,0.5019,1.0,0.0,0.3293,0
KM-119,27.38,23262,41.65,98.0,128945.5,98,1,1,0.125,0.2368,1.0,0.8001,0.463,0
KM-125,76.95,6179,48.41,52.6,143078.8,82,1,0,0.6421,0.0215,0.7868,0.0,0.3875,0
KM-114,89.98,62842,41.72,71.62,94680.1,14,2,0,0.9096,0.6962,0.9524,0.0463,0.6921,1
KM-105,55.23,24633,66.05,73.22,161901.8,31,1,1,0.3551,0.2509,0.0465,0.0921,0.2147,0
KM-110,61.98,24264,66.29,97.9,148090.5,177,3,1,0.5342,0.247,0.2655,0.7972,0.4613,0
KM-102,5.94,6709,50.61,77.42,106283.3,27,2,1,0.1035,0.1043,0.616,0.2119,0.2279,0
KM-115,68.68,15747,74.23,95.94,27636.8,149,0,1,0.4717,0.1673,0.2235,0.7413,0.3999,1
KM-113,33.56,71910,43.3,97.81,58168.5,32,1,2,0.1626,1.0,0.9159,0.7946,0.649,0
KM-116,57.95,72562,64.29,52.8,50344.5,63,0,1,0.3358,0.9438,0.1228,0.0,0.3781,0
KM-108,80.65,79009,60.79,85.35,97455.6,117,2,1,0.7504,1.0,0.3441,0.4385,0.6692,1
KM-119,56.63,64562,52.6,98.76,89195.5,112,3,2,0.4707,0.885,0.6641,0.8216,0.6831,0
KM-120,26.72,49009,67.29,97.13,79630.8,4,0,2,0.0714,0.6395,0.006,0.7753,0.3411,1
KM-118,33.78,68264,70.17,88.57,161168.8,164,0,1,0.1141,0.8682,0.246,0.5307,0.4123,0
KM-103,62.42,44015,46.07,98.0,56176.5,33,1,0,0.4396,0.4081,0.8067,0.8,0.5772,1
KM-121,73.93,33334,55.85,47.22,62510.0,11,2,0,0.6465,0.269,0.3824,0.0,0.37,0
KM-115,70.48,75682,72.3,82.02,22729.6,177,2,1,0.5967,1.0,0.2655,0.3434,0.5806,0
KM-125,5.58,51020,60.05,99.07,8769.2,154,0,1,0.0031,0.5893,0.4291,0.8304,0.4003,0
KM-124,10.8,4635,67.92,99.61,140107.1,98,0,1,0.0117,0.0939,0.147,0.846,0.2262,0
KM-106,16.01,22525,60.35,90.65,17908.7,131,1,0,0.0756,0.1494,0.3823,0.59,0.2583,0
KM-102,52.45,23993,54.68,83.84,75862.7,50,0,0,0.2751,0.1642,0.4879,0.3955,0.314,0
KM-107,36.84,69731,74.98,55.41,65214.9,33,2,1,0.2357,0.8938,0.0495,0.0,0.3158,0
KM-108,12.45,62436,62.4,47.85,13115.8,140,0,1,0.0155,0.7695,0.3138,0.0,0.2606,0
KM-125,54.35,5877,65.98,51.81,125269.5,5,0,1,0.2954,0.0999,0.0075,0.0,0.1299,0
KM-109,90.91,22392,70.65,90.61,164422.2,142,3,1,0.9766,0.2281,0.213,0.5887,0.5592,1
KM-125,9.65,28222,68.19,94.8,19941.9,61,1,2,0.0593,0.3695,0.0915,0.7085,0.2732,0
KM-121,8.59,27733,54.47,70.34,45535.4,34,0,0,0.0074,0.2041,0.4723,0.0096,0.15,0
KM-125,40.07,53293,45.29,71.38,16538.6,171,4,3,0.3605,0.7837,1.0,0.0394,0.53,0
KM-124,57.77,42801,45.32,71.86,88613.5,23,1,0,0.3837,0.3913,0.8216,0.0531,0.4071,0
KM-102,9.95,21967,47.63,50.4,54692.4,112,0,1,0.0099,0.2239,0.8628,0.0,0.232,0
KM-102,5.49,17002,53.49,81.77,14251.1,61,0,2,0.003,0.258,0.5519,0.3364,0.2432,0
KM-121,9.63,48805,69.23,73.12,52133.7,143,0,3,0.0093,0.7165,0.2145,0.0892,0.2431,0
KM-112,93.84,76333,51.49,87.87,76137.6,118,1,1,0.9306,1.0,0.7174,0.5106,0.8213,0
KM-103,10.33,49104,61.77,73.85,175090.6,47,0,0,0.0107,0.4809,0.1995,0.1101,0.1859,0
KM-106,22.91,49235,63.78,57.11,16618.5,96,1,0,0.1025,0.4828,0.1927,0.0,0.1951,0
KM-124,74.69,52182,52.48,85.61,97425.3,87,2,0,0.6579,0.5268,0.6311,0.4461,0.5774,0
KM-122,19.52,59151,48.95,85.55,106762.7,37,3,1,0.1881,0.7158,0.6975,0.4442,0.4731,1
KM-106,31.61,47386,70.08,94.55,28294.6,135,2,0,0.1999,0.4559,0.2025,0.7013,0.3647,0
KM-107,62.65,28572,47.43,68.83,109039.3,102,1,0,0.4425,0.2134,0.8557,0.0,0.3794,0
KM-105,37.48,79033,49.96,78.22,20419.1,9,2,1,0.2405,1.0,0.6151,0.2349,0.5042,1
KM-108,61.27,14590,62.15,56.31,102539.4,90,1,1,0.4254,0.1579,0.2492,0.0,0.2382,1
KM-105,59.55,39796,69.28,60.91,7472.2,160,0,0,0.3546,0.3509,0.24,0.0,0.2598,0
KM-106,82.46,24156,58.85,102.54,20056.9,124,3,1,0.8299,0.2459,0.4319,0.9297,0.6243,0
KM-125,16.23,1591,61.24,81.78,84496.7,137,0,1,0.0263,0.0828,0.356,0.3366,0.1684,0
KM-110,25.03,9268,52.7,49.53,98893.4,50,2,1,0.1626,0.1194,0.5669,0.0,0.2002,0
KM-117,26.68,76417,72.41,79.57,125609.3,9,1,0,0.1212,0.9336,0.0135,0.2736,0.3332,1
KM-124,48.94,24377,71.28,52.25,64355.7,104,0,0,0.2395,0.1682,0.156,0.0,0.1571,0
KM-107,48.96,75252,64.25,72.06,19022.5,146,2,1,0.3397,0.9923,0.2489,0.0588,0.4285,0
KM-107,85.61,53812,46.8,46.04,58125.3,24,4,0,0.9329,0.5517,0.7638,0.0,0.6172,1
KM-121,85.65,67217,64.46,46.48,107723.5,83,0,1,0.7336,0.8502,0.1459,0.0,0.4985,1
KM-111,78.91,50262,64.53,59.79,62223.7,166,2,1,0.7227,0.578,0.268,0.0,0.451,0
KM-101,62.47,33005,50.13,101.98,127839.0,36,1,1,0.4403,0.345,0.6489,0.9138,0.5529,0
KM-113,26.84,60323,72.59,91.77,98065.5,142,1,1,0.122,0.7348,0.213,0.6221,0.3934,0
KM-113,67.54,47625,64.61,70.13,61547.9,92,0,0,0.4562,0.4593,0.1537,0.0037,0.306,0
KM-116,55.27,13575,53.89,57.19,61368.4,115,0,0,0.3055,0.0699,0.6171,0.0,0.2478,0
KM-122,27.02,13673,61.06,72.72,64148.1,51,0,0,0.073,0.0707,0.2341,0.0777,0.1056,0
KM-117,30.2,78553,68.4,64.65,92539.8,67,1,0,0.1412,0.973,0.1005,0.0,0.3128,0
KM-121,16.02,29069,59.89,46.29,98448.8,48,1,0,0.0757,0.219,0.2766,0.0,0.1366,0
KM-120,37.96,73893,55.98,51.48,69199.5,100,1,1,0.1941,0.9677,0.5108,0.0,0.412,0
KM-102,93.58,43054,71.17,72.35,101850.0,39,2,1,0.9757,0.4748,0.0585,0.067,0.4853,1
KM-122,79.13,38849,65.76,97.95,79497.6,79,0,2,0.6261,0.4984,0.1185,0.7985,0.5271,0
KM-124,65.76,8914,64.36,81.18,123608.8,128,0,1,0.4325,0.1172,0.2174,0.3195,0.288,0
KM-112,68.21,34630,74.21,63.13,129970.0,41,5,2,0.7152,0.4448,0.0615,0.0,0.3738,1
KM-118,58.28,56073,46.85,67.99,101958.7,156,0,1,0.3397,0.6668,0.96,0.0,0.4776,0
KM-115,55.8,63892,67.78,64.51,162787.1,71,2,1,0.4114,0.7937,0.1065,0.0,0.3637,1
KM-118,56.23,17408,42.07,85.64,154362.3,140,3,1,0.4662,0.1815,1.0,0.4468,0.4979,0
KM-109,25.21,19088,62.67,61.73,160876.7,58,2,1,0.1636,0.1965,0.1802,0.0,0.1424,0
KM-112,88.37,10495,60.21,89.37,143431.1,51,2,2,0.8809,0.2075,0.2681,0.5535,0.5245,0
KM-118,83.26,6125,47.11,67.92,75098.4,75,2,2,0.7932,0.1812,0.8281,0.0,0.4885,0
KM-106,32.72,34422,68.05,92.33,7434.9,105,0,0,0.1071,0.2822,0.1575,0.638,0.2671,0
KM-113,81.87,77499,45.42,103.56,106154.5,14,1,1,0.7203,1.0,0.8043,0.959,0.8548,1
KM-102,33.09,14175,67.88,82.5,63023.0,11,1,1,0.1595,0.1546,0.0165,0.3573,0.1692,0
KM-113,73.49,30030,52.66,48.58,40951.3,73,2,0,0.64,0.23,0.6033,0.0,0.4022,0
KM-102,22.04,41070,71.99,72.85,81518.7,96,0,0,0.0486,0.3678,0.144,0.0814,0.154,0
KM-115,58.04,36280,74.11,86.94,168020.2,178,0,2,0.3368,0.4654,0.267,0.484,0.3844,0
KM-120,13.17,11207,51.31,66.35,22839.8,81,1,2,0.0673,0.2124,0.6691,0.0,0.2105,0
KM-112,6.12,23124,49.33,89.9,83860.1,56,1,0,0.0537,0.1554,0.7106,0.5686,0.3135,0
KM-113,90.51,48496,43.7,80.43,122433.7,142,1,1,0.8691,0.552,1.0,0.2979,0.7018,0
KM-114,54.44,61112,58.19,89.21,45268.3,32,1,1,0.3464,0.7477,0.3204,0.5488,0.482,0
KM-125,37.57,34767,73.76,98.46,165037.2,67,3,0,0.2912,0.2865,0.1005,0.8132,0.3563,0
KM-124,93.4,4743,57.04,82.54,95343.2,55,2,0,0.9724,0.0144,0.401,0.3583,0.4958,0
KM-114,46.1,6797,63.88,71.25,14125.2,9,2,0,0.3125,0.0248,0.0582,0.0358,0.1344,0
KM-105,63.49,4855,60.61,57.27,12180.1,83,4,1,0.6032,0.095,0.3003,0.0,0.2949,0
KM-110,82.18,18252,58.63,89.37,124462.3,108,2,2,0.7754,0.269,0.4167,0.5534,0.5327,0
KM-125,94.43,72113,66.83,75.61,33351.6,163,1,1,0.9417,0.9358,0.2445,0.1602,0.6445,0
KM-106,43.52,60781,55.16,75.84,14103.4,155,2,2,0.2894,0.8222,0.626,0.1668,0.4654,0
KM-114,46.45,41129,58.11,52.09,91839.5,20,3,0,0.3657,0.3686,0.3057,0.0,0.2813,0
KM-110,44.94,45171,49.99,81.29,166414.2,48,2,1,0.302,0.5043,0.6723,0.3225,0.4307,0
KM-111,66.9,40042,59.13,51.04,84972.4,58,2,1,0.5475,0.4341,0.322,0.0,0.3645,0
KM-122,25.95,37102,43.18,104.4,20141.1,48,0,0,0.0673,0.3158,0.945,0.9829,0.4881,0
KM-114,64.32,17927,69.6,46.27,12042.2,47,1,1,0.4637,0.1861,0.0705,0.0,0.2229,0
KM-103,87.53,29612,65.46,76.96,104135.2,53,1,3,0.8162,0.4652,0.0795,0.1988,0.4576,0
KM-120,79.86,25150,43.45,64.86,60414.1,16,1,0,0.6878,0.1763,0.8861,0.0,0.462,0
KM-106,32.74,28828,70.73,84.42,114047.0,52,2,1,0.2072,0.2963,0.078,0.4119,0.2446,0
KM-110,48.26,31507,61.72,103.53,64156.7,24,0,3,0.233,0.4872,0.167,0.958,0.4283,0
KM-120,94.12,23556,42.47,56.51,37928.5,74,1,0,0.9359,0.1598,1.0,0.0,0.5675,0
KM-112,89.24,7444,71.49,89.5,122321.6,160,1,1,0.8464,0.1084,0.24,0.557,0.4828,0
KM-116,90.83,23665,49.63,57.8,98738.1,76,2,0,0.9251,0.1609,0.729,0.0,0.5098,0
KM-120,82.96,50342,56.69,92.07,117334.5,72,1,0,0.7382,0.4992,0.4405,0.6305,0.5973,1
KM-104,81.79,49032,66.83,69.91,66197.7,169,1,0,0.719,0.4798,0.2535,0.0,0.4223,0
KM-106,56.74,26886,65.33,68.39,81815.0,124,1,0,0.3719,0.1948,0.186,0.0,0.2161,0
KM-121,64.8,23119,68.81,93.07,103283.6,95,3,0,0.5699,0.1554,0.1425,0.6591,0.3986,0
KM-114,72.15,22952,55.37,103.5,130394.8,39,1,0,0.5706,0.1537,0.4436,0.9571,0.5183,0
KM-103,90.42,77975,45.94,58.19,45413.7,100,4,1,1.0,1.0,0.9123,0.0,0.7825,0
KM-116,33.54,56228,51.28,102.19,38373.2,60,0,0,0.1125,0.5892,0.6387,0.9198,0.4984,1
KM-112,16.87,47574,63.33,95.3,78283.6,27,1,1,0.0784,0.5386,0.1072,0.7228,0.3281,0
KM-108,89.46,69739,67.19,77.97,138531.4,107,3,1,0.9504,0.8939,0.1605,0.2278,0.6338,0
KM-121,69.49,44381,58.9,77.98,87561.9,172,2,0,0.5829,0.4132,0.5021,0.2279,0.4533,0
KM-111,69.74,58226,66.69,78.96,8439.7,8,2,0,0.5864,0.6209,0.012,0.256,0.4141,0
KM-112,62.76,50509,63.96,55.95,13981.5,61,3,3,0.5438,0.7417,0.1332,0.0,0.4024,0
KM-114,70.54,72813,68.86,77.9,143463.8,74,2,1,0.5976,0.9483,0.111,0.2256,0.5135,0
KM-113,25.73,17211,67.54,74.78,90300.1,32,2,1,0.1662,0.1798,0.048,0.1367,0.1401,0
KM-124,79.83,12279,57.72,70.07,22314.1,79,2,1,0.7373,0.1401,0.4095,0.0021,0.3754,0
KM-115,52.19,48480,46.34,64.95,112166.8,116,1,0,0.3223,0.4717,0.9206,0.0,0.4149,0
KM-116,9.23,58004,52.83,90.28,76176.4,11,3,1,0.1585,0.6974,0.5032,0.5793,0.4463,0
KM-123,14.8,10674,61.94,50.02,121512.1,8,4,1,0.2219,0.1287,0.1346,0.0,0.1368,0
KM-101,51.28,52633,58.44,96.03,81831.2,151,2,0,0.363,0.5336,0.4888,0.7438,0.507,0
KM-122,75.46,5630,46.08,72.1,72016.1,118,2,1,0.6694,0.0987,0.9339,0.0599,0.4577,1
KM-121,34.2,35592,47.77,77.36,15320.3,133,2,1,0.217,0.3768,0.8886,0.2102,0.3899,0
KM-112,69.25,13812,42.36,66.71,20158.6,104,1,0,0.5295,0.0717,1.0,0.0,0.4033,0
KM-101,70.92,71807,51.88,57.28,78542.3,128,3,0,0.6529,0.8504,0.7169,0.0,0.5845,1
KM-110,56.49,29566,58.16,91.87,60665.8,97,0,0,0.3191,0.2247,0.4191,0.6247,0.3766,1
KM-122,84.82,55999,60.86,92.42,104335.4,142,1,0,0.7695,0.5856,0.3787,0.6407,0.6196,1
KM-104,80.9,51568,43.52,51.37,53034.1,77,2,1,0.7546,0.5975,0.9745,0.0,0.6084,0
KM-117,61.16,49212,47.73,50.92,79562.7,73,4,1,0.5741,0.5625,0.8005,0.0,0.5016,1
KM-117,74.94,65755,67.52,82.43,21998.7,25,1,1,0.6116,0.8252,0.0375,0.3552,0.4989,0
KM-104,26.11,29651,71.04,50.54,101078.0,108,2,2,0.1682,0.3856,0.162,0.0,0.1877,0
KM-111,92.97,6963,50.45,91.55,143842.4,142,1,1,0.9143,0.1057,0.795,0.6157,0.6286,0
KM-112,64.07,14893,52.25,82.85,132578.4,163,1,1,0.4605,0.1603,0.7544,0.3672,0.4256,0
KM-125,84.56,26530,64.97,100.57,160257.0,128,1,2,0.765,0.351,0.1931,0.8734,0.5688,1
KM-111,71.67,78401,69.38,83.18,89538.2,77,4,2,0.7136,1.0,0.1155,0.3767,0.5982,0
KM-125,20.43,68416,63.54,80.8,106980.6,29,0,1,0.0418,0.8709,0.1019,0.3085,0.3144,0
KM-103,54.35,54234,50.08,78.19,111509.4,92,1,1,0.3454,0.6382,0.7348,0.234,0.4742,1
KM-111,89.83,52683,66.59,52.19,28899.5,38,1,0,0.8569,0.5344,0.057,0.0,0.4449,1
KM-111,40.66,76475,65.49,74.24,11087.0,2,1,1,0.2153,1.0,0.003,0.1211,0.3502,0
KM-120,76.67,73028,59.92,90.76,81297.4,104,1,1,0.6379,0.9522,0.3591,0.5931,0.6517,1
KM-101,53.08,49418,58.33,85.04,81601.8,114,0,1,0.2817,0.5655,0.4378,0.4297,0.4135,1
KM-121,90.35,52269,65.32,50.68,172909.8,27,1,1,0.8663,0.6081,0.0405,0.0,0.4633,1
KM-117,59.01,68306,40.75,89.75,7628.7,39,2,1,0.4482,0.869,1.0,0.5643,0.687,1
KM-122,9.3,12804,57.55,53.3,51081.5,105,1,0,0.0586,0.064,0.4555,0.0,0.1276,0
KM-121,31.66,76632,42.59,63.57,37511.0,44,1,3,0.1503,1.0,0.9624,0.0,0.4951,1
KM-117,56.35,77769,50.47,56.86,147694.1,16,2,3,0.4176,1.0,0.6053,0.0,0.5172,1
KM-106,88.42,14290,54.94,46.85,164994.3,117,2,1,0.8818,0.1555,0.578,0.0,0.4631,0
KM-115,28.81,20578,65.55,94.59,166200.4,29,1,1,0.133,0.2105,0.0435,0.7026,0.2484,0
KM-125,47.17,49339,45.02,70.56,26848.7,95,2,1,0.3225,0.5643,0.9416,0.0161,0.4455,0
KM-119,90.31,13677,59.4,66.6,76828.7,56,2,1,0.9157,0.1507,0.308,0.0,0.4198,0
KM-114,13.49,46658,55.02,49.17,7186.0,172,1,0,0.0682,0.4454,0.657,0.0,0.2666,0
KM-114,25.08,20723,43.08,51.67,73106.3,3,1,2,0.1129,0.2918,0.8815,0.0,0.2888,0
KM-102,25.54,14364,46.67,52.12,52635.1,21,0,0,0.0652,0.0761,0.7648,0.0,0.1948,0
KM-113,39.84,15848,47.09,46.43,19306.5,107,1,0,0.2087,0.0882,0.877,0.0,0.2705,0
KM-122,92.1,56982,61.01,70.32,104017.2,156,0,0,0.8482,0.6011,0.3935,0.0091,0.5277,0
KM-101,29.21,9936,56.15,76.56,158379.8,92,1,1,0.1353,0.1238,0.4919,0.1875,0.2142,0
KM-125,75.14,69097,57.36,60.97,75814.7,37,2,0,0.6645,0.8027,0.3611,0.0,0.5055,0
KM-101,68.46,53760,47.52,88.86,120697.2,131,2,0,0.5687,0.5509,0.8956,0.5387,0.6236,1
KM-119,13.31,31156,67.06,85.72,23654.5,127,1,0,0.0677,0.243,0.1905,0.449,0.2124,0
KM-106,53.92,46924,67.77,96.4,37314.6,176,0,0,0.2907,0.4492,0.264,0.7544,0.4177,0
KM-101,36.95,7263,58.59,54.07,121254.3,128,1,1,0.1865,0.1074,0.4483,0.0,0.1818,0
KM-122,83.7,75239,45.89,79.3,95137.2,142,2,1,0.8006,0.9921,0.9773,0.2657,0.7768,1
KM-116,12.44,13589,51.74,69.82,133854.6,133,1,3,0.0655,0.31,0.73,0.0,0.2464,1
KM-103,88.25,35838,56.61,66.26,113115.3,94,2,1,0.8788,0.3798,0.4766,0.0,0.4978,0
KM-103,41.02,18625,43.09,55.21,71734.9,95,0,0,0.1683,0.1123,1.0,0.0,0.287,0
KM-125,41.57,15212,62.8,100.6,57485.3,37,0,0,0.1728,0.0829,0.1434,0.8742,0.2847,0
KM-108,23.95,2253,55.3,70.46,157769.7,140,0,0,0.0574,0.0047,0.598,0.0131,0.1435,0
KM-108,57.7,53239,63.68,75.65,128130.9,13,0,1,0.3329,0.6229,0.0722,0.1614,0.319,0
KM-102,17.05,76065,59.31,91.22,26210.3,37,1,0,0.0791,0.9271,0.283,0.6063,0.4373,0
KM-102,7.64,43814,65.98,92.05,30781.8,30,1,2,0.0558,0.5653,0.045,0.6299,0.2959,0
KM-124,36.83,30583,64.74,77.18,134916.2,79,2,1,0.2356,0.3164,0.1288,0.2053,0.2284,0
KM-124,60.47,21301,65.2,97.75,100322.3,77,2,0,0.4657,0.1374,0.1155,0.7929,0.379,1
KM-113,13.29,10400,69.16,76.2,15520.7,10,1,0,0.0677,0.0469,0.015,0.1771,0.0738,0
KM-111,64.9,78491,42.9,72.63,97719.3,45,4,1,0.6212,1.0,0.9514,0.0752,0.6727,0
KM-106,15.25,7661,70.34,52.34,115022.9,16,1,2,0.0733,0.1896,0.024,0.0,0.0778,0
KM-104,16.69,35356,62.63,65.56,96007.5,84,2,2,0.1278,0.4538,0.221,0.0,0.2024,1
KM-110,61.67,55474,51.99,56.76,33177.2,47,4,0,0.5804,0.5774,0.5911,0.0,0.4657,0
KM-125,53.79,34502,65.9,61.9,109104.7,76,1,1,0.3393,0.3632,0.114,0.0,0.2324,1
KM-116,42.68,78659,44.43,101.25,34319.1,53,1,1,0.2322,1.0,0.9022,0.8928,0.6903,0
KM-124,62.66,17044,57.32,57.52,48271.9,48,2,0,0.4927,0.0983,0.379,0.0,0.2728,0
KM-109,87.7,25621,64.49,94.14,29004.7,126,1,0,0.8192,0.1812,0.2094,0.6898,0.5119,1
KM-101,47.23,17852,69.47,85.01,143773.0,102,4,1,0.423,0.1854,0.153,0.4289,0.3108,0
KM-103,87.62,7951,63.02,59.77,98456.8,4,1,0,0.8176,0.0313,0.0854,0.0,0.3111,0
KM-109,45.82,46024,52.97,87.36,163388.1,87,0,0,0.2099,0.4364,0.6117,0.4959,0.4041,1
KM-101,42.79,44788,59.38,45.72,93567.1,158,4,0,0.3831,0.4189,0.4617,0.0,0.3312,0
KM-123,41.35,30335,50.13,74.83,95011.6,84,2,1,0.2709,0.3135,0.7206,0.1379,0.3449,0
KM-116,47.88,10800,53.76,67.89,10897.9,109,3,0,0.3793,0.0496,0.6133,0.0,0.2678,1
KM-107,67.02,5251,45.82,77.5,130193.0,42,1,1,0.4992,0.0968,0.8301,0.2143,0.4078,0
KM-122,12.83,13708,49.01,50.96,60838.9,21,1,0,0.0665,0.0709,0.671,0.0,0.1752,0
KM-124,63.22,8700,56.73,84.1,124681.7,134,3,0,0.5496,0.0359,0.5319,0.4029,0.3883,0
KM-106,29.15,70882,50.06,81.92,71543.7,45,1,0,0.1349,0.834,0.6652,0.3405,0.4569,1
KM-120,42.14,68500,65.87,84.32,147904.4,100,3,1,0.3276,0.8723,0.15,0.4091,0.4445,0
KM-119,15.26,36415,57.8,69.05,155641.3,42,4,2,0.2233,0.4671,0.3512,0.0,0.2652,0
KM-116,47.32,5582,48.21,94.47,7941.8,60,1,0,0.2739,0.0184,0.7614,0.699,0.3926,1
KM-114,22.64,39787,60.81,58.36,150852.0,76,2,0,0.1512,0.3507,0.2815,0.0,0.1969,0
KM-107,16.8,74825,59.96,90.84,93142.4,26,1,1,0.0782,0.9846,0.2407,0.5956,0.4408,1
KM-123,31.75,72979,49.06,60.54,49881.9,124,0,0,0.1008,0.8713,0.8237,0.0,0.4178,0
KM-120,46.36,25664,44.61,46.43,10477.9,179,1,1,0.2649,0.2617,1.0,0.0,0.3581,0
KM-116,56.6,54738,43.98,63.53,44753.2,114,1,1,0.3703,0.646,1.0,0.0,0.4911,1
KM-121,38.91,77057,73.74,95.45,50723.2,59,1,1,0.2014,1.0,0.0885,0.7271,0.4836,0
KM-115,62.4,41338,70.35,94.09,60483.6,74,0,0,0.3893,0.3714,0.111,0.6884,0.389,0
KM-108,29.34,27010,40.86,75.34,157351.6,26,1,0,0.1361,0.1962,1.0,0.1526,0.3272,0
KM-108,82.61,66285,62.82,71.16,9919.1,136,2,1,0.7825,0.8342,0.2911,0.0331,0.5473,0
KM-110,72.03,47428,66.35,91.84,16554.5,76,0,0,0.5189,0.4565,0.114,0.624,0.4433,1
KM-118,46.68,44229,62.21,47.61,132571.8,33,1,0,0.2679,0.4111,0.161,0.0,0.2287,0
KM-118,7.49,71393,49.63,91.23,173800.2,54,0,0,0.0056,0.843,0.696,0.6065,0.4732,0
KM-121,52.65,76645,60.19,47.75,96533.6,112,2,1,0.3772,1.0,0.3603,0.0,0.4541,0
KM-114,5.29,57066,53.72,84.86,59607.9,103,0,0,0.0028,0.6025,0.6057,0.4246,0.3576,0
KM-117,27.73,62361,47.4,71.87,37950.1,100,4,0,0.2769,0.6882,0.8542,0.0533,0.4505,0
KM-120,41.62,77298,64.46,81.57,156325.6,131,1,0,0.2233,0.9498,0.2182,0.3306,0.4253,0
KM-120,37.87,16157,70.79,55.43,111625.1,98,1,0,0.1934,0.0908,0.147,0.0,0.1198,0
KM-123,93.48,33663,55.71,63.05,34915.9,52,1,0,0.9238,0.273,0.4497,0.0,0.4815,0
KM-121,92.14,47243,55.5,87.91,33379.1,108,1,2,0.899,0.6138,0.542,0.5116,0.6788,1
KM-101,40.03,68619,51.24,56.24,41865.6,131,3,1,0.3102,0.8744,0.7468,0.0,0.4765,0
KM-120,23.05,51968,40.0,76.54,108748.6,93,2,1,0.1531,0.6036,1.0,0.1868,0.4418,0
KM-108,76.85,2131,64.15,72.99,179222.8,23,4,0,0.7906,0.0043,0.0686,0.0854,0.3086,0
KM-119,46.38,74799,73.85,96.52,80299.7,91,2,0,0.3151,0.9041,0.1365,0.7576,0.5151,0
KM-115,18.24,78207,52.49,94.08,72845.6,40,2,1,0.1333,1.0,0.5605,0.688,0.5463,0
KM-108,75.7,35519,41.24,104.61,118021.1,35,1,2,0.6231,0.4558,1.0,0.9889,0.7298,0
KM-111,20.55,78897,71.81,88.97,26523.7,168,1,1,0.0922,1.0,0.252,0.5419,0.4411,0
KM-118,62.35,32970,59.04,104.46,174651.8,156,3,1,0.5388,0.3446,0.4722,0.9846,0.5661,1
KM-124,32.58,63180,68.71,55.77,79303.0,5,2,0,0.2062,0.7018,0.0075,0.0,0.2491,0
KM-111,63.58,54664,51.19,84.42,93185.3,90,2,0,0.5042,0.5648,0.6876,0.4119,0.5376,0
KM-109,84.27,26992,55.82,97.63,55508.4,135,3,0,0.8602,0.196,0.5698,0.7894,0.6219,0
KM-101,26.25,60036,60.67,66.44,150001.1,171,1,1,0.1189,0.7301,0.4299,0.0,0.3101,0
KM-102,56.31,37709,53.62,78.7,6015.1,153,0,0,0.317,0.3236,0.6847,0.2485,0.3785,0
KM-112,30.91,18061,65.6,71.5,22431.0,25,1,0,0.1456,0.1073,0.0375,0.0429,0.0938,0
KM-120,40.94,24268,48.14,68.47,77072.6,98,2,1,0.2676,0.2471,0.8216,0.0,0.3198,0
KM-123,19.73,51734,73.73,96.91,36557.5,174,1,1,0.0889,0.6,0.261,0.7689,0.3871,0
KM-123,68.51,45003,69.18,52.69,114461.3,160,1,1,0.5194,0.5019,0.24,0.0,0.3553,0
KM-116,86.35,26844,59.37,55.55,171351.2,120,0,2,0.7457,0.3544,0.4052,0.0,0.4306,1
KM-110,91.57,29008,54.69,74.17,127591.1,48,2,3,0.9385,0.4583,0.4845,0.1191,0.5638,1
KM-113,19.18,36216,64.13,101.51,46186.8,170,1,1,0.0868,0.3846,0.2897,0.9003,0.3645,0
KM-121,40.7,60470,61.04,104.49,134729.2,83,0,1,0.1656,0.7372,0.2828,0.9854,0.4959,0
KM-102,64.67,20022,46.0,70.24,26794.6,39,0,0,0.4183,0.1252,0.8186,0.0068,0.3428,1
KM-121,81.95,26558,54.4,52.44,160499.6,37,0,0,0.6716,0.1913,0.4794,0.0,0.3788,0
KM-112,15.68,79035,67.56,84.82,86544.2,157,1,0,0.0746,0.982,0.2355,0.4234,0.4034,0
KM-115,42.92,61996,55.46,54.47,12021.2,24,1,0,0.2342,0.6822,0.4178,0.0,0.3361,1
KM-106,6.95,14780,67.07,68.3,68581.2,2,1,0,0.0548,0.0794,0.003,0.0,0.0396,0
KM-125,45.0,51264,70.97,56.06,32610.2,86,0,0,0.2025,0.513,0.129,0.0,0.2249,0
KM-110,81.79,1858,69.88,96.4,71452.6,17,2,1,0.769,0.0835,0.0255,0.7544,0.446,0
KM-107,26.02,13020,63.13,86.94,92933.4,69,0,0,0.0677,0.0657,0.1781,0.4839,0.1725,0
KM-112,78.99,5787,70.24,51.83,108990.5,122,1,1,0.6739,0.0995,0.183,0.0,0.2973,0
KM-112,55.2,9571,47.49,62.6,49981.0,109,2,1,0.4047,0.1214,0.8639,0.0,0.3448,0
KM-104,78.38,40650,60.42,54.66,177260.8,141,1,1,0.6643,0.4422,0.3947,0.0,0.422,0
KM-123,71.73,62242,44.13,98.68,123800.4,150,1,0,0.5645,0.6863,1.0,0.8194,0.733,0
KM-115,22.06,71184,67.04,102.69,154986.5,91,1,0,0.0987,0.8393,0.1365,0.934,0.4585,1
KM-124,74.97,7464,61.49,95.38,104678.8,44,2,2,0.662,0.1885,0.2063,0.725,0.4651,0
KM-110,24.82,63783,62.19,84.18,66234.6,108,1,0,0.1116,0.7119,0.2742,0.405,0.3529,0
KM-110,14.34,1210,53.34,88.14,104140.9,137,1,1,0.0706,0.0819,0.6719,0.5181,0.2832,1
KM-102,31.36,63997,48.17,63.94,146941.0,9,2,0,0.1983,0.7155,0.6866,0.0,0.3856,1
KM-109,17.63,45982,48.62,88.2,70039.8,129,1,0,0.0811,0.4358,0.8486,0.5201,0.4111,0
KM-112,68.59,51834,46.42,90.27,136666.4,97,2,2,0.5704,0.6815,0.8889,0.5791,0.6636,0
KM-120,48.77,20132,62.22,82.16,58048.3,132,0,3,0.2378,0.3662,0.3091,0.3474,0.3061,0
KM-107,62.75,56264,72.79,89.01,125670.9,157,0,0,0.3937,0.5898,0.2355,0.5432,0.441,0
KM-120,56.81,78637,67.68,63.38,159614.5,49,2,1,0.4227,1.0,0.0735,0.0,0.4126,0
KM-110,42.51,22791,67.05,101.78,45181.0,161,0,1,0.1807,0.2321,0.2415,0.9081,0.3512,0
KM-110,51.46,36240,63.29,60.52,51930.7,131,2,1,0.3648,0.3849,0.2648,0.0,0.2769,0
KM-121,20.49,78562,54.17,62.95,44404.9,71,2,0,0.142,0.9732,0.5399,0.0,0.401,1
KM-121,51.32,41398,69.84,77.07,28386.0,131,4,0,0.4634,0.3722,0.1965,0.2021,0.335,1
KM-124,66.17,51875,71.57,94.8,116909.8,57,2,0,0.5379,0.5222,0.0855,0.7086,0.4776,0
KM-117,86.1,8295,44.79,74.55,64939.2,86,3,0,0.8913,0.0334,0.9375,0.1301,0.5338,1
KM-114,62.52,26259,62.67,100.68,177930.7,153,1,0,0.4409,0.1881,0.3227,0.8767,0.4412,0
KM-112,12.99,72054,48.19,80.85,7965.1,75,1,0,0.0669,0.8548,0.7848,0.3099,0.4561,0
KM-118,78.17,37838,60.27,68.36,60572.3,12,2,3,0.711,0.5653,0.2071,0.0,0.4316,0
KM-113,83.01,8563,64.07,62.83,118425.0,101,1,0,0.7391,0.035,0.1888,0.0,0.3052,0
KM-117,61.99,70636,63.6,100.31,14504.3,93,2,1,0.4842,0.9097,0.1955,0.866,0.6092,0
KM-119,94.09,78852,44.45,88.42,150396.9,171,2,0,0.9852,0.9786,1.0,0.5262,0.8947,1
KM-110,60.73,73576,40.71,46.04,29019.4,106,1,0,0.4189,0.882,1.0,0.0,0.5671,0
KM-103,88.74,67372,74.77,50.49,169531.3,52,1,2,0.8375,0.9328,0.078,0.0,0.5419,1
KM-121,72.0,47698,70.57,55.86,70218.1,168,3,2,0.6684,0.6204,0.252,0.0,0.4394,0
KM-107,43.28,13219,41.48,69.1,118378.2,126,2,0,0.2873,0.0672,1.0,0.0,0.3174,0
KM-122,63.22,41211,48.03,46.04,149386.2,79,1,0,0.4497,0.3697,0.7973,0.0,0.4093,0
KM-115,86.61,52277,67.66,97.83,165908.6,38,1,1,0.8001,0.6082,0.057,0.7952,0.6026,1
KM-105,43.4,39168,58.46,57.96,53093.0,97,2,2,0.2884,0.5026,0.4073,0.0,0.308,0
KM-106,74.29,68900,42.81,95.73,177605.5,100,2,0,0.6519,0.7993,1.0,0.7352,0.775,0
KM-101,47.13,51665,65.14,75.31,169644.3,116,0,0,0.2221,0.519,0.174,0.1517,0.2726,0
KM-111,17.45,32441,53.74,83.0,72874.1,148,1,2,0.0804,0.4182,0.6723,0.3714,0.3414,0
KM-121,37.83,30950,52.65,45.96,64561.0,109,3,1,0.2931,0.3206,0.6576,0.0,0.3143,0
KM-110,17.44,49978,62.18,100.54,157167.7,154,1,1,0.0804,0.5738,0.3437,0.8726,0.4148,0
KM-119,23.32,58102,51.05,58.33,128772.6,118,1,1,0.1044,0.6989,0.7352,0.0,0.3583,0
KM-108,40.72,41031,43.77,84.96,165357.4,71,0,0,0.1658,0.3673,0.9556,0.4273,0.4264,0
KM-122,79.23,41842,72.52,80.89,90923.3,30,3,0,0.7777,0.3783,0.045,0.311,0.438,0
KM-106,86.47,21992,47.98,103.08,159045.4,52,1,0,0.7977,0.1441,0.7588,0.9453,0.656,1
KM-117,27.23,13805,53.67,80.38,125526.0,18,1,1,0.1242,0.1517,0.4801,0.2964,0.2367,0
KM-117,57.53,25438,71.03,58.5,147849.3,48,0,1,0.331,0.2593,0.072,0.0,0.1951,0
KM-112,18.27,53206,73.25,91.53,20278.7,152,2,2,0.1334,0.7024,0.228,0.6151,0.3909,0
KM-107,35.98,11397,66.85,56.97,34291.4,22,1,0,0.1795,0.0538,0.033,0.0,0.0829,0
KM-121,14.44,36332,48.11,100.21,51995.2,67,1,1,0.0708,0.3861,0.7761,0.8632,0.4492,0
KM-109,49.39,59443,59.83,87.76,20873.5,77,4,0,0.444,0.6405,0.3223,0.5075,0.4815,0
KM-112,26.75,37230,52.54,96.2,70818.5,2,3,1,0.2215,0.3975,0.5013,0.7487,0.4269,0
KM-122,62.29,21780,49.12,59.42,115166.4,174,2,2,0.488,0.3021,0.8961,0.0,0.4255,0
KM-124,84.24,77399,63.68,55.07,179900.1,69,2,1,0.8096,1.0,0.1562,0.0,0.5646,0
KM-103,28.0,43629,66.11,82.88,114360.0,16,0,0,0.0784,0.4027,0.024,0.3681,0.2066,0
KM-116,24.02,19825,71.43,89.28,51645.7,126,2,1,0.1577,0.2034,0.189,0.5509,0.254,0
KM-111,21.22,30843,55.59,83.98,99995.5,94,3,1,0.195,0.3194,0.5173,0.3993,0.3314,0
KM-107,10.89,45576,62.37,83.15,30958.1,58,2,1,0.1119,0.51,0.1922,0.3757,0.2802,1
KM-107,52.16,56776,51.95,53.47,15467.6,27,0,0,0.2721,0.5979,0.5624,0.0,0.3572,1
KM-124,76.24,1453,59.24,68.75,82704.0,59,2,1,0.6813,0.0824,0.319,0.0,0.3229,0
KM-123,60.84,49376,63.15,47.01,9498.9,118,4,1,0.5702,0.5649,0.2509,0.0,0.391,1
KM-106,51.92,76113,41.55,90.58,105299.6,168,1,0,0.3195,0.928,1.0,0.5881,0.6615,0
KM-123,53.49,33728,52.91,76.44,102568.5,4,5,0,0.5362,0.2737,0.4898,0.184,0.3909,0
KM-102,58.7,55691,54.06,56.68,107024.0,87,0,1,0.3446,0.6608,0.5681,0.0,0.3994,0
KM-107,24.53,10590,74.69,49.06,12361.6,44,1,1,0.1102,0.1282,0.066,0.0,0.0838,0
KM-114,49.75,18577,47.87,96.29,77087.9,135,3,0,0.3975,0.1119,0.8878,0.7511,0.4949,0
KM-115,26.11,11456,44.51,56.66,128023.1,66,0,1,0.0682,0.1342,0.9185,0.0,0.2411,0
KM-105,83.7,25223,72.55,51.67,69891.8,32,2,0,0.8005,0.177,0.048,0.0,0.334,0
KM-113,6.47,55712,71.16,78.6,133947.9,164,1,1,0.0542,0.6611,0.246,0.2457,0.2826,1
KM-108,25.31,50888,67.97,55.29,163024.7,128,1,1,0.1141,0.5873,0.192,0.0,0.2252,0
KM-104,39.33,20563,40.18,63.85,61644.9,71,3,1,0.3047,0.2103,1.0,0.0,0.3592,0
KM-114,28.51,56128,71.17,83.85,59437.8,30,1,2,0.1313,0.7477,0.045,0.3956,0.321,0
KM-108,32.85,43829,58.42,84.89,87493.4,87,2,1,0.2079,0.4855,0.3937,0.4254,0.358,0
KM-123,61.89,12085,51.44,71.21,54547.6,145,4,0,0.583,0.0587,0.7598,0.0346,0.3776,1
KM-103,93.45,42377,68.54,80.21,119935.6,24,1,0,0.9233,0.3855,0.036,0.2916,0.4851,0
KM-110,11.6,78618,58.04,100.66,171909.9,159,0,4,0.0135,1.0,0.5171,0.8759,0.5333,1
KM-122,64.83,12464,41.2,87.21,140306.8,74,1,1,0.4702,0.1415,1.0,0.4916,0.4983,0
KM-101,73.58,59070,49.27,94.99,112095.0,131,2,1,0.6414,0.7145,0.8259,0.7141,0.7111,1
KM-122,90.31,69298,56.99,76.73,123251.8,177,1,0,0.8656,0.8062,0.586,0.1922,0.6602,1
KM-124,20.76,56481,63.3,56.68,179690.6,43,0,2,0.0431,0.7532,0.1327,0.0,0.2299,0
KM-113,36.37,13185,41.78,69.22,161844.3,13,2,1,0.2323,0.1469,0.9481,0.0,0.3076,1
KM-117,92.08,17316,62.69,75.04,154586.1,48,1,1,0.8979,0.1807,0.1645,0.144,0.4211,0
KM-118,69.57,43910,61.44,51.24,178046.2,120,2,1,0.584,0.4866,0.3222,0.0,0.3905,0
KM-107,24.96,46911,49.14,46.03,113635.5,135,0,1,0.0623,0.529,0.837,0.0,0.3215,0
KM-123,82.38,49596,57.73,62.33,96315.4,59,5,1,0.9286,0.5681,0.3793,0.0,0.5429,0
KM-119,27.83,40946,67.62,94.28,179470.9,137,1,1,0.1274,0.4462,0.2055,0.6938,0.336,0
KM-123,33.13,74579,72.55,63.78,120372.3,141,1,0,0.1598,0.9001,0.2115,0.0,0.3232,1
KM-109,68.35,48535,69.9,94.24,74292.6,137,1,1,0.5172,0.5525,0.2055,0.6927,0.4988,1
KM-124,86.93,16462,54.9,52.42,102586.3,63,2,2,0.8557,0.2533,0.4986,0.0,0.4626,0
KM-117,65.07,21083,65.67,94.03,12605.9,122,2,2,0.5234,0.2953,0.183,0.6867,0.4309,1
KM-106,78.6,50820,48.45,91.86,98093.0,126,1,0,0.6678,0.5063,0.8512,0.6245,0.6555,1
KM-107,69.87,22177,66.11,93.83,151059.5,169,1,0,0.5382,0.146,0.2535,0.681,0.4117,1
KM-113,5.04,74312,58.02,75.81,11312.9,80,0,1,0.0025,0.9753,0.3991,0.1661,0.3578,0
KM-116,83.31,53719,46.65,53.91,117710.6,97,2,1,0.794,0.6302,0.8795,0.0,0.6114,0
KM-101,71.24,52495,65.91,101.08,74743.4,66,3,1,0.6575,0.6115,0.099,0.8879,0.5804,1
KM-123,83.34,60452,65.48,50.04,115249.2,121,4,0,0.8946,0.6569,0.1815,0.0,0.5136,0
KM-117,77.34,15435,68.82,69.68,74235.3,95,2,0,0.6982,0.0847,0.1425,0.0,0.2941,0
KM-120,15.87,26586,56.66,58.21,83007.8,76,2,0,0.1252,0.1916,0.4475,0.0,0.1812,0
KM-118,72.53,57112,65.86,102.18,9522.8,157,0,0,0.5261,0.6032,0.2355,0.9195,0.5659,1
KM-107,44.2,64240,44.36,100.3,14412.9,129,2,0,0.2954,0.7196,1.0,0.8657,0.6564,0
KM-108,39.42,3793,47.21,99.75,98215.5,153,1,1,0.2054,0.0903,0.9411,0.8499,0.4527,1
KM-122,56.05,48282,58.15,64.38,156310.7,4,2,1,0.4142,0.5489,0.28,0.0,0.3382,0
KM-105,24.03,47266,42.21,51.36,132650.8,40,0,1,0.0578,0.5341,0.9718,0.0,0.3481,1
KM-122,73.16,34865,74.58,83.03,114464.8,53,0,0,0.5353,0.2877,0.0795,0.3722,0.3496,0
KM-113,93.99,26306,51.31,78.15,103810.0,23,0,2,0.8834,0.3486,0.582,0.2329,0.5593,1
KM-120,38.65,42390,71.54,97.49,124865.4,35,1,1,0.1994,0.4657,0.0525,0.7853,0.3538,0
KM-102,34.45,17720,58.81,79.1,46984.6,64,3,0,0.2687,0.1042,0.3434,0.26,0.2408,0
KM-103,26.93,7258,54.55,82.46,147743.1,165,1,0,0.1225,0.0273,0.6653,0.3559,0.254,0
KM-110,81.88,23841,42.08,65.39,118903.9,29,2,2,0.7705,0.3227,0.9602,0.0,0.5424,1
KM-111,15.09,61887,43.47,55.43,81357.0,127,3,0,0.1728,0.6804,1.0,0.0,0.4306,0
KM-106,72.44,26647,51.84,65.86,128722.1,35,2,0,0.6247,0.1922,0.5787,0.0,0.3824,0
KM-101,10.22,74310,61.0,57.35,68450.0,81,0,0,0.0104,0.8952,0.2817,0.0,0.2838,0
KM-121,73.61,76044,51.51,62.1,165576.1,169,0,1,0.5419,1.0,0.7932,0.0,0.5983,0
KM-122,31.8,56726,65.72,49.81,9192.0,131,1,5,0.1511,0.9971,0.1965,0.0,0.3415,1
KM-104,46.27,8598,56.11,74.35,84944.3,82,0,2,0.2141,0.1952,0.4784,0.1243,0.2443,0
KM-115,71.8,49287,64.58,102.48,20710.6,48,3,1,0.6655,0.5636,0.0888,0.9279,0.5772,1
KM-117,52.17,4417,46.92,97.56,145354.6,142,2,0,0.3722,0.013,0.9363,0.7874,0.4782,0
KM-105,73.88,20555,66.37,90.5,37321.9,168,0,2,0.5458,0.2902,0.252,0.5856,0.4311,0
KM-103,90.99,36212,72.52,57.35,162108.3,110,1,0,0.878,0.3045,0.165,0.0,0.4164,0
KM-111,6.98,26128,44.67,64.98,144603.1,31,1,0,0.0549,0.1866,0.8597,0.0,0.2378,0
KM-111,78.78,20270,62.31,100.52,162449.6,131,1,0,0.6707,0.1275,0.3039,0.872,0.5018,1
KM-108,75.46,27755,46.09,60.67,11732.7,158,1,2,0.6194,0.3644,0.9933,0.0,0.5065,1
KM-125,65.08,61975,70.24,84.1,132784.5,7,2,1,0.5236,0.7619,0.0105,0.4029,0.4564,1
KM-123,40.67,8646,49.24,98.69,175675.8,80,0,1,0.1654,0.1155,0.7503,0.8198,0.4008,1
KM-101,45.57,30688,49.58,63.08,67438.2,146,2,2,0.3076,0.3976,0.8357,0.0,0.3742,0
KM-117,55.27,77771,43.62,77.23,37447.7,79,0,2,0.3055,1.0,0.9739,0.2067,0.593,0
KM-125,9.29,66988,47.52,82.28,37846.2,61,4,2,0.2086,0.9262,0.7907,0.3508,0.5329,0
KM-119,90.5,75590,45.0,56.38,132276.7,141,1,0,0.8691,0.9185,1.0,0.0,0.7338,0
KM-124,59.75,53560,63.28,56.34,47101.6,165,1,1,0.407,0.6278,0.3162,0.0,0.3626,0
KM-110,14.77,5842,56.95,54.05,76310.5,109,0,2,0.0218,0.1797,0.4856,0.0,0.1497,0
KM-106,5.51,13394,40.02,59.17,178060.8,142,2,1,0.103,0.1485,1.0,0.0,0.2732,0
KM-114,44.6,21356,46.93,66.63,101954.6,15,1,0,0.2489,0.1379,0.7451,0.0,0.2706,1
KM-112,72.78,64177,65.23,62.51,129275.1,106,2,1,0.6296,0.7985,0.159,0.0,0.4518,1
KM-117,46.12,73800,61.63,52.52,23767.5,61,3,1,0.3627,0.966,0.2265,0.0,0.4138,0
KM-113,80.0,36796,50.61,84.59,14621.4,14,5,0,0.8899,0.3119,0.5964,0.4167,0.5921,1
KM-111,32.92,22499,41.18,80.82,75179.2,28,1,1,0.1584,0.2291,0.9948,0.3092,0.3735,0
KM-110,75.45,75600,50.54,100.24,114833.4,162,1,2,0.6192,1.0,0.8215,0.8639,0.8038,1
KM-110,60.88,4994,49.7,65.52,6745.9,71,0,2,0.3706,0.1756,0.7185,0.0,0.3173,0
KM-114,83.64,24495,52.02,102.74,50600.4,45,0,0,0.6995,0.1694,0.5866,0.9353,0.5916,0
KM-123,33.1,69621,62.6,50.76,30408.3,65,3,0,0.2595,0.8118,0.1935,0.0,0.3325,0
KM-108,91.44,1462,51.82,65.36,55107.0,43,3,1,0.9861,0.0825,0.5917,0.0,0.4841,1
KM-103,23.3,50706,43.81,49.49,165919.0,88,3,2,0.2043,0.6646,0.9795,0.0,0.4336,0
KM-103,86.11,64699,65.28,53.03,56329.3,169,2,2,0.8415,0.8873,0.2535,0.0,0.567,1
KM-117,58.71,55399,42.78,89.81,101500.4,65,1,1,0.3946,0.6563,0.9863,0.5659,0.6126,0
KM-119,9.3,38884,56.18,90.92,95894.1,139,0,0,0.0087,0.3389,0.5615,0.5976,0.3196,0
KM-111,34.57,75709,57.42,72.08,157222.2,103,3,0,0.2695,0.9206,0.4579,0.0593,0.4279,1
KM-125,86.28,43059,63.93,86.07,19215.3,117,1,1,0.7945,0.4749,0.2182,0.4591,0.5322,0
KM-118,41.42,26316,52.5,103.79,116339.5,136,2,1,0.2715,0.2687,0.7038,0.9654,0.4961,1
KM-113,55.37,25836,68.82,81.93,121914.1,76,3,0,0.4566,0.1835,0.114,0.3409,0.2967,0
KM-123,66.83,9172,51.01,47.52,55476.7,80,0,1,0.4467,0.1188,0.6794,0.0,0.3219,0
KM-125,45.2,52445,45.79,90.08,124079.3,6,0,0,0.2043,0.5308,0.7775,0.5737,0.4744,0
KM-125,91.0,56547,52.19,68.25,103985.3,172,1,0,0.8781,0.5943,0.7706,0.0,0.61,1
KM-115,80.06,76674,52.52,89.0,65711.6,79,2,1,0.7409,1.0,0.6176,0.5427,0.7414,0
KM-116,54.11,78855,72.45,63.72,37892.7,178,2,0,0.3928,0.9786,0.267,0.0,0.4355,1
KM-116,65.16,30311,61.25,88.79,151063.9,75,2,1,0.5246,0.3132,0.2623,0.5369,0.4217,0
KM-111,7.64,78873,67.23,82.15,6111.6,135,2,0,0.1058,0.9789,0.2025,0.3472,0.3917,1
KM-120,21.47,16592,53.37,85.23,125271.4,105,2,3,0.1461,0.3345,0.6226,0.4353,0.3463,0
KM-101,28.13,9544,51.15,74.05,152579.4,130,2,2,0.1791,0.2012,0.7492,0.1157,0.286,0
KM-106,39.62,21200,64.83,85.09,16764.7,54,0,0,0.157,0.1364,0.0878,0.431,0.1928,0
KM-115,67.08,67660,61.57,82.01,99106.9,73,2,3,0.55,1.0,0.2467,0.3431,0.5604,0
KM-106,9.12,67714,68.39,79.86,118847.3,168,1,2,0.0583,0.9387,0.252,0.2817,0.3618,0
KM-111,52.97,53436,66.84,96.7,142141.1,86,1,1,0.3306,0.6259,0.129,0.7629,0.4506,0
KM-106,65.26,63076,61.54,82.09,22492.4,60,1,0,0.4758,0.7001,0.2286,0.3453,0.4563,0
KM-110,18.75,34707,49.65,53.12,111495.1,65,1,2,0.0851,0.4458,0.7116,0.0,0.2836,0
KM-104,21.46,18343,61.86,99.84,173639.9,109,2,1,0.1461,0.1898,0.2891,0.8526,0.3269,0
KM-112,17.06,3746,73.06,95.39,148241.1,100,1,0,0.0791,0.0101,0.15,0.7255,0.2053,0
KM-101,19.72,19226,44.59,67.34,25874.1,40,0,0,0.0389,0.1178,0.8762,0.0,0.2183,1
KM-120,93.61,36487,50.48,57.43,126594.7,133,1,0,0.9263,0.308,0.7804,0.0,0.5573,0
KM-119,21.55,33002,60.83,104.92,125114.6,105,1,0,0.0964,0.265,0.3243,0.9976,0.3644,1
KM-114,88.33,36902,60.61,83.75,50658.7,169,1,1,0.8302,0.3933,0.4291,0.393,0.5533,0
KM-115,62.06,11720,42.9,74.36,46717.1,169,0,0,0.3851,0.0561,1.0,0.1244,0.3737,0
KM-107,6.33,64801,41.85,51.28,79126.1,71,2,1,0.104,0.809,1.0,0.0,0.4387,1
KM-106,14.45,60894,60.58,58.23,139188.8,115,2,1,0.1209,0.7441,0.3494,0.0,0.2982,0
KM-102,89.16,55953,53.46,104.45,163147.4,23,2,2,0.895,0.7449,0.4959,0.9844,0.7956,1
KM-115,40.8,67362,49.75,73.12,142128.5,145,0,1,0.1665,0.8527,0.8274,0.0893,0.4548,0
KM-121,73.81,58497,72.42,64.71,28660.4,22,0,2,0.5448,0.7853,0.033,0.0,0.3936,0
KM-123,29.13,74515,68.0,93.1,23638.1,163,2,1,0.1849,0.9789,0.2445,0.66,0.4903,0
KM-110,16.9,70127,54.22,96.08,102661.3,172,2,1,0.1285,0.9007,0.6891,0.7452,0.557,0
KM-107,60.93,11530,43.46,74.03,112436.3,162,2,0,0.4712,0.0547,1.0,0.1151,0.4016,0
KM-112,68.49,76092,59.68,99.15,94308.2,90,0,2,0.4691,1.0,0.3477,0.8329,0.6503,1
KM-102,24.85,27389,69.98,86.31,120360.8,112,0,0,0.0617,0.2003,0.168,0.4661,0.1985,0
KM-107,27.55,56869,56.17,97.14,143525.7,131,0,0,0.0759,0.5993,0.5496,0.7754,0.4414,0
KM-116,56.75,59535,53.84,79.6,5669.0,82,3,0,0.472,0.642,0.5695,0.2742,0.4944,1
KM-122,12.84,34381,60.64,48.63,117480.7,174,1,1,0.0665,0.3617,0.4354,0.0,0.2008,0
KM-109,31.1,18671,61.69,49.81,172727.4,27,2,0,0.1967,0.1127,0.1728,0.0,0.1316,0
KM-124,7.75,53717,54.26,96.71,16575.6,129,1,1,0.056,0.6302,0.623,0.7632,0.4544,0
KM-111,71.64,21365,48.24,96.16,44274.5,59,2,2,0.6132,0.298,0.7587,0.7475,0.5904,1
KM-125,23.2,39641,47.25,97.83,115881.8,152,0,0,0.0538,0.3488,0.9381,0.7952,0.4527,0
KM-107,14.9,55371,44.02,99.33,108766.6,132,0,3,0.0222,0.8158,1.0,0.8379,0.5793,0
KM-123,62.66,63154,48.87,88.6,141917.2,22,0,1,0.3926,0.7814,0.6782,0.5314,0.5747,1
KM-122,10.14,22652,71.27,85.42,94682.6,42,0,0,0.0103,0.1507,0.063,0.4405,0.142,0
KM-111,84.83,50070,60.75,93.73,90333.8,69,0,0,0.7196,0.4951,0.2735,0.6781,0.566,1
KM-114,78.93,49942,63.59,49.94,85675.9,24,2,4,0.723,0.8132,0.0922,0.0,0.4748,1
KM-104,60.68,10624,60.68,80.43,42076.5,85,2,2,0.4682,0.2084,0.3001,0.2981,0.3356,1
KM-104,78.97,77286,52.83,96.01,48883.3,21,1,1,0.6737,1.0,0.5181,0.7433,0.7381,0
KM-105,42.54,30586,63.43,89.34,96011.1,111,1,1,0.231,0.3164,0.2294,0.5527,0.3164,0
KM-120,84.71,27422,68.2,102.28,131230.0,17,5,1,0.9676,0.2807,0.0255,0.9224,0.5984,0
KM-106,34.86,34305,46.12,93.4,112493.7,149,1,1,0.1715,0.3608,0.9787,0.6687,0.4797,1
KM-102,78.03,52653,59.48,95.98,140329.1,59,2,0,0.7088,0.5339,0.3093,0.7423,0.5919,0
KM-119,89.34,54477,65.96,74.52,144591.2,137,1,1,0.8482,0.6419,0.2055,0.1293,0.5243,1
KM-114,10.82,5992,58.06,72.93,147643.7,77,1,0,0.0617,0.0205,0.3931,0.0838,0.1221,0
KM-110,39.22,74537,57.65,95.99,79549.8,179,1,1,0.2038,0.9793,0.5625,0.7426,0.5772,0
KM-107,87.79,7211,73.08,65.11,56291.9,25,1,0,0.8207,0.0271,0.0375,0.0,0.3015,0
KM-101,15.07,19316,44.47,60.46,115655.9,2,1,2,0.0727,0.2786,0.8242,0.0,0.26,0
KM-117,54.73,4296,58.17,90.87,60804.0,146,0,2,0.2995,0.1724,0.4922,0.5964,0.3656,0
KM-109,49.14,60627,53.83,72.31,36362.7,28,2,1,0.3415,0.7397,0.489,0.0661,0.4155,0
KM-118,49.71,57781,61.26,79.34,140632.2,60,2,2,0.3471,0.7738,0.2396,0.2669,0.4162,0
KM-117,18.74,45055,67.5,48.81,124568.4,97,0,1,0.0351,0.5026,0.1455,0.0,0.167,0
KM-115,48.1,10703,45.27,84.72,105731.4,22,1,0,0.2814,0.0489,0.8221,0.4205,0.3592,0
KM-104,67.61,14925,60.93,50.1,11262.4,112,2,0,0.5571,0.0806,0.3307,0.0,0.2812,0
KM-119,11.94,26099,57.94,59.4,169951.9,95,1,0,0.0643,0.1863,0.4251,0.0,0.1541,0
KM-110,78.73,11853,60.6,90.19,145217.6,18,2,3,0.7198,0.297,0.2031,0.5769,0.4822,0
KM-121,21.12,33202,63.28,72.51,121541.2,139,3,2,0.1946,0.4274,0.2773,0.0718,0.2448,0
KM-119,42.65,4275,64.11,56.0,168645.7,90,4,0,0.3819,0.0124,0.1707,0.0,0.1709,0
KM-104,80.17,56083,74.93,84.0,111483.9,156,1,2,0.6928,0.747,0.234,0.4,0.556,0
KM-113,13.99,11467,63.95,70.41,79556.6,81,3,1,0.1696,0.1343,0.1637,0.0118,0.128,0
KM-106,14.44,10974,62.67,49.03,165595.5,110,0,0,0.0209,0.0508,0.2584,0.0,0.0717,0
KM-114,9.04,57976,71.45,55.14,166093.5,128,3,1,0.1582,0.6969,0.192,0.0,0.268,0
KM-115,14.93,37817,64.72,86.49,97734.9,148,2,1,0.1223,0.405,0.2333,0.4712,0.2849,0
KM-109,42.85,30911,52.83,80.8,154829.9,173,0,2,0.1836,0.4002,0.7463,0.3085,0.3753,0
KM-101,45.44,44483,50.65,104.42,34182.9,120,2,0,0.3065,0.4146,0.754,0.9835,0.5584,0
KM-120,5.07,79429,41.31,63.57,148686.0,126,4,1,0.2026,1.0,1.0,0.0,0.5209,0
KM-117,5.79,43448,45.64,45.2,162234.6,160,5,1,0.2534,0.4802,1.0,0.0,0.4087,0
KM-125,9.07,39987,46.35,91.73,95949.7,61,3,2,0.1582,0.5134,0.8375,0.621,0.4754,0
KM-120,55.67,4456,60.85,78.94,103205.7,120,1,2,0.3599,0.1731,0.3459,0.2553,0.2895,0
KM-109,88.2,8808,60.92,68.42,25779.5,94,1,1,0.8279,0.1165,0.3043,0.0,0.3797,1
KM-117,24.17,39422,64.91,51.67,134510.5,109,0,1,0.0584,0.4259,0.1673,0.0,0.1604,0
KM-101,64.71,37253,58.53,89.65,160306.4,114,1,1,0.4688,0.3978,0.4296,0.5614,0.4617,1
KM-108,94.95,38154,41.37,86.16,68884.8,33,1,4,0.9516,0.6494,0.9948,0.4616,0.7867,0
KM-125,37.69,35019,63.11,72.49,101405.9,15,0,2,0.142,0.4496,0.0981,0.071,0.1959,1
KM-101,49.04,51781,53.36,90.25,129643.8,80,1,0,0.2905,0.5207,0.5857,0.5784,0.4647,0
KM-117,17.72,18694,63.9,53.18,47396.2,70,1,3,0.0814,0.353,0.1488,0.0,0.1465,1
KM-109,28.86,24311,69.03,61.82,46747.9,78,0,0,0.0833,0.1675,0.117,0.0,0.0944,0
KM-119,81.17,38036,55.82,54.0,46963.1,168,0,1,0.6589,0.4078,0.619,0.0,0.4564,1
KM-111,8.95,76054,69.59,99.76,115465.9,129,1,1,0.058,1.0,0.1935,0.8504,0.4791,0
KM-101,55.26,56772,65.48,89.81,143273.2,172,1,0,0.3554,0.5978,0.258,0.5659,0.4386,0
KM-123,35.83,56327,55.97,93.87,47179.4,97,1,1,0.1784,0.6708,0.5066,0.6819,0.4678,0
KM-116,58.41,1590,65.17,90.7,175955.0,59,3,1,0.4912,0.0828,0.0885,0.5914,0.3286,0
KM-121,9.87,19061,43.86,62.19,87813.3,120,0,0,0.0097,0.1163,1.0,0.0,0.2325,0
KM-121,83.59,54143,67.57,98.99,34233.4,81,2,1,0.7988,0.6368,0.1215,0.8282,0.6287,1
KM-121,6.23,24130,54.55,65.8,110512.4,65,0,1,0.0039,0.2457,0.5156,0.0,0.1659,0
KM-118,40.75,45386,57.07,53.15,152110.8,52,1,1,0.2161,0.5073,0.3951,0.0,0.2815,0
KM-106,10.14,44943,42.42,64.19,126168.9,131,0,2,0.0103,0.5811,1.0,0.0,0.3489,0
KM-108,63.65,68187,64.6,81.37,68084.8,28,1,0,0.4552,0.7869,0.0579,0.3249,0.4326,0
KM-103,85.08,10203,67.91,61.6,110430.5,33,1,2,0.7739,0.2055,0.0495,0.0,0.3322,0
KM-112,26.04,33175,48.16,91.4,147558.0,165,2,0,0.1678,0.267,0.9213,0.6114,0.432,0
KM-103,75.6,38990,56.93,50.02,162274.6,12,5,3,0.8215,0.5802,0.3409,0.0,0.5008,0
KM-121,75.65,73038,70.78,93.22,168542.4,82,2,1,0.6723,0.9523,0.123,0.6634,0.6307,0
KM-108,91.88,61350,59.53,48.93,81853.3,95,1,0,0.8942,0.6716,0.3614,0.0,0.5532,1
KM-118,18.42,57100,53.23,70.74,67517.0,58,0,0,0.0339,0.603,0.5579,0.0212,0.2784,0
KM-121,39.29,37876,63.84,62.48,114225.0,33,2,0,0.2543,0.3258,0.096,0.0,0.1897,0
KM-112,72.15,32908,43.87,86.77,105463.9,49,1,1,0.5705,0.3438,0.9186,0.4793,0.5652,0
KM-123,41.52,71115,54.51,63.44,35036.2,149,5,0,0.4224,0.8381,0.6432,0.0,0.486,0
KM-113,23.68,38037,62.03,56.57,175006.8,48,2,1,0.1561,0.4078,0.1909,0.0,0.1948,0
KM-114,83.98,32830,41.49,71.18,39980.2,127,0,1,0.7053,0.3429,1.0,0.0338,0.5393,0
KM-115,45.1,52038,73.95,102.9,168969.0,43,2,0,0.3034,0.5246,0.0645,0.9401,0.4383,0
KM-103,10.96,7007,45.56,88.05,114365.5,172,3,1,0.162,0.1059,1.0,0.5157,0.3863,0
KM-102,47.98,21510,62.23,64.84,57389.2,154,2,0,0.3302,0.1394,0.3418,0.0,0.2188,0
KM-110,17.16,47773,72.87,74.31,140777.8,80,0,0,0.0295,0.4615,0.12,0.1231,0.1743,0
KM-103,10.45,68283,61.21,48.92,31926.8,117,1,1,0.0609,0.8686,0.3271,0.0,0.3039,0
KM-114,47.52,41818,63.48,95.32,6212.8,106,2,2,0.3258,0.5379,0.2197,0.7235,0.4372,1
KM-114,76.89,51599,72.33,79.82,172744.8,119,0,2,0.5912,0.678,0.1785,0.2806,0.4682,0
KM-107,84.58,64441,48.27,75.17,110594.2,72,1,0,0.7653,0.723,0.7771,0.1478,0.6336,1
KM-114,66.46,4664,45.0,71.0,49923.5,72,0,1,0.4417,0.0941,0.9079,0.0285,0.3654,0
KM-123,35.2,75587,54.15,102.46,61547.7,170,1,0,0.1739,0.9184,0.6891,0.9275,0.6138,0
KM-122,70.95,5987,73.88,72.3,112397.2,92,3,2,0.6533,0.1805,0.138,0.0657,0.3145,0
KM-109,22.11,29400,51.78,75.88,143505.8,89,2,1,0.1489,0.3028,0.6623,0.1681,0.2939,1
KM-104,47.32,19774,57.9,76.14,102608.3,165,1,1,0.2739,0.2029,0.5317,0.1755,0.288,1
KM-120,53.05,57931,68.14,76.89,20494.6,148,1,0,0.3314,0.6162,0.222,0.1968,0.3538,1
KM-115,8.85,66292,46.02,46.0,43261.9,169,3,0,0.1578,0.7543,1.0,0.0,0.4438,0
KM-120,49.04,75243,65.57,62.88,163004.8,52,1,1,0.2905,0.9921,0.078,0.0,0.3653,0
KM-120,41.22,63044,69.16,58.22,167785.6,15,0,0,0.1699,0.6996,0.0225,0.0,0.2389,0
KM-105,82.35,21110,58.32,85.88,74447.7,24,1,2,0.7281,0.2955,0.3033,0.4536,0.4801,0
KM-123,60.84,48047,66.59,102.45,179442.4,45,0,1,0.3702,0.5454,0.0675,0.9271,0.4648,0
KM-110,36.14,33098,67.4,59.61,50319.4,113,0,0,0.1306,0.2661,0.1695,0.0,0.1461,0
KM-110,8.07,20233,47.94,95.96,135532.2,44,3,2,0.1565,0.2872,0.7485,0.7418,0.4246,0
KM-118,11.58,8023,48.88,69.4,78973.2,155,4,1,0.2134,0.1118,0.8772,0.0,0.2781,0
KM-109,12.37,12901,41.94,98.67,95736.1,30,3,0,0.1653,0.0648,0.9674,0.8192,0.4314,0
KM-117,90.81,38822,56.48,92.94,125605.2,69,1,1,0.8746,0.4181,0.4443,0.6556,0.6306,0
KM-116,42.35,6987,69.13,91.65,76245.7,134,1,1,0.2294,0.1058,0.201,0.6186,0.2706,0
KM-109,66.13,78937,54.31,104.88,71857.8,102,4,0,0.6373,0.9801,0.5805,0.9966,0.7835,1
KM-121,46.6,22122,51.82,52.72,64708.1,61,3,0,0.3672,0.1454,0.6189,0.0,0.2886,0
KM-107,34.27,78901,51.3,90.82,84841.0,111,2,2,0.2175,1.0,0.7144,0.5947,0.5879,0
KM-102,53.66,18050,50.42,51.52,84800.2,116,2,2,0.3879,0.2672,0.7572,0.0,0.354,1
KM-118,72.49,14547,43.18,59.88,11816.7,157,2,2,0.6255,0.2375,1.0,0.0,0.4783,0
KM-113,35.51,68955,73.25,48.63,82439.5,41,2,0,0.2261,0.8002,0.0615,0.0,0.2915,0
KM-121,32.25,22024,55.41,72.1,94822.3,18,0,0,0.104,0.1444,0.4106,0.06,0.1666,0
KM-125,8.64,12317,65.07,49.46,57070.5,149,4,0,0.2075,0.0604,0.2235,0.0,0.1324,0
KM-107,69.16,26765,47.91,99.29,102884.7,116,1,1,0.5283,0.2735,0.8577,0.8369,0.5922,0
KM-106,38.13,23497,46.3,98.29,68744.7,168,2,2,0.2454,0.3192,0.9999,0.8083,0.5273,0
KM-111,71.61,40141,73.05,89.74,90601.2,149,1,1,0.5629,0.4354,0.2235,0.564,0.4634,0
KM-109,7.4,16891,70.99,88.3,106607.7,65,2,0,0.1055,0.097,0.0975,0.5229,0.1853,0
KM-122,33.94,50884,61.99,81.77,154062.2,37,0,1,0.1152,0.5873,0.176,0.3361,0.2896,0
KM-116,44.95,36395,67.51,79.64,90861.0,116,0,1,0.2021,0.3869,0.174,0.2755,0.2573,0
KM-105,25.68,58768,55.94,76.32,5005.1,53,0,1,0.0659,0.7096,0.4418,0.1805,0.3249,0
KM-102,37.91,52497,65.4,75.55,165116.9,57,2,1,0.2438,0.6116,0.0855,0.1587,0.287,0
KM-120,58.0,44150,68.5,60.11,11844.0,12,2,0,0.4364,0.41,0.018,0.0,0.2588,0
KM-118,7.64,32582,48.56,67.52,68854.2,45,2,0,0.1058,0.2599,0.7249,0.0,0.247,0
KM-104,11.64,21143,42.56,78.19,137959.7,121,1,0,0.0635,0.1359,1.0,0.2341,0.303,1
KM-116,18.66,23501,42.69,54.52,6865.2,136,0,1,0.0348,0.2392,1.0,0.0,0.272,0
KM-105,8.88,48125,40.92,58.86,24239.5,139,0,0,0.0079,0.4666,1.0,0.0,0.3194,0
KM-111,37.24,1413,46.89,49.64,138807.1,75,1,0,0.1887,0.0023,0.8368,0.0,0.234,1
KM-101,92.53,79561,54.25,72.0,152633.2,125,2,1,0.9563,1.0,0.6177,0.0572,0.7197,0
KM-125,46.66,29698,60.98,97.96,126434.7,22,1,3,0.2677,0.4662,0.1937,0.7988,0.4087,0
KM-113,21.03,70185,44.34,82.72,123292.4,108,2,0,0.1442,0.8217,0.9883,0.3633,0.5262,1
KM-116,44.12,18581,69.24,103.25,34942.4,62,2,0,0.2946,0.1119,0.093,0.9499,0.3397,0
KM-115,89.91,33521,52.56,102.82,45541.7,177,1,0,0.8583,0.2712,0.7632,0.9377,0.7084,1
KM-115,54.06,12158,47.44,100.51,81984.1,139,3,0,0.4423,0.0592,0.9108,0.8718,0.5261,0
KM-123,13.57,20673,50.28,94.49,122654.6,5,0,2,0.0184,0.2914,0.5961,0.6997,0.3384,0
KM-110,78.51,10091,63.15,78.42,148737.0,70,0,1,0.6164,0.1248,0.179,0.2404,0.3308,0
KM-115,45.51,38260,68.9,74.0,74913.7,67,1,0,0.2572,0.3307,0.1005,0.1143,0.2157,0
KM-107,57.16,29130,42.81,55.98,40073.0,96,1,0,0.3767,0.2197,1.0,0.0,0.3868,1
KM-101,90.51,22391,48.56,73.69,23382.0,140,2,0,0.9192,0.1481,0.8676,0.1055,0.5533,1
KM-117,49.34,68765,52.08,61.1,105491.8,49,2,2,0.3434,0.9569,0.5902,0.0,0.4775,0
KM-121,82.38,14284,47.13,79.23,63124.1,148,0,1,0.6787,0.1554,0.9367,0.2638,0.5165,0
KM-122,56.96,21157,42.89,71.61,119510.4,52,0,1,0.3244,0.216,0.9625,0.046,0.3692,1
KM-114,85.97,3674,47.86,63.53,108386.6,92,1,1,0.7891,0.0898,0.8234,0.0,0.4633,0
KM-115,43.0,51797,54.27,67.86,109293.9,89,2,0,0.2849,0.521,0.5627,0.0,0.3425,0
KM-117,12.0,46215,72.83,86.89,122175.2,66,1,1,0.0644,0.5191,0.099,0.4826,0.2686,0
KM-125,93.15,70329,61.52,70.01,18460.1,163,0,2,0.8676,0.9843,0.3836,0.0003,0.6265,0
KM-113,61.07,78874,63.7,84.38,71481.3,27,1,1,0.4229,1.0,0.0925,0.4109,0.4987,1
KM-108,58.76,10616,50.91,71.92,40440.2,88,2,0,0.4452,0.0483,0.6958,0.0548,0.318,0
KM-112,41.88,53409,70.0,81.39,17342.3,6,0,1,0.1754,0.6255,0.009,0.3255,0.2847,1
KM-103,40.33,57869,47.95,65.92,116424.9,24,1,1,0.2127,0.6952,0.7181,0.0,0.3919,0
KM-103,32.76,38618,42.2,55.36,109317.3,143,3,0,0.2573,0.3354,1.0,0.0,0.3739,0
KM-104,63.77,3590,67.87,82.96,90351.2,142,1,1,0.4567,0.0895,0.213,0.3702,0.2989,0
KM-112,6.84,1437,74.88,98.69,75080.4,105,1,0,0.0547,0.0024,0.1575,0.8198,0.2152,0
KM-123,87.6,46138,69.47,69.46,27331.7,91,4,0,0.9673,0.438,0.1365,0.0,0.4753,0
KM-118,10.77,41927,40.3,102.9,15872.1,46,0,2,0.0116,0.5394,1.0,0.9399,0.5269,0
KM-115,18.4,75192,53.46,90.34,125776.8,47,4,0,0.2339,0.9112,0.5323,0.5812,0.5323,0
KM-116,92.33,15635,74.77,97.68,145092.7,88,1,0,0.9024,0.0864,0.132,0.7909,0.522,0
KM-102,60.89,51142,70.07,91.65,27077.3,139,3,0,0.5208,0.5111,0.2085,0.6184,0.4754,1
KM-102,36.27,31176,53.26,78.85,48607.7,52,0,0,0.1316,0.2433,0.5475,0.2527,0.2669,0
KM-113,39.5,18390,55.68,98.35,164470.6,42,0,1,0.156,0.1902,0.4358,0.8101,0.3513,0
KM-117,39.67,55843,65.78,87.51,57554.3,65,3,2,0.3073,0.7432,0.0975,0.5004,0.413,0
KM-122,61.04,56082,54.1,72.72,70550.4,45,2,1,0.4726,0.6669,0.5036,0.0776,0.4484,1
KM-116,76.81,23094,57.05,77.27,64214.4,134,3,0,0.74,0.1551,0.5189,0.2077,0.4431,1
KM-123,16.89,59803,42.9,52.52,40937.7,177,1,0,0.0785,0.6463,1.0,0.0,0.3891,0
KM-124,67.26,21993,50.38,49.43,38757.1,39,1,0,0.5024,0.1441,0.6435,0.0,0.3406,0
KM-105,52.84,62028,67.34,81.93,135187.3,34,1,1,0.3292,0.7627,0.051,0.341,0.3843,0
KM-110,57.38,62711,66.02,102.19,91709.4,117,1,0,0.3793,0.694,0.1755,0.9197,0.5253,0
KM-107,7.16,20343,67.38,89.19,48228.8,49,3,0,0.1551,0.1282,0.0735,0.5482,0.2107,0
KM-117,20.5,31500,61.22,80.66,127771.9,60,2,1,0.142,0.3271,0.2412,0.3045,0.2406,1
KM-107,5.52,68769,55.81,96.91,55057.2,53,2,2,0.103,0.957,0.4471,0.7687,0.5185,0
KM-107,38.26,17789,70.32,89.46,169389.8,45,3,2,0.2964,0.2649,0.0675,0.5559,0.2946,0
KM-107,74.36,5732,54.23,65.72,157044.4,167,2,0,0.653,0.0192,0.6811,0.0,0.3696,0
KM-101,18.09,32790,71.93,66.45,147663.6,50,1,1,0.0827,0.3424,0.075,0.0,0.1296,0
KM-121,5.68,74029,54.24,94.33,8960.2,174,2,1,0.1032,0.9702,0.6915,0.6951,0.556,0
KM-117,72.7,42966,43.59,68.87,21290.4,68,0,1,0.5286,0.4736,0.9583,0.0,0.4951,0
KM-106,88.59,56699,72.4,84.43,114231.3,11,1,2,0.8347,0.7567,0.0165,0.4123,0.5671,0
KM-119,60.17,29479,42.07,60.0,171915.5,20,0,0,0.3621,0.2237,0.9474,0.0,0.3721,0
KM-124,6.09,44673,40.11,85.28,70475.9,128,0,0,0.0037,0.4173,1.0,0.4366,0.3929,0
KM-120,8.18,15057,69.97,92.71,101011.7,174,1,3,0.0567,0.3217,0.261,0.6489,0.2822,0
KM-119,27.52,7752,56.39,92.54,107708.5,49,1,0,0.1257,0.0302,0.4178,0.6439,0.2639,0
KM-101,14.12,13187,60.26,100.87,121973.6,29,0,0,0.0199,0.0669,0.2329,0.882,0.2467,1
KM-117,10.22,51370,47.37,88.35,61519.1,58,1,2,0.0605,0.6746,0.7923,0.5243,0.4531,0
KM-107,69.89,32494,50.58,52.9,46215.9,71,1,0,0.5385,0.2589,0.6832,0.0,0.3898,0
KM-114,87.78,56649,71.23,97.26,54315.4,115,2,1,0.8705,0.6759,0.1725,0.779,0.6639,0
KM-112,26.22,12549,56.3,63.6,45146.5,57,0,1,0.0688,0.1421,0.4334,0.0,0.1463,0
KM-103,40.81,46816,59.65,55.43,103650.3,86,0,1,0.1665,0.5277,0.3431,0.0,0.2588,0
KM-108,43.15,7543,63.18,95.01,36375.3,69,4,1,0.3862,0.109,0.1762,0.7146,0.3406,0
KM-113,46.12,39258,74.45,85.33,137465.3,136,2,0,0.3127,0.3438,0.204,0.438,0.3238,0
KM-117,93.6,27487,69.23,63.19,110137.2,79,2,1,0.9762,0.2814,0.1185,0.0,0.4357,0
KM-124,35.36,27071,41.45,92.93,8093.3,146,1,1,0.175,0.2768,1.0,0.6551,0.4615,0
KM-119,93.53,63107,49.26,99.41,32541.5,136,3,0,1.0,0.7006,0.8336,0.8402,0.8599,1
KM-119,32.89,50426,72.57,57.04,74596.6,13,2,0,0.2082,0.5004,0.0195,0.0,0.2019,0
KM-115,94.36,17420,57.0,95.28,47058.6,93,2,1,0.9904,0.1816,0.4593,0.7222,0.6283,1
KM-122,79.2,9532,52.81,56.65,93718.5,43,3,2,0.7772,0.2011,0.5523,0.0,0.4328,0
KM-111,80.47,75020,74.1,62.77,111313.4,20,1,1,0.6975,0.9881,0.03,0.0,0.4972,0
KM-103,52.71,27603,62.34,53.43,167602.7,27,0,0,0.2778,0.2027,0.147,0.0,0.1773,0
KM-120,13.1,47588,52.66,66.92,125506.1,66,1,0,0.0672,0.4588,0.5924,0.0,0.2567,0
KM-108,17.13,23095,40.49,68.33,84532.6,10,3,1,0.1794,0.2351,0.9953,0.0,0.3206,0
KM-118,71.02,35962,45.35,66.41,117406.2,43,4,1,0.7044,0.3814,0.8504,0.0,0.512,0
KM-103,49.67,48271,49.44,104.6,69009.6,133,1,0,0.2967,0.4687,0.8218,0.9886,0.5831,1
KM-116,64.24,65343,61.02,94.21,41451.5,166,2,1,0.5127,0.8182,0.4083,0.6918,0.604,0
KM-123,61.7,38377,41.18,102.99,174958.8,162,1,0,0.4307,0.3323,1.0,0.9424,0.6223,1
KM-105,66.39,30001,48.31,55.35,49047.4,142,4,1,0.6407,0.3097,0.8805,0.0,0.4778,0
KM-112,64.7,18921,68.62,84.81,73673.7,136,2,0,0.5186,0.115,0.204,0.4231,0.3357,0
KM-119,19.2,62574,62.71,82.03,70805.7,20,3,0,0.1869,0.6918,0.1218,0.3436,0.3314,1
KM-107,84.43,18965,41.74,52.88,83087.5,48,3,0,0.8628,0.1154,1.0,0.0,0.5308,0
KM-124,15.36,21418,53.04,49.73,29778.1,42,4,2,0.2236,0.2985,0.5413,0.0,0.2612,0
KM-117,92.64,78045,43.49,64.17,105967.4,81,2,1,0.9582,1.0,0.982,0.0,0.7818,1
KM-121,65.58,35230,57.92,99.64,12083.8,85,2,0,0.5301,0.2922,0.4107,0.847,0.5101,0
KM-114,62.33,62327,62.21,98.42,163218.2,108,0,0,0.3885,0.6877,0.2734,0.8119,0.5249,0
KM-110,26.7,6665,40.24,93.78,121472.5,161,1,1,0.1213,0.104,1.0,0.6796,0.4044,0
KM-108,7.88,3603,62.86,94.73,109022.8,90,0,0,0.0062,0.0096,0.2207,0.7066,0.19,0
KM-120,60.76,36632,69.8,87.7,129905.8,171,2,0,0.4692,0.3099,0.2565,0.5057,0.3941,0
KM-124,45.41,35074,67.99,48.35,18087.2,110,3,0,0.3562,0.2903,0.165,0.0,0.2303,0
KM-109,86.52,3968,74.56,49.31,172560.8,106,1,0,0.7986,0.011,0.159,0.0,0.3141,0
KM-123,53.19,56165,43.21,92.97,43809.0,94,1,0,0.3329,0.5883,1.0,0.6562,0.5948,0
KM-102,38.56,14987,73.64,55.99,87834.3,100,2,1,0.2487,0.1611,0.15,0.0,0.1573,0
KM-110,93.2,51972,73.38,59.07,35164.1,79,3,3,1.0,0.7636,0.1185,0.0,0.5646,1
KM-125,54.37,5172,62.42,104.6,128868.3,151,1,0,0.3457,0.0164,0.3297,0.9886,0.3888,0
KM-102,50.65,79565,69.89,103.86,74719.7,46,1,1,0.3065,1.0,0.069,0.9673,0.5645,1
KM-109,70.46,43590,72.33,103.96,9350.0,44,0,1,0.4965,0.4822,0.066,0.9704,0.5016,0
KM-109,87.85,23697,61.75,58.57,132082.0,90,0,2,0.7718,0.3212,0.265,0.0,0.4034,1
KM-101,40.26,32377,51.42,104.6,33790.2,113,1,1,0.2121,0.3375,0.7128,0.9885,0.4989,1
KM-101,50.63,5556,57.88,97.73,134383.5,137,2,2,0.3564,0.1783,0.4902,0.7922,0.4258,0
KM-112,94.62,23111,65.17,52.68,163570.6,60,0,1,0.8953,0.2353,0.09,0.0,0.3902,0
KM-112,68.3,32802,71.88,64.22,126512.9,41,1,1,0.5164,0.3426,0.0615,0.0,0.2787,0
KM-108,66.18,58923,58.67,72.02,126715.3,175,3,1,0.588,0.7121,0.5157,0.0577,0.4985,0
KM-116,17.35,36507,45.77,79.82,128116.7,19,0,0,0.0301,0.3083,0.7979,0.2806,0.3033,1
KM-121,27.04,51996,68.52,57.34,108125.2,116,2,1,0.1731,0.604,0.174,0.0,0.2464,0
KM-114,40.96,5186,58.32,64.3,57854.4,171,1,0,0.2178,0.0165,0.5237,0.0,0.1851,1
KM-114,91.63,14241,58.32,97.44,40683.6,51,0,1,0.8397,0.1551,0.3435,0.7839,0.5582,0
KM-107,22.87,31164,49.12,48.82,42374.5,4,3,3,0.2023,0.4831,0.6413,0.0,0.3199,0
KM-103,64.96,44168,63.38,59.68,67072.7,12,1,2,0.4719,0.5702,0.0827,0.0,0.3243,0
KM-101,79.16,68788,62.85,85.16,72546.5,66,0,1,0.6266,0.8773,0.1852,0.433,0.5623,0
KM-109,22.16,76953,49.3,93.0,31477.6,78,0,0,0.0491,0.9434,0.7452,0.657,0.5335,0
KM-102,66.22,44417,47.05,88.42,37513.4,94,4,1,0.6386,0.4937,0.859,0.5262,0.624,1
KM-107,54.63,30695,67.16,45.06,160027.8,112,1,1,0.3484,0.3177,0.168,0.0,0.235,0
KM-108,59.71,31659,72.28,78.31,106605.4,88,1,0,0.4066,0.2489,0.132,0.2376,0.2784,0
KM-108,34.05,31915,69.21,65.48,99627.7,54,2,0,0.2159,0.252,0.081,0.0,0.1548,0
KM-122,83.49,8792,59.66,102.54,126873.9,65,1,0,0.7471,0.0364,0.3112,0.9297,0.5188,0
KM-125,61.1,76390,64.0,100.03,14881.7,31,5,0,0.6233,0.9331,0.0863,0.8579,0.6403,0
KM-114,18.52,25093,41.4,59.92,55527.7,36,5,1,0.2843,0.2557,0.998,0.0,0.363,0
KM-108,92.8,79845,47.75,89.29,165700.1,134,3,2,1.0,1.0,0.8909,0.5513,0.8884,1
KM-113,82.3,55129,65.3,84.64,48126.4,111,1,0,0.7273,0.5721,0.1665,0.4183,0.5146,0
KM-121,29.43,45184,43.51,67.65,26809.9,126,1,1,0.1366,0.5045,1.0,0.0,0.3739,0
KM-103,28.57,32311,61.73,102.91,103869.9,41,2,1,0.1816,0.3367,0.1922,0.9402,0.3742,0
KM-123,24.27,6715,49.07,90.5,69047.6,173,2,0,0.1589,0.0243,0.8965,0.5857,0.3581,0
KM-101,8.39,61573,56.73,101.15,50469.6,10,4,1,0.207,0.7552,0.3458,0.8901,0.5085,0
KM-106,69.03,19540,72.92,45.67,36268.5,169,0,1,0.4765,0.2007,0.2535,0.0,0.2676,0
KM-105,88.64,73288,63.83,65.63,69938.7,71,2,1,0.8857,0.9568,0.1532,0.0,0.5799,0
KM-104,92.1,8505,57.18,102.33,33627.2,114,2,0,0.9483,0.0347,0.4837,0.9236,0.622,0
KM-122,77.23,64698,46.71,81.5,57508.7,29,2,0,0.6965,0.7273,0.7751,0.3284,0.6463,1
KM-102,74.0,66723,59.1,69.12,177247.7,19,1,1,0.5975,0.8417,0.2647,0.0,0.4725,0
KM-106,28.93,60822,53.24,88.91,128800.5,77,2,2,0.1837,0.8229,0.586,0.5403,0.4953,0
KM-102,76.28,10729,61.19,71.04,22169.8,148,2,2,0.6819,0.2091,0.3743,0.0298,0.3718,0
KM-113,22.48,78277,44.1,104.32,77924.7,42,2,2,0.1505,1.0,0.8988,0.9805,0.6785,0
KM-117,89.09,21882,54.18,60.13,74860.9,122,2,0,0.8937,0.1431,0.6157,0.0,0.4717,0
KM-101,49.29,47858,67.73,62.5,13802.9,136,3,2,0.3929,0.6227,0.204,0.0,0.334,1
KM-114,80.84,5750,58.95,56.49,100049.9,76,0,0,0.6536,0.0193,0.356,0.0,0.3048,0
KM-120,84.54,68142,53.61,65.99,127508.6,140,1,1,0.7647,0.8661,0.6654,0.0,0.6173,1
KM-112,59.76,2230,61.05,49.28,22374.2,153,4,1,0.5571,0.0847,0.3877,0.0,0.2937,0
KM-119,35.45,9636,49.85,100.01,37348.5,149,0,0,0.1257,0.0418,0.8297,0.8576,0.3919,0
KM-107,23.24,3953,65.69,56.22,162920.1,46,1,0,0.104,0.011,0.069,0.0,0.0529,0
KM-121,58.58,24674,49.5,67.28,178534.2,106,0,0,0.3432,0.1713,0.779,0.0,0.3187,1
KM-112,39.42,27204,44.09,46.01,115779.8,96,2,0,0.2554,0.1983,0.9806,0.0,0.3351,1
KM-105,63.78,29601,55.39,94.99,82989.5,170,2,0,0.5068,0.2251,0.6395,0.7139,0.5043,0
KM-122,13.29,46285,44.73,99.75,92084.8,84,3,1,0.1677,0.5201,0.9367,0.8501,0.5461,1
KM-118,5.67,4739,57.33,60.48,14200.9,157,1,1,0.0532,0.0944,0.5421,0.0,0.1507,0
KM-117,10.42,65217,52.12,98.98,127015.0,135,1,1,0.0609,0.816,0.7177,0.8279,0.5344,1
KM-119,82.51,21980,45.33,87.43,48061.1,46,1,1,0.7308,0.224,0.8558,0.498,0.5825,0
KM-120,53.13,2031,46.93,78.38,140851.3,44,0,0,0.2823,0.004,0.7888,0.2394,0.3054,0
KM-116,5.76,12542,57.46,54.61,162311.5,179,3,0,0.1533,0.0621,0.5702,0.0,0.1832,0
KM-125,37.51,73382,48.32,93.26,150334.9,153,2,2,0.2407,1.0,0.8967,0.6646,0.6465,0
KM-104,28.34,29779,52.41,103.44,100932.0,141,0,0,0.0803,0.2271,0.7152,0.9554,0.419,0
KM-124,76.42,14160,69.27,68.28,118408.5,84,1,0,0.634,0.0745,0.126,0.0,0.2657,0
KM-111,74.09,42761,44.87,89.53,16537.7,88,2,1,0.6489,0.4708,0.9371,0.5579,0.6438,0
KM-125,26.93,65789,45.49,66.27,142613.8,157,1,2,0.1225,0.9058,1.0,0.0,0.4693,0
KM-108,38.88,52452,40.09,56.18,170753.1,69,0,0,0.1511,0.5309,1.0,0.0,0.3856,1
KM-109,32.22,25244,64.19,77.49,124413.4,83,2,0,0.2038,0.1773,0.1571,0.2139,0.1899,0
KM-105,93.45,76766,68.41,49.52,123203.8,106,3,0,1.0,0.94,0.159,0.0,0.6168,0
KM-118,21.4,33378,44.31,95.06,118207.3,165,0,2,0.0458,0.4295,1.0,0.7159,0.4666,0
KM-122,73.27,35517,73.26,80.43,80097.5,97,0,0,0.5368,0.2958,0.1455,0.298,0.3505,0
KM-111,10.99,18137,64.78,101.61,123041.0,43,2,0,0.1121,0.1079,0.0733,0.903,0.2615,0
KM-101,20.55,37350,53.57,72.16,102763.3,44,0,0,0.0422,0.319,0.523,0.0616,0.2115,0
KM-107,64.03,58529,70.31,87.58,14952.9,81,0,1,0.41,0.7058,0.1215,0.5022,0.4447,0
KM-117,30.03,48652,44.22,100.2,38808.2,45,1,0,0.1402,0.4743,0.8988,0.8629,0.52,0
KM-102,76.64,75980,64.83,56.86,57041.3,77,2,1,0.6874,1.0,0.1224,0.0,0.5151,0
KM-120,40.19,5368,71.88,68.92,114228.2,91,3,2,0.3115,0.1774,0.1365,0.0,0.1807,0
KM-102,37.82,12510,55.11,102.08,133249.4,66,2,0,0.243,0.0618,0.4947,0.9165,0.3828,0
KM-102,21.67,35861,42.48,73.61,144995.5,149,2,2,0.147,0.4601,1.0,0.1032,0.3871,0
KM-115,33.46,77638,42.15,88.07,114427.9,125,1,0,0.162,0.956,1.0,0.5162,0.5989,1
KM-101,75.52,16386,43.8,48.28,159636.7,52,2,1,0.6703,0.1727,0.9261,0.0,0.463,0
KM-102,43.72,52774,48.5,89.58,161188.2,59,2,1,0.2911,0.6158,0.7485,0.5594,0.5174,0
KM-124,33.4,1330,66.38,63.69,178217.3,145,5,1,0.3616,0.0821,0.2175,0.0,0.1906,0
KM-124,20.81,60277,51.46,88.09,108694.3,86,2,0,0.1433,0.654,0.6706,0.5169,0.4512,0
KM-110,78.4,27097,66.51,81.95,144830.6,78,4,2,0.8146,0.3571,0.117,0.3414,0.4661,0
KM-106,54.51,55208,57.16,45.74,129388.1,165,3,1,0.4471,0.6533,0.5611,0.0,0.432,0
KM-106,81.12,41900,55.36,65.96,137952.7,159,1,1,0.708,0.459,0.6243,0.0,0.4874,1
KM-108,25.03,5472,69.76,54.28,83799.7,5,2,1,0.1626,0.0979,0.0075,0.0,0.0829,0
KM-116,24.18,63067,41.26,79.0,90591.7,96,2,0,0.1585,0.7,1.0,0.2573,0.4819,0
KM-116,24.34,47505,60.34,84.7,70274.6,25,1,2,0.1092,0.6176,0.2241,0.4201,0.3215,0
KM-115,12.89,4085,43.16,79.34,153113.1,101,2,1,0.1166,0.0915,1.0,0.2667,0.317,0
KM-111,89.25,35603,71.49,65.99,53169.1,145,2,2,0.8966,0.4569,0.2175,0.0,0.4715,1
KM-122,37.11,8941,46.7,64.2,93248.0,119,2,0,0.2377,0.0374,0.9104,0.0,0.2746,0
KM-105,55.05,62614,64.04,98.26,120566.3,116,2,0,0.4031,0.6924,0.2126,0.8073,0.5182,0
KM-117,67.41,58820,59.66,48.9,109500.2,10,1,0,0.5044,0.6305,0.2288,0.0,0.3799,1
KM-106,16.33,49717,74.17,78.88,34662.4,173,4,1,0.2267,0.5699,0.2595,0.2538,0.3245,0
KM-123,59.14,26372,63.04,45.34,144967.1,52,2,0,0.4497,0.1893,0.1563,0.0,0.236,0
KM-119,68.28,79822,42.58,77.92,84587.2,96,0,0,0.4662,0.9967,1.0,0.2263,0.6576,0
KM-125,14.19,19299,47.74,98.16,34952.8,24,3,1,0.1701,0.1985,0.7266,0.8046,0.4154,0
KM-117,78.22,6081,58.78,60.44,77814.2,2,3,0,0.7618,0.021,0.2518,0.0,0.3222,0
KM-106,10.85,24577,52.7,69.63,13594.7,136,4,0,0.2118,0.1703,0.6959,0.0,0.2559,1
KM-122,50.57,27512,55.66,103.11,76490.3,137,0,1,0.2558,0.2817,0.5791,0.9459,0.4649,0
KM-125,59.4,35703,47.57,100.02,169580.4,151,1,0,0.4028,0.2981,0.9239,0.8578,0.5719,0
KM-122,92.27,59587,43.87,48.28,72837.3,80,2,1,0.9514,0.7228,0.9653,0.0,0.7068,0
KM-111,74.37,42792,74.12,63.71,97643.1,99,3,1,0.7031,0.4712,0.1485,0.0,0.3936,0
KM-117,61.02,24593,66.33,77.33,60546.7,174,5,0,0.6223,0.1704,0.261,0.2094,0.3545,1
KM-103,89.5,28414,43.52,81.48,94397.6,160,5,1,1.0,0.2917,1.0,0.3281,0.6885,0
KM-109,30.93,2219,72.55,69.81,173387.1,28,3,0,0.2456,0.0046,0.042,0.0,0.0955,0
KM-118,5.16,13677,49.34,81.32,177528.6,177,0,0,0.0027,0.0707,0.8919,0.3235,0.2617,0
KM-111,79.41,15024,60.35,72.42,155597.4,147,2,1,0.7306,0.1614,0.4065,0.0692,0.3912,0
KM-101,66.36,48999,52.26,52.02,155976.1,91,4,0,0.6404,0.4793,0.6462,0.0,0.4732,0
KM-114,40.35,11867,72.2,46.06,138114.0,121,0,1,0.1628,0.1371,0.1815,0.0,0.1276,0
KM-105,83.06,39458,50.93,55.9,124083.7,59,1,0,0.7399,0.3464,0.6514,0.0,0.4758,1
KM-120,56.33,37762,56.31,80.63,106464.3,130,6,1,0.6173,0.4043,0.5424,0.3037,0.4863,1
KM-108,60.48,15261,42.42,102.26,172376.7,167,1,1,0.4158,0.1633,1.0,0.9218,0.5707,1
KM-120,32.22,75068,56.58,67.71,141114.1,175,1,1,0.1538,0.989,0.5992,0.0,0.4209,1
KM-106,39.82,42692,42.14,51.13,115064.6,163,3,0,0.3085,0.3898,1.0,0.0,0.4054,0
KM-104,34.73,64092,73.2,83.6,123888.4,118,2,1,0.2206,0.7971,0.177,0.3885,0.3896,1
KM-117,90.54,25363,62.66,72.95,63435.7,16,0,2,0.8197,0.3385,0.1177,0.0842,0.4119,0
KM-118,41.31,49737,56.5,66.27,115827.2,23,0,0,0.1707,0.4902,0.3744,0.0,0.2572,0
KM-119,77.72,71087,57.6,92.24,11678.3,55,2,0,0.704,0.8376,0.3785,0.6353,0.6586,0
KM-114,58.96,54938,70.41,67.17,62549.1,101,4,2,0.5476,0.7291,0.1515,0.0,0.4042,0
KM-125,30.77,38016,44.36,100.92,77352.1,6,1,0,0.1447,0.3276,0.8345,0.8833,0.4761,0
KM-118,40.09,71599,58.44,66.06,91312.2,23,1,1,0.2107,0.9267,0.2967,0.0,0.3648,1
KM-119,30.9,18115,47.23,56.04,28770.6,51,1,1,0.1455,0.1878,0.7874,0.0,0.2553,0
KM-114,50.99,71826,61.62,86.95,65549.7,164,1,1,0.31,0.9307,0.3814,0.4842,0.5143,0
KM-118,72.78,61477,43.17,49.82,163788.1,115,1,0,0.5796,0.6736,1.0,0.0,0.5713,0
KM-123,72.05,45579,53.44,57.75,13159.2,104,0,0,0.5192,0.43,0.6185,0.0,0.4129,0
KM-114,81.27,66831,45.46,103.53,100998.3,163,0,1,0.6604,0.8435,1.0,0.958,0.8336,0
KM-109,35.52,5512,64.03,89.6,126154.0,119,2,0,0.2262,0.0181,0.2174,0.56,0.2392,1
KM-113,82.6,40216,65.07,79.28,106647.0,116,2,0,0.7823,0.3564,0.174,0.2651,0.4507,0
KM-104,61.56,79593,49.68,91.32,172825.6,148,2,1,0.479,1.0,0.8347,0.609,0.7064,0
KM-121,41.78,29287,41.21,100.19,38466.7,63,0,0,0.1745,0.2215,1.0,0.8624,0.489,1
KM-105,14.48,3759,72.39,91.24,11807.0,96,0,1,0.021,0.0902,0.144,0.6069,0.1801,0
KM-104,12.53,26276,72.96,89.98,62322.2,154,1,1,0.0657,0.2682,0.231,0.5709,0.2504,0
KM-120,42.23,13778,61.66,89.51,173437.8,132,1,2,0.2283,0.2315,0.3315,0.5574,0.3156,0
KM-104,6.42,41573,50.81,101.36,82606.6,160,3,3,0.1541,0.6146,0.8077,0.8961,0.5484,0
KM-113,51.89,64323,66.49,90.27,128616.1,107,1,1,0.3193,0.801,0.1605,0.5792,0.4599,1
KM-110,25.5,76679,62.43,98.2,61899.7,108,3,2,0.215,1.0,0.2648,0.8058,0.5394,0
KM-120,23.41,68912,52.49,82.73,130897.8,138,6,1,0.3548,0.8795,0.7076,0.3636,0.5583,0
KM-103,84.99,35334,52.61,73.65,123109.1,49,1,1,0.7723,0.3735,0.5692,0.1043,0.4984,1
KM-111,17.3,16813,68.53,61.03,73294.1,77,2,1,0.1299,0.1763,0.1155,0.0,0.1127,0
KM-105,29.45,36831,58.56,71.39,134220.6,35,3,3,0.2367,0.5524,0.3103,0.0397,0.2909,0
KM-119,89.02,41816,68.96,102.13,138199.9,144,0,1,0.7924,0.4579,0.216,0.918,0.6186,0
KM-123,84.89,48614,47.3,96.98,7238.6,126,1,0,0.7706,0.4737,0.8972,0.7709,0.7217,0
KM-124,59.24,58380,58.11,95.95,160832.0,87,1,1,0.4009,0.7034,0.4059,0.7415,0.5457,0
KM-104,90.67,6988,63.74,89.47,52397.7,27,2,2,0.9222,0.1858,0.0909,0.5561,0.4986,0
KM-117,47.41,29045,57.71,50.8,115136.6,140,0,1,0.2248,0.2988,0.5015,0.0,0.2537,0
KM-108,21.49,4806,51.14,74.52,39248.2,55,1,1,0.0962,0.0947,0.637,0.1292,0.2106,0
KM-111,36.88,1159,57.44,45.24,131631.8,121,0,0,0.136,0.0017,0.4839,0.0,0.1448,0
KM-109,80.31,63357,55.17,87.13,123262.1,85,1,2,0.695,0.8648,0.5206,0.4894,0.6615,0
KM-113,68.75,74786,59.42,101.4,64855.8,31,1,0,0.5227,0.9038,0.2699,0.8972,0.6423,1
KM-115,68.49,12230,64.91,68.6,44502.9,159,1,0,0.519,0.0598,0.2419,0.0,0.245,0
KM-118,82.68,60425,63.12,57.61,91483.3,90,1,0,0.7335,0.6564,0.2103,0.0,0.4629,0
KM-104,91.53,69968,46.12,98.01,44370.1,41,0,0,0.8378,0.8179,0.8169,0.8002,0.8211,0
KM-111,34.15,27924,56.47,73.54,69207.0,138,2,1,0.2167,0.2862,0.5483,0.1012,0.2773,0
KM-123,48.92,54980,45.78,49.8,179806.8,103,2,1,0.3393,0.6497,0.9231,0.0,0.4658,1
KM-102,35.99,21122,50.14,63.89,105420.0,178,1,0,0.1795,0.1357,0.8613,0.0,0.269,0
KM-117,68.35,33423,71.93,55.59,34918.1,6,0,3,0.4672,0.51,0.009,0.0,0.2928,0
KM-118,11.84,58589,58.64,100.84,58209.3,176,0,3,0.014,0.8667,0.5183,0.8813,0.5015,0
KM-115,64.85,4543,56.58,67.8,147651.6,134,2,0,0.5205,0.0135,0.5377,0.0,0.2931,0
KM-124,24.15,33430,68.62,66.8,29559.9,77,1,0,0.1083,0.2701,0.1155,0.0,0.1285,0
KM-107,80.91,28562,61.87,103.46,129500.3,84,2,0,0.7546,0.2133,0.2512,0.9561,0.5589,1
KM-108,29.3,20481,53.34,67.82,40306.4,142,1,2,0.1358,0.2895,0.6794,0.0,0.2558,0
KM-102,60.45,34506,72.76,58.54,55778.9,34,0,0,0.3654,0.2833,0.051,0.0,0.2089,0
KM-121,54.03,18694,46.76,96.6,103326.6,116,5,0,0.542,0.113,0.9037,0.7599,0.5506,0
KM-101,90.13,43622,52.62,98.11,24312.7,124,0,1,0.8123,0.4826,0.6813,0.8032,0.7018,1
KM-108,37.29,76046,44.32,64.64,111595.4,20,1,0,0.1891,0.9268,0.8573,0.0,0.4693,0
KM-107,5.34,50280,56.27,54.64,45730.8,169,1,1,0.0529,0.5783,0.6028,0.0,0.2836,0
KM-124,35.27,9281,45.01,82.73,110065.2,139,0,1,0.1244,0.1195,1.0,0.3638,0.3462,0
KM-103,40.27,43890,64.79,98.95,123663.8,84,1,2,0.2121,0.5664,0.1342,0.827,0.4081,0
KM-108,44.53,35650,40.81,101.23,27839.5,71,1,0,0.2483,0.2975,1.0,0.8923,0.5397,0
KM-116,90.74,15895,45.42,67.7,176097.1,103,0,1,0.8234,0.1686,0.9375,0.0,0.5178,0
KM-119,83.64,76104,55.37,88.95,8334.8,22,0,2,0.6995,1.0,0.4182,0.5414,0.6868,1
KM-123,15.53,15376,61.39,48.21,38830.4,160,3,0,0.1741,0.0843,0.3845,0.0,0.1589,0
KM-112,57.95,14692,56.29,101.85,109465.6,122,4,0,0.5358,0.0787,0.5313,0.9101,0.4955,1
KM-102,92.72,24124,41.12,47.01,50815.9,112,1,1,0.9098,0.2456,1.0,0.0,0.5798,1
KM-118,41.07,67033,58.73,51.2,55436.2,104,1,0,0.2186,0.767,0.4068,0.0,0.3496,0
KM-117,79.23,24566,58.86,74.4,53347.2,139,0,1,0.6277,0.2502,0.4539,0.1258,0.3982,0
KM-110,80.44,32028,64.02,56.4,174421.0,170,1,3,0.6971,0.4933,0.2942,0.0,0.4262,0
KM-104,45.72,42065,43.81,51.23,126260.7,63,2,1,0.309,0.4613,0.942,0.0,0.4119,0
KM-112,77.08,2176,47.53,71.35,121143.4,43,2,0,0.6942,0.0045,0.7633,0.0385,0.4044,0
KM-123,38.69,18761,51.3,68.82,41055.5,124,4,0,0.3497,0.1136,0.7341,0.0,0.2976,0
KM-116,13.39,61415,66.08,90.3,134969.4,162,0,0,0.0179,0.6726,0.243,0.58,0.339,0
KM-104,51.43,50006,50.83,85.1,159018.0,164,0,0,0.2645,0.4942,0.8128,0.4315,0.465,0
KM-115,75.23,34408,59.19,57.27,46964.9,1,0,0,0.566,0.2821,0.2339,0.0,0.3154,0
KM-123,76.42,32591,56.73,77.09,138363.9,4,0,1,0.584,0.34,0.337,0.2027,0.3973,0
KM-123,26.06,3756,62.57,98.69,101655.2,100,1,1,0.1179,0.0902,0.2472,0.8198,0.2772,0
KM-110,63.77,30775,66.09,104.0,16865.8,81,1,0,0.4567,0.2386,0.1215,0.9714,0.4381,0
KM-107,66.48,12609,60.01,88.53,53718.9,32,0,1,0.4419,0.1426,0.2475,0.5294,0.3457,0
KM-115,75.36,47508,51.01,72.9,51112.0,30,3,0,0.7179,0.4576,0.6046,0.0829,0.5032,1
KM-108,55.47,23771,58.0,45.43,89751.2,166,0,2,0.3076,0.322,0.529,0.0,0.294,0
KM-118,75.8,74148,58.53,70.48,158934.1,80,0,3,0.5745,1.0,0.3789,0.0138,0.5296,0
KM-112,54.69,40705,43.81,79.84,65107.3,94,0,0,0.2991,0.3629,0.9885,0.2812,0.4494,0
KM-113,65.45,38524,60.46,102.82,60017.9,138,0,0,0.4283,0.3342,0.3886,0.9376,0.4987,0
KM-121,17.94,2960,47.59,81.81,7005.0,10,1,3,0.0822,0.2471,0.7115,0.3373,0.3003,1
KM-115,90.45,21946,49.57,51.66,172305.2,89,2,1,0.9182,0.2237,0.7508,0.0,0.5275,0
KM-116,18.44,71608,43.8,90.81,103282.9,96,3,1,0.184,0.9269,0.992,0.5945,0.6134,1
KM-101,17.7,34289,52.85,94.53,22163.6,44,1,2,0.0813,0.4406,0.5521,0.701,0.3892,0
KM-114,59.26,51239,47.43,98.19,55494.1,120,1,1,0.4011,0.5926,0.8827,0.8054,0.6262,1
KM-101,44.06,73960,61.39,93.51,129342.6,54,3,1,0.3441,0.9689,0.2255,0.6718,0.5421,0
KM-114,65.17,26932,64.49,66.2,169296.5,67,1,1,0.4748,0.2753,0.1208,0.0,0.2592,0
KM-103,10.11,79062,63.32,54.88,88419.2,39,2,1,0.1102,1.0,0.1256,0.0,0.3137,0
KM-115,59.07,64333,45.43,66.22,41457.5,92,3,0,0.499,0.7211,0.9208,0.0,0.5391,1
KM-115,44.74,14565,71.56,74.28,92679.2,65,3,1,0.3502,0.1577,0.0975,0.1223,0.2059,0
KM-107,42.77,26306,60.44,58.25,42686.3,49,3,2,0.333,0.3486,0.256,0.0,0.2549,0
KM-111,15.2,77516,49.06,98.74,13581.2,150,2,2,0.1231,1.0,0.8624,0.8212,0.6298,1
KM-110,38.95,1544,57.45,103.0,106429.1,96,1,3,0.2017,0.2427,0.4459,0.9428,0.409,1
KM-121,76.89,8226,68.13,100.34,169122.4,101,0,0,0.5912,0.033,0.1515,0.8668,0.4188,0
KM-110,72.43,65276,44.16,73.66,52781.1,27,2,0,0.6246,0.737,0.874,0.1045,0.5986,0
KM-110,5.19,29541,61.48,93.16,145159.0,158,0,1,0.0027,0.3044,0.3779,0.6618,0.285,0
KM-117,58.65,19921,62.83,79.63,165946.0,91,4,1,0.544,0.2043,0.2232,0.2751,0.3411,0
KM-124,36.73,8814,56.5,92.5,122711.2,140,2,0,0.2349,0.0366,0.55,0.6428,0.3299,0
KM-122,87.42,62048,45.48,51.75,174572.9,26,1,0,0.8143,0.6831,0.8197,0.0,0.6197,1
KM-123,17.67,25416,42.29,53.99,100136.0,115,2,1,0.1312,0.2591,1.0,0.0,0.3107,1
KM-107,43.0,57664,68.02,56.98,55064.1,114,0,1,0.1849,0.692,0.171,0.0,0.2719,0
KM-108,13.39,71313,51.19,86.47,155708.8,78,1,1,0.0679,0.9216,0.6693,0.4706,0.4822,0
KM-122,61.72,59858,46.83,45.66,34808.4,21,0,1,0.381,0.7272,0.7583,0.0,0.4668,0
KM-117,20.44,72863,71.38,60.26,163028.8,121,2,1,0.1418,0.9492,0.1815,0.0,0.3232,0
KM-123,56.61,6113,49.05,93.57,129489.7,116,3,0,0.4705,0.0211,0.8121,0.6734,0.467,0
KM-104,83.15,54641,72.46,101.95,8667.4,119,0,0,0.6913,0.5645,0.1785,0.913,0.6014,1
KM-101,7.73,7318,70.82,92.12,148027.2,79,1,0,0.056,0.0277,0.1185,0.6321,0.1766,0
KM-102,20.78,47840,71.19,71.27,155191.4,59,0,1,0.0432,0.5424,0.0885,0.0363,0.1757,0
KM-118,27.35,5259,60.32,80.2,74993.1,117,0,1,0.0748,0.0969,0.3628,0.2915,0.1813,0
KM-111,76.25,65169,44.4,99.78,116769.6,73,0,0,0.5814,0.7352,0.9335,0.8507,0.7441,0
KM-115,14.83,58118,45.44,103.65,34591.3,73,0,1,0.022,0.6992,0.892,0.9615,0.5532,0
KM-121,87.19,18248,63.22,53.48,97109.8,52,1,0,0.8102,0.1089,0.1493,0.0,0.3406,1
KM-114,62.53,12461,66.04,79.97,67515.6,81,0,1,0.391,0.1415,0.1215,0.2849,0.2535,0
KM-108,5.29,76580,69.9,61.88,158451.5,116,1,1,0.0528,1.0,0.174,0.0,0.3033,0
KM-102,77.24,46349,53.71,62.39,15517.5,4,2,0,0.6966,0.441,0.4575,0.0,0.4456,0
KM-111,81.13,2723,41.14,51.12,150920.7,139,2,0,0.7581,0.0063,1.0,0.0,0.4669,0
KM-101,79.3,8046,59.21,76.85,157017.7,30,2,1,0.7288,0.1119,0.2767,0.1958,0.3776,0
KM-122,22.9,56469,70.4,52.88,101919.8,106,2,1,0.1525,0.673,0.159,0.0,0.2534,1
KM-105,34.64,55675,56.02,95.88,76542.1,152,1,3,0.17,0.8206,0.587,0.7394,0.5299,1
KM-110,40.24,47825,57.49,90.67,93246.3,4,1,0,0.2119,0.4622,0.3065,0.5904,0.3691,0
KM-107,63.59,78988,42.47,90.32,51871.2,88,0,1,0.4043,1.0,1.0,0.5805,0.7076,0
KM-122,62.32,59936,42.42,67.59,106178.1,140,3,0,0.5383,0.6485,1.0,0.0,0.5505,0
KM-108,28.68,23413,58.22,65.77,166919.5,17,3,1,0.2323,0.2383,0.2967,0.0,0.2002,0
KM-123,28.7,67728,65.88,89.71,140548.5,7,2,1,0.1823,0.859,0.0105,0.5631,0.3933,0
KM-117,32.52,75769,57.02,94.78,106795.5,179,1,0,0.1557,0.9217,0.5879,0.708,0.5441,0
KM-111,46.85,70782,69.74,71.84,30189.3,24,0,0,0.2195,0.8322,0.036,0.0527,0.3026,0
KM-108,9.4,33529,72.31,65.62,159133.1,135,2,2,0.1088,0.4313,0.2025,0.0,0.1864,1
KM-114,88.29,53724,42.38,67.77,130746.9,168,0,1,0.7795,0.6303,1.0,0.0,0.6304,1
KM-101,44.37,2925,74.08,58.7,17015.5,69,2,2,0.2969,0.167,0.1035,0.0,0.1664,0
KM-119,78.89,55879,61.05,88.99,160979.6,83,0,2,0.6223,0.7438,0.2824,0.5425,0.5687,0
KM-106,85.9,28074,47.99,89.87,46574.9,32,3,0,0.8878,0.2079,0.7282,0.5678,0.6219,1
KM-112,78.55,4897,57.06,97.42,40689.3,157,1,1,0.667,0.0951,0.5532,0.7835,0.5246,0
KM-103,17.05,35385,73.12,75.5,175078.5,134,3,1,0.1791,0.3742,0.201,0.1572,0.2278,0
KM-124,55.42,67854,52.8,62.1,128341.9,119,1,2,0.3571,0.9411,0.6664,0.0,0.4936,0
KM-123,93.83,38388,73.82,50.72,10518.8,106,2,0,0.9805,0.3324,0.159,0.0,0.4581,0
KM-116,38.61,18149,41.99,93.85,144673.2,68,2,1,0.2491,0.1881,1.0,0.6815,0.4705,0
KM-117,23.1,56289,67.96,75.26,105724.7,111,1,1,0.1033,0.6702,0.1665,0.1503,0.2671,0
KM-115,23.24,8706,55.95,87.42,63532.0,149,3,2,0.204,0.1959,0.5855,0.4978,0.337,0
KM-119,64.66,49818,52.43,65.6,94630.3,39,1,1,0.468,0.5714,0.5614,0.0,0.419,0
KM-117,23.86,15122,67.79,72.36,38170.5,148,2,0,0.1569,0.0822,0.222,0.0673,0.1333,0
KM-118,74.15,77151,47.51,64.28,135785.1,41,1,1,0.5998,1.0,0.7611,0.0,0.6121,1
KM-114,30.65,35896,63.47,95.4,23013.3,116,2,0,0.1939,0.3006,0.2351,0.7257,0.3352,0
KM-125,94.15,39667,48.28,99.22,170276.3,67,5,1,1.0,0.4291,0.7694,0.8348,0.7781,0
KM-107,28.06,26630,64.61,98.76,41829.8,110,1,0,0.1287,0.1921,0.1806,0.8218,0.2936,0
KM-117,24.23,20476,68.31,64.34,49713.4,28,3,0,0.2087,0.1295,0.042,0.0,0.1138,1
KM-110,27.36,2716,60.28,53.68,76967.8,117,0,0,0.0749,0.0063,0.3642,0.0,0.1006,0
KM-120,60.03,47273,73.33,86.56,21992.3,164,2,0,0.4603,0.4542,0.246,0.4732,0.4185,0
KM-112,82.35,45106,52.27,80.35,6405.3,20,3,0,0.8281,0.4234,0.5392,0.2958,0.5627,0
KM-116,83.02,66116,70.2,84.81,142779.7,109,1,1,0.7393,0.8313,0.1635,0.423,0.5839,0
KM-112,19.49,15750,41.68,73.28,146133.2,81,1,0,0.088,0.0874,1.0,0.0939,0.2714,0
KM-104,55.27,51370,65.76,65.82,55319.0,165,4,0,0.5054,0.5146,0.2475,0.0,0.355,1
KM-108,82.75,50964,54.49,57.8,158595.8,163,3,0,0.8347,0.5085,0.665,0.0,0.5523,0
KM-122,57.19,52080,41.32,63.52,94977.9,101,2,1,0.427,0.6053,1.0,0.0,0.5008,0
KM-104,64.64,29206,69.27,65.94,128854.8,102,2,1,0.5178,0.3006,0.153,0.0,0.287,0
KM-125,8.31,67820,64.36,87.06,126102.8,165,4,2,0.2069,0.9406,0.273,0.4874,0.4596,1
KM-121,80.47,59161,71.5,47.2,61714.5,92,0,0,0.6475,0.6359,0.138,0.0,0.4132,0
KM-103,6.45,59535,56.16,86.43,80243.0,163,1,0,0.0542,0.642,0.5982,0.4693,0.393,0
KM-104,23.07,17325,55.47,49.93,151612.3,68,1,0,0.1032,0.1008,0.4833,0.0,0.158,0
KM-122,5.25,36774,56.2,55.46,37026.5,33,2,1,0.1028,0.3917,0.4014,0.0,0.2142,0
KM-117,56.8,18901,52.91,57.76,59748.7,8,0,0,0.3227,0.1148,0.4956,0.0,0.2408,1
KM-122,15.28,29020,46.1,77.55,135810.4,151,1,0,0.0733,0.2185,0.9826,0.2156,0.3199,0
KM-123,38.77,49445,70.6,49.48,125174.7,27,0,0,0.1503,0.4859,0.0405,0.0,0.1822,0
KM-123,10.02,78601,51.23,101.88,179691.3,45,1,1,0.06,1.0,0.6183,0.9109,0.5768,1
KM-125,5.02,30750,48.09,64.79,95589.6,143,2,0,0.1025,0.2383,0.891,0.0,0.2737,0
KM-125,26.99,33007,42.68,68.56,137559.4,114,2,4,0.1728,0.585,1.0,0.0,0.4067,0
KM-124,90.48,61771,41.91,49.51,108516.2,152,1,2,0.8686,0.8385,1.0,0.0,0.7136,0
KM-117,94.34,43478,50.6,64.25,23553.8,164,0,1,0.89,0.4807,0.8219,0.0,0.596,1
KM-122,34.65,64568,41.11,93.18,117359.2,149,4,0,0.3201,0.7251,1.0,0.6622,0.6257,1
KM-122,14.4,49184,59.61,52.72,59076.7,100,3,2,0.1707,0.6421,0.3655,0.0,0.2934,0
KM-115,28.92,3828,55.03,103.5,62812.7,71,1,0,0.1336,0.0105,0.5052,0.9572,0.3419,0
KM-123,71.45,7405,49.93,83.89,13310.3,86,1,1,0.5606,0.1082,0.732,0.3968,0.449,1
KM-122,31.0,69109,65.91,68.95,165654.0,41,1,0,0.1461,0.8029,0.0615,0.0,0.2642,0
KM-117,22.31,13868,50.9,90.6,134775.7,161,2,1,0.1498,0.1522,0.8054,0.5886,0.3693,0
KM-103,44.93,23790,58.62,69.24,158109.3,137,4,2,0.4019,0.3222,0.4609,0.0,0.3134,0
KM-109,56.91,3432,56.56,100.34,158304.8,147,2,2,0.4238,0.1689,0.5582,0.8669,0.4756,0
KM-115,72.83,33510,56.05,54.67,105466.2,67,0,1,0.5304,0.3511,0.4584,0.0,0.3651,0
KM-101,90.3,26623,73.65,49.52,94319.0,107,0,2,0.8154,0.352,0.1605,0.0,0.4055,0
KM-121,62.71,51123,50.27,62.43,98037.9,29,2,1,0.4933,0.5908,0.6327,0.0,0.4469,1
KM-109,20.4,68269,46.16,49.65,17106.1,148,1,0,0.0916,0.7883,0.9757,0.0,0.4243,0
KM-125,72.26,23035,56.94,73.42,118714.0,81,2,0,0.6222,0.1545,0.444,0.0977,0.3647,0
KM-122,18.02,2986,51.96,61.4,59122.2,149,1,0,0.0825,0.0072,0.745,0.0,0.1797,0
KM-122,49.48,43593,56.0,54.74,137793.5,58,0,2,0.2449,0.5622,0.4471,0.0,0.3157,1
KM-109,55.06,43937,57.94,72.07,120339.0,176,0,0,0.3031,0.407,0.5464,0.0591,0.3289,1
KM-111,69.44,21137,53.09,67.72,30237.2,93,1,3,0.5322,0.3758,0.616,0.0,0.4034,0
KM-107,59.11,78463,43.13,86.37,79791.4,58,1,0,0.3994,0.9713,0.9618,0.4676,0.6685,0
KM-112,76.62,69036,73.65,69.9,81707.0,163,2,0,0.6871,0.8016,0.2445,0.0,0.4898,0
KM-106,63.03,26793,64.8,73.46,32228.1,85,0,0,0.3973,0.1938,0.1356,0.0989,0.2344,0
KM-103,84.01,59851,61.89,49.14,7157.7,107,1,0,0.7557,0.6471,0.2849,0.0,0.4833,0
KM-106,20.73,73100,68.89,79.92,155100.0,22,1,0,0.093,0.8735,0.033,0.2834,0.3142,1
KM-109,43.78,75524,61.52,88.41,162425.2,159,1,0,0.2417,0.9173,0.3776,0.526,0.4946,0
KM-106,56.96,26564,46.87,57.58,27786.8,76,2,0,0.4244,0.1913,0.8392,0.0,0.3642,1
KM-121,45.23,8000,42.43,56.7,179829.4,174,0,0,0.2046,0.0316,1.0,0.0,0.2795,1
KM-117,31.19,8334,57.3,51.3,14096.0,68,0,0,0.0973,0.0336,0.4101,0.0,0.1245,0
KM-117,67.88,57169,50.93,68.88,157684.0,42,2,1,0.5608,0.6841,0.6258,0.0,0.4925,1
KM-109,14.05,61318,73.45,94.5,59442.4,34,3,0,0.1697,0.671,0.051,0.7,0.3774,0
KM-123,72.88,67872,70.08,74.81,84416.6,41,1,0,0.5811,0.7814,0.0615,0.1373,0.4385,0
KM-113,77.4,67549,48.45,77.43,97944.6,45,2,1,0.6991,0.8559,0.7296,0.2123,0.6471,1
KM-114,28.65,58324,50.9,89.03,52059.0,54,0,0,0.0821,0.6225,0.6451,0.5437,0.4221,0
KM-116,39.7,66711,69.72,98.36,68129.6,23,0,1,0.1576,0.8415,0.0345,0.8103,0.4345,1
KM-117,11.71,13440,45.42,96.65,149337.6,95,1,1,0.0637,0.1489,0.9258,0.7615,0.397,0
KM-124,29.08,4068,44.5,54.89,8702.0,52,0,2,0.0846,0.1715,0.8979,0.0,0.252,1
KM-125,50.17,56001,44.97,74.0,124298.2,138,1,1,0.3017,0.6657,1.0,0.1141,0.4948,0
KM-116,86.97,61064,60.55,84.74,66375.5,179,3,1,0.9063,0.7469,0.4465,0.4212,0.6775,0
KM-122,93.04,11445,71.76,104.06,35034.1,60,1,3,0.9157,0.2941,0.09,0.9731,0.6066,0
KM-122,45.02,34678,44.13,65.73,135267.9,115,1,2,0.2526,0.4454,1.0,0.0,0.3998,0
KM-111,38.52,18351,56.23,88.51,54640.3,5,3,0,0.2984,0.1099,0.3582,0.5288,0.3093,0
KM-121,92.43,29426,57.87,73.65,33407.2,22,2,0,0.9544,0.2231,0.3182,0.1044,0.4743,1
KM-103,16.15,70479,55.36,94.98,151004.9,37,1,0,0.0761,0.8269,0.441,0.7136,0.4643,0
KM-108,36.39,68591,45.03,70.71,26942.8,115,3,1,0.2824,0.8739,0.9712,0.0203,0.5156,0
KM-108,75.08,69045,54.76,99.47,144961.0,20,1,0,0.6136,0.8018,0.4396,0.842,0.6716,1
KM-118,35.52,52785,62.66,54.76,25569.9,125,2,0,0.2262,0.536,0.2813,0.0,0.2694,0
KM-124,7.79,39020,54.53,66.06,142848.1,161,0,3,0.0061,0.5806,0.6603,0.0,0.2793,1
KM-103,47.1,10751,68.89,51.13,177585.3,74,4,0,0.4218,0.0493,0.111,0.0,0.1822,1
KM-108,6.76,35051,41.77,59.91,23350.0,133,1,2,0.0546,0.45,1.0,0.0,0.3316,0
KM-105,19.61,18432,59.6,59.48,138889.0,15,3,0,0.1884,0.1106,0.2385,0.0,0.1413,0
KM-117,8.41,56595,58.39,93.93,163641.7,68,3,1,0.1571,0.675,0.3664,0.6838,0.4338,1
KM-103,8.69,31343,73.42,56.72,39500.9,36,1,0,0.0575,0.2452,0.054,0.0,0.0922,0
KM-111,80.64,41263,51.96,54.75,163086.2,153,0,1,0.6503,0.4504,0.751,0.0,0.4904,1
KM-118,55.02,19310,43.56,46.32,109795.0,169,0,2,0.3027,0.2786,1.0,0.0,0.3756,0
KM-112,36.88,14179,64.58,95.81,177001.8,144,1,2,0.186,0.2346,0.233,0.7376,0.3179,0
KM-104,9.35,22951,51.99,57.83,136339.7,27,1,0,0.0587,0.1537,0.5608,0.0,0.1711,0
KM-109,63.72,24954,56.18,77.15,78320.4,28,0,0,0.406,0.1742,0.395,0.2042,0.3055,1
KM-101,74.4,57218,59.55,47.47,108376.7,155,3,2,0.7035,0.7649,0.4507,0.0,0.5276,0
KM-125,19.89,79345,48.48,74.59,142340.5,55,3,0,0.1896,0.9877,0.7432,0.1311,0.4881,0
KM-104,63.0,67424,52.28,62.25,82136.4,87,0,2,0.3969,0.9337,0.6394,0.0,0.5002,0
KM-113,68.66,70017,72.09,73.9,24137.2,119,0,0,0.4715,0.8188,0.1785,0.1115,0.4277,0
KM-117,48.13,14589,57.8,88.59,24060.3,90,3,1,0.3817,0.1579,0.4229,0.5312,0.3639,0
KM-109,82.2,13804,63.35,60.9,33336.2,145,6,1,0.9757,0.1517,0.2836,0.0,0.4361,0
KM-107,37.8,67776,47.42,70.29,131545.0,167,3,1,0.2929,0.8598,0.9535,0.0082,0.5098,0
KM-115,8.02,11573,51.88,62.14,96803.6,76,0,2,0.0064,0.215,0.639,0.0,0.1838,0
KM-108,69.56,58071,71.08,103.08,83138.6,98,3,0,0.6339,0.6184,0.147,0.945,0.5949,0
KM-122,90.36,74004,73.88,96.65,12268.0,7,0,3,0.8164,1.0,0.0105,0.7613,0.6901,0
KM-108,43.74,30342,69.24,50.46,130491.5,38,2,1,0.2913,0.3136,0.057,0.0,0.1918,0
KM-117,74.55,13622,59.53,75.49,177023.5,16,1,0,0.6058,0.0703,0.2427,0.1569,0.3095,0
KM-118,36.75,62039,54.68,66.14,154563.8,103,1,0,0.1851,0.6829,0.5674,0.0,0.349,0
KM-114,52.27,46663,45.21,60.38,137985.3,124,2,2,0.3732,0.6055,0.9775,0.0,0.4775,0
KM-120,56.4,53390,43.5,46.39,82508.5,143,1,1,0.3681,0.6252,1.0,0.0,0.4851,0
KM-117,22.96,25513,40.21,104.87,82164.2,135,1,4,0.1027,0.5001,1.0,0.9962,0.5602,0
KM-125,5.87,65207,68.46,86.94,68656.3,109,1,2,0.0534,0.8959,0.1635,0.4839,0.3722,0
KM-118,44.71,28764,48.65,72.71,22776.3,15,1,0,0.2499,0.2156,0.6764,0.0775,0.2921,0
KM-124,57.72,47815,53.59,48.33,16673.6,48,2,0,0.4332,0.4621,0.5284,0.0,0.3728,0
KM-124,9.68,42747,70.13,64.27,152782.3,30,2,1,0.1094,0.4706,0.045,0.0,0.1649,0
KM-106,47.52,73207,43.29,92.87,116379.3,140,2,0,0.3259,0.8754,1.0,0.6536,0.6636,1
KM-112,74.03,69050,41.63,47.77,61352.9,65,2,0,0.6481,0.8019,1.0,0.0,0.6273,0
KM-123,62.99,23368,65.34,69.79,90422.0,34,2,1,0.4968,0.2379,0.051,0.0,0.2435,1
KM-113,52.44,55552,73.63,45.5,159016.3,100,0,2,0.275,0.7386,0.15,0.0,0.3109,0
KM-125,59.92,54092,49.62,53.53,13667.1,76,0,1,0.3591,0.636,0.7292,0.0,0.4305,1
KM-101,34.47,21539,41.93,58.26,103565.9,76,1,0,0.1688,0.1397,1.0,0.0,0.294,0
KM-112,5.28,63412,54.83,78.26,24498.9,100,0,1,0.0028,0.7857,0.5567,0.2361,0.356,0
KM-105,34.99,17631,54.81,100.68,40073.4,159,1,2,0.1724,0.2635,0.6459,0.8766,0.4307,1
KM-124,58.08,32524,69.34,51.18,117918.9,10,2,0,0.4374,0.2592,0.015,0.0,0.2209,0
KM-121,85.3,30782,60.16,76.35,123883.6,152,3,0,0.8777,0.2387,0.4217,0.1813,0.4875,0
KM-116,29.37,52567,54.57,82.2,121141.8,65,3,0,0.2363,0.5326,0.5145,0.3487,0.3885,0
KM-107,67.65,68417,74.83,45.06,84364.4,156,3,1,0.6076,0.8709,0.234,0.0,0.4772,0
KM-119,79.09,27212,56.42,77.98,140270.1,119,1,1,0.6756,0.2784,0.5218,0.2281,0.456,1
KM-118,40.21,63444,60.84,71.33,148642.5,62,2,0,0.2616,0.7062,0.2593,0.0379,0.3276,1
KM-123,13.29,3735,74.25,91.34,132081.4,54,0,1,0.0177,0.0901,0.081,0.6098,0.1669,0
KM-105,18.21,15649,71.13,104.4,171070.9,78,1,1,0.0831,0.1665,0.117,0.9828,0.2907,1
KM-107,24.33,77424,56.04,69.18,50682.7,92,0,1,0.0592,1.0,0.4963,0.0,0.37,0
KM-112,21.51,62485,62.7,98.37,84256.9,118,2,0,0.1463,0.6903,0.2689,0.8105,0.4396,1
KM-123,87.61,72599,47.11,57.78,65716.6,51,1,0,0.8176,0.8645,0.7919,0.0,0.6607,0
KM-123,83.29,17041,45.76,63.28,47012.8,70,1,1,0.7438,0.1783,0.8747,0.0,0.4798,1
KM-122,39.59,2186,57.07,52.17,151877.0,173,3,1,0.3067,0.0845,0.5769,0.0,0.2439,0
KM-122,19.55,38613,54.64,48.52,133213.2,160,1,1,0.0882,0.4153,0.6545,0.0,0.2656,0
KM-123,87.22,76445,57.09,53.92,6633.1,76,1,0,0.8107,0.9341,0.4303,0.0,0.6033,0
KM-108,18.57,37445,58.91,61.09,22171.6,105,1,0,0.0845,0.3202,0.401,0.0,0.1898,0
KM-113,67.64,79550,64.25,65.39,169584.0,36,1,0,0.5075,0.9916,0.0839,0.0,0.4423,0
KM-122,38.5,78303,64.25,99.71,57851.8,64,2,1,0.2482,1.0,0.1259,0.8489,0.5318,0
KM-104,68.19,77265,40.35,91.67,139685.8,117,0,2,0.4649,1.0,1.0,0.6192,0.7366,0
KM-124,65.76,23390,68.99,78.66,36776.2,167,4,1,0.6325,0.2381,0.2505,0.2475,0.3805,0
KM-113,84.57,55399,59.55,75.27,41165.5,159,2,1,0.8153,0.6563,0.4565,0.1505,0.5708,1
KM-113,47.87,31167,48.89,82.07,29731.3,100,0,2,0.2292,0.4032,0.7945,0.3448,0.4089,1
KM-102,68.08,54183,71.68,89.82,177206.4,139,0,1,0.4635,0.6374,0.2085,0.5662,0.4765,0
KM-104,52.7,2903,67.29,96.81,12063.3,159,2,1,0.3778,0.0869,0.2385,0.7659,0.3548,0
KM-101,19.36,56524,44.55,51.57,78078.6,70,2,1,0.1375,0.6739,0.9231,0.0,0.4012,0
KM-118,9.35,2241,45.47,45.24,91158.2,59,2,2,0.1087,0.1647,0.8697,0.0,0.2532,0
KM-122,82.48,56571,52.81,95.36,22682.4,96,0,0,0.6803,0.5946,0.6315,0.7247,0.658,1
KM-116,78.47,18736,63.45,63.45,91063.1,141,3,1,0.7658,0.1933,0.2735,0.0,0.371,0
KM-110,79.96,34684,56.38,89.35,44904.3,109,3,0,0.7894,0.2855,0.5085,0.5528,0.5599,0
KM-113,52.79,32346,43.23,79.22,126488.1,140,3,2,0.4287,0.4171,1.0,0.2633,0.507,1
KM-116,65.52,74338,61.82,75.99,95950.7,137,0,0,0.4293,0.8957,0.3329,0.1712,0.475,0
KM-111,69.83,57428,60.59,57.69,60250.8,67,0,0,0.4876,0.6082,0.2771,0.0,0.3781,0
KM-108,62.39,66484,67.26,65.44,107647.9,157,0,0,0.3892,0.7576,0.2355,0.0,0.3727,0
KM-124,88.71,40587,73.47,60.19,104200.9,98,1,2,0.8369,0.5214,0.147,0.0,0.4526,1
KM-111,27.76,58653,69.77,60.33,157514.7,55,0,0,0.0771,0.6278,0.0825,0.0,0.2004,0
KM-110,36.46,55180,47.34,65.46,24570.4,9,1,0,0.1829,0.5728,0.7199,0.0,0.3512,1
KM-117,12.95,6007,71.24,83.76,124697.1,52,2,2,0.1168,0.1806,0.078,0.3931,0.1802,0
KM-109,46.06,3125,46.3,90.26,175177.6,165,2,0,0.3122,0.0077,0.9957,0.5788,0.4261,0
KM-101,78.23,27002,61.24,83.21,137769.8,20,2,1,0.7121,0.2761,0.1802,0.3773,0.4298,0
KM-108,13.4,69468,50.55,99.75,13379.4,34,1,0,0.0679,0.8092,0.6289,0.8499,0.5218,1
KM-119,32.71,45465,46.32,87.5,30172.0,139,1,1,0.157,0.5084,0.9558,0.5,0.4732,0
KM-123,16.7,14045,65.76,57.02,166225.8,167,1,1,0.0779,0.1536,0.2505,0.0,0.1158,0
KM-124,11.45,24738,51.92,53.34,31027.1,36,1,0,0.0631,0.172,0.5774,0.0,0.1805,0
KM-110,61.49,16616,43.12,58.66,5795.4,73,0,0,0.3781,0.0947,0.9847,0.0,0.3529,0
KM-105,71.6,5925,47.05,86.85,45507.0,119,2,1,0.6127,0.1002,0.8967,0.4813,0.5151,0
KM-105,56.54,5629,65.49,56.69,21143.4,82,0,0,0.3196,0.0187,0.123,0.0,0.1411,1
KM-102,49.62,71103,40.94,79.25,72191.9,8,1,2,0.2962,0.9979,0.9745,0.2642,0.6009,0
KM-114,90.74,76054,58.1,91.38,143122.6,131,2,0,0.9233,0.9269,0.4724,0.6108,0.7715,1
KM-125,82.13,70792,44.0,80.8,113163.9,115,0,0,0.6745,0.8324,1.0,0.3086,0.7059,0
KM-115,13.9,53177,43.86,51.79,6817.8,161,5,2,0.2693,0.7019,1.0,0.0,0.4698,0
KM-108,71.01,61206,64.73,49.92,124857.8,24,2,0,0.6043,0.6692,0.0469,0.0,0.3882,0
KM-101,68.06,11248,65.92,70.77,35355.9,77,1,1,0.5133,0.1327,0.1155,0.022,0.2403,0
KM-105,57.21,45275,74.61,68.28,119817.1,163,1,2,0.3773,0.5857,0.2445,0.0,0.3274,0
KM-119,73.5,29769,49.61,67.78,12276.7,79,0,1,0.5402,0.307,0.734,0.0,0.4126,1
KM-110,79.41,2990,43.12,96.08,126061.9,120,0,1,0.6306,0.0872,1.0,0.7451,0.5916,0
KM-106,66.3,36031,55.91,87.44,106097.5,125,2,1,0.5396,0.3823,0.5512,0.4982,0.4943,0
KM-123,32.24,20825,40.52,58.24,18990.3,56,0,1,0.1039,0.2128,1.0,0.0,0.2896,0
KM-124,90.78,2252,63.49,66.86,54620.3,166,2,0,0.9242,0.0047,0.3095,0.0,0.3865,0
KM-120,53.4,67131,66.23,104.0,100296.3,75,0,1,0.2852,0.8487,0.1125,0.9715,0.5288,0
KM-115,44.98,69843,51.52,57.83,109657.3,43,0,1,0.2023,0.8957,0.6039,0.0,0.4155,0
KM-101,8.82,69117,55.52,57.71,51057.2,17,1,0,0.0578,0.803,0.4048,0.0,0.302,0
KM-123,54.21,63384,58.9,74.26,131862.5,18,1,0,0.3439,0.7052,0.271,0.1217,0.3752,1
KM-109,65.75,67440,53.15,96.23,11122.8,100,0,0,0.4323,0.774,0.6239,0.7495,0.6195,1
KM-118,26.22,11204,73.5,83.33,48973.9,146,2,1,0.1687,0.1324,0.219,0.3808,0.2121,0
KM-111,63.09,9329,48.9,68.15,120848.5,161,2,0,0.4981,0.0398,0.8855,0.0,0.3614,0
KM-104,50.41,4271,58.99,84.2,163948.0,8,1,1,0.3042,0.0923,0.2523,0.4056,0.2611,0
KM-104,65.76,78039,43.41,100.73,67818.4,90,2,0,0.5325,0.9635,0.9986,0.8779,0.8025,1
KM-109,83.78,33605,51.47,71.83,114597.3,164,3,1,0.8519,0.3523,0.7873,0.0524,0.5542,1
KM-107,23.76,61479,66.95,82.91,118750.0,90,2,1,0.1565,0.7537,0.135,0.3689,0.344,0
KM-118,87.06,56341,41.87,59.28,44055.6,111,2,0,0.8579,0.591,1.0,0.0,0.648,1
KM-123,69.82,65727,55.36,82.74,71726.8,119,1,0,0.5375,0.7447,0.5641,0.3641,0.5599,1
KM-104,46.69,9716,57.62,63.84,175835.0,60,1,0,0.268,0.0423,0.3852,0.0,0.1814,0
KM-114,72.34,62190,74.33,73.52,30603.0,160,1,0,0.5732,0.6854,0.24,0.1007,0.4401,0
KM-101,52.74,22542,49.34,98.14,22488.4,15,1,1,0.3282,0.2296,0.6488,0.804,0.4628,0
KM-125,48.86,2907,44.69,68.99,148901.1,79,0,1,0.2387,0.0869,0.9307,0.0,0.2914,0
KM-119,24.97,54556,40.62,76.48,77742.3,117,1,0,0.1123,0.5632,1.0,0.1852,0.4172,1
KM-115,39.16,71756,72.55,89.34,12277.1,26,3,0,0.3034,0.8495,0.039,0.5525,0.4368,1
KM-116,69.95,68219,65.75,93.97,161337.0,109,2,0,0.5893,0.7875,0.1635,0.685,0.5728,0
KM-119,69.28,34651,67.13,76.07,124539.2,76,0,1,0.4799,0.3651,0.114,0.1734,0.3167,0
KM-103,22.05,16454,74.38,102.75,152838.9,60,2,2,0.1486,0.2533,0.09,0.9358,0.3205,0
KM-124,25.43,53022,68.06,100.42,45363.3,108,3,1,0.2147,0.6196,0.162,0.8692,0.4363,0
KM-110,63.16,2186,64.95,54.67,68728.9,117,0,1,0.3989,0.0845,0.1773,0.0,0.1962,0
KM-101,19.51,63978,46.47,81.64,166663.2,76,3,0,0.1881,0.7152,0.8551,0.3325,0.4821,0
KM-122,60.63,16488,52.34,67.95,67885.8,48,1,0,0.4175,0.0936,0.5783,0.0,0.2852,0
KM-112,30.75,50223,47.15,71.68,163993.7,152,1,0,0.1445,0.4974,0.9422,0.0479,0.3729,0
KM-113,78.92,37710,59.25,87.15,177296.1,114,1,1,0.6728,0.4036,0.4012,0.4899,0.5146,1
KM-108,50.16,9637,62.02,78.96,145247.3,148,2,0,0.3516,0.0418,0.3412,0.2559,0.2529,1
KM-114,94.69,55601,52.3,53.2,43121.0,31,1,0,0.9466,0.5794,0.5545,0.0,0.5871,0
KM-108,48.53,13122,64.22,49.2,77009.0,9,2,2,0.3355,0.2264,0.0446,0.0,0.183,0
KM-108,81.07,19493,45.57,89.42,125703.5,87,2,1,0.7572,0.2003,0.9075,0.5548,0.6075,0
KM-120,23.77,59879,67.99,64.72,28095.5,45,2,0,0.1565,0.6476,0.0675,0.0,0.2302,0
KM-124,46.07,15415,45.45,52.68,43608.2,89,1,0,0.2622,0.0846,0.9157,0.0,0.2961,0
KM-116,58.92,55143,41.2,62.02,170598.5,58,2,1,0.4471,0.6523,1.0,0.0,0.5196,1
KM-117,68.3,15553,71.61,46.62,176741.1,131,3,1,0.6165,0.1657,0.1965,0.0,0.2965,0
KM-103,52.85,12073,67.92,86.38,129022.8,158,3,0,0.4293,0.0586,0.237,0.4679,0.3059,0
KM-101,31.44,73816,43.82,95.93,176106.1,112,1,1,0.1488,0.9663,1.0,0.7408,0.6418,0
KM-124,52.35,18624,68.53,86.36,49820.8,83,2,0,0.3741,0.1123,0.1245,0.4673,0.2774,0
KM-110,25.44,72917,42.12,76.88,117105.8,109,2,0,0.1647,0.8702,1.0,0.1966,0.5145,0
KM-116,35.49,52728,63.45,88.32,111565.1,162,4,3,0.326,0.7751,0.3051,0.5233,0.4735,0
KM-125,65.67,65449,52.35,102.28,51583.3,45,4,0,0.6313,0.74,0.5737,0.9223,0.7051,0
KM-123,94.96,71072,41.83,53.26,34216.6,99,1,1,0.9517,0.9174,1.0,0.0,0.7624,0
KM-106,68.49,56073,41.39,69.27,146430.2,153,0,1,0.4691,0.6668,1.0,0.0,0.5309,0
KM-113,43.08,38662,74.5,68.93,117138.7,6,0,1,0.1856,0.416,0.009,0.0,0.1707,0
KM-110,29.45,38100,64.06,66.42,91940.8,177,2,2,0.1867,0.4887,0.3031,0.0,0.2481,0
KM-118,12.07,11458,44.13,97.26,6154.6,64,4,1,0.2146,0.1342,0.9309,0.7787,0.4506,0
KM-122,72.2,32751,64.63,57.69,109116.3,156,1,0,0.5713,0.2619,0.2489,0.0,0.3152,0
KM-111,36.43,78971,40.2,93.54,178579.1,83,1,2,0.1827,1.0,1.0,0.6725,0.6485,0
KM-114,37.5,74791,59.54,58.24,25046.5,164,6,1,0.4406,0.9839,0.4646,0.0,0.4931,1
KM-119,45.93,26702,42.46,101.1,38563.8,161,1,1,0.261,0.2728,1.0,0.8887,0.5373,0
KM-115,67.11,34566,52.53,59.64,35301.8,98,2,0,0.5504,0.284,0.6456,0.0,0.3928,1
KM-116,14.39,55733,40.14,84.1,84709.5,79,3,2,0.1707,0.7415,1.0,0.4028,0.5257,1
KM-109,38.43,41984,47.13,78.0,142834.3,70,1,0,0.1977,0.3802,0.8198,0.2286,0.3739,0
KM-114,61.25,28135,70.43,55.22,145758.6,52,0,2,0.3751,0.3686,0.078,0.0,0.239,0
KM-108,78.83,59650,56.64,64.53,32966.2,105,1,0,0.6714,0.6438,0.492,0.0,0.4944,0
KM-101,6.37,32266,48.46,48.99,43898.1,143,0,0,0.0041,0.2561,0.8761,0.0,0.2407,0
KM-106,9.5,29257,49.82,79.41,168953.2,31,1,0,0.059,0.2212,0.6537,0.269,0.2605,0
KM-119,75.65,79341,72.26,95.12,96994.5,10,3,0,0.7223,0.9877,0.015,0.7177,0.6463,0
KM-103,40.76,64889,74.44,73.4,179813.8,24,2,0,0.2662,0.7305,0.036,0.097,0.3024,0
KM-117,8.44,64256,65.94,52.68,170684.7,119,3,3,0.1571,0.9598,0.1785,0.0,0.3307,0
KM-119,66.94,76374,40.17,45.25,34558.1,142,2,1,0.5481,1.0,1.0,0.0,0.6418,1
KM-106,80.85,39250,67.19,96.52,58178.5,123,2,0,0.7536,0.3437,0.1845,0.7577,0.5381,0
KM-120,10.04,72318,60.91,73.08,58791.8,55,2,1,0.1101,0.9395,0.2459,0.0879,0.3402,1
KM-102,85.38,45784,58.31,69.39,111057.9,124,3,1,0.8789,0.5129,0.4536,0.0,0.5266,0
KM-116,50.37,68322,40.17,59.46,155244.2,152,0,0,0.2538,0.7892,1.0,0.0,0.4861,1
KM-121,6.5,77838,60.86,49.9,111931.1,138,1,0,0.0542,0.9597,0.3726,0.0,0.3334,0
KM-112,27.95,62087,40.37,67.89,130208.1,91,1,3,0.1281,0.9237,1.0,0.0,0.4758,0
KM-104,15.68,57050,51.79,88.44,157215.4,74,1,1,0.0746,0.6822,0.6394,0.527,0.4299,0
KM-108,74.94,79295,73.87,79.42,100732.0,129,1,2,0.6116,1.0,0.1935,0.2691,0.5566,0
KM-108,9.98,14057,55.4,96.52,171401.5,3,2,1,0.11,0.1537,0.3886,0.7578,0.3062,0
KM-122,31.5,73042,68.05,59.59,80610.3,110,2,0,0.1992,0.8724,0.165,0.0,0.3208,0
KM-112,81.65,65662,73.63,79.02,43026.8,146,4,0,0.8667,0.7436,0.219,0.2576,0.5846,0
KM-111,85.83,75081,44.4,92.72,26251.3,155,3,2,0.8866,1.0,1.0,0.6492,0.8902,1
KM-112,9.56,10409,64.12,92.57,41302.8,98,2,2,0.1091,0.2069,0.1824,0.645,0.2554,0
KM-113,66.49,55476,46.6,75.94,75272.5,168,2,2,0.5421,0.7375,0.988,0.1698,0.6056,0
KM-118,68.24,46493,65.71,88.61,80322.6,66,3,0,0.6157,0.443,0.099,0.5318,0.4524,1
KM-106,38.01,26108,51.79,77.43,104384.0,16,1,2,0.1945,0.3464,0.5526,0.2124,0.3077,1
KM-121,83.95,9305,57.32,94.44,65845.9,24,4,0,0.9048,0.0397,0.3432,0.6982,0.5349,1
KM-121,20.05,26896,43.11,62.38,93750.7,20,1,2,0.0902,0.3549,0.9054,0.0,0.3014,1
KM-104,19.99,37744,64.13,54.02,155557.9,74,1,0,0.09,0.3241,0.1458,0.0,0.1417,0
KM-116,45.79,25978,57.85,65.57,7226.3,49,0,0,0.2096,0.185,0.3596,0.0,0.1916,0
KM-104,33.46,53385,51.54,102.85,39097.1,36,0,2,0.112,0.7051,0.5924,0.9386,0.5217,0
KM-108,75.55,18913,57.17,103.34,146981.1,98,5,0,0.8207,0.1149,0.4601,0.9525,0.5985,0
KM-105,48.42,40307,55.73,98.27,103191.0,2,1,2,0.2844,0.5176,0.3738,0.8078,0.4653,0
KM-103,87.67,52167,52.88,90.35,100961.6,19,1,1,0.8186,0.6066,0.5133,0.5815,0.6571,0
KM-108,46.9,19890,53.63,55.5,166826.7,84,2,0,0.3199,0.124,0.5808,0.0,0.2591,0
KM-118,44.89,75743,45.98,104.62,112222.7,154,1,1,0.2515,1.0,0.9919,0.9892,0.7342,0
KM-107,93.55,60437,58.97,76.24,95145.3,56,1,0,0.9252,0.6566,0.3253,0.1782,0.5887,0
KM-124,21.51,43150,44.59,85.86,64416.2,120,1,1,0.0963,0.4761,0.9964,0.4531,0.4426,0
KM-108,52.08,18137,48.47,101.09,99749.8,115,4,1,0.4712,0.1879,0.8336,0.8884,0.5563,0
KM-123,59.64,57766,74.0,87.87,54889.0,63,0,0,0.3557,0.6136,0.0945,0.5105,0.3989,0
KM-116,68.76,21407,70.81,70.94,24763.8,112,0,0,0.4728,0.1384,0.168,0.0269,0.239,0
KM-105,93.89,57657,50.56,82.37,55986.7,162,2,2,0.9816,0.7718,0.8206,0.3534,0.7713,0
KM-104,37.37,17769,43.86,95.35,105298.6,87,4,2,0.3397,0.2647,0.976,0.7244,0.5251,0
KM-109,69.59,7531,48.03,62.51,136192.3,91,0,1,0.4843,0.1089,0.8151,0.0,0.3598,0
KM-112,62.5,13675,58.48,99.11,69524.3,29,2,1,0.4907,0.1507,0.3042,0.8318,0.4366,1
KM-122,33.5,67004,69.71,92.77,153361.4,66,0,1,0.1122,0.8465,0.099,0.6506,0.4008,1
KM-112,77.65,71808,46.19,101.62,111057.4,68,1,0,0.653,0.8504,0.8544,0.9033,0.7927,1
KM-103,60.72,15828,73.6,72.93,69933.7,78,1,2,0.4187,0.248,0.117,0.0838,0.2487,0
KM-117,41.75,70547,64.78,75.6,123673.5,162,0,1,0.1743,0.9081,0.2517,0.1601,0.3704,0
KM-116,22.48,77807,46.13,65.85,106781.6,87,1,1,0.1005,1.0,0.8854,0.0,0.4623,0
KM-121,53.06,37224,70.28,62.5,177554.7,28,1,2,0.3315,0.4774,0.042,0.0,0.2438,0
KM-118,45.3,2400,58.54,82.88,69521.0,57,4,1,0.4052,0.0852,0.344,0.3681,0.3055,0
KM-114,31.08,52466,56.59,92.31,170043.9,6,4,0,0.2966,0.5311,0.3455,0.6374,0.4332,1
KM-111,26.99,42456,59.41,56.63,147508.9,82,3,0,0.2228,0.3866,0.3466,0.0,0.244,1
KM-115,24.46,52835,62.17,95.37,63800.4,67,5,1,0.3098,0.6167,0.2138,0.7248,0.4503,1
KM-125,55.37,55268,66.03,90.59,76032.0,65,3,1,0.4566,0.6542,0.0975,0.5883,0.4605,1
KM-118,55.4,39319,56.6,88.88,161646.5,41,3,2,0.4569,0.5046,0.3973,0.5394,0.4734,1
KM-109,48.46,45636,50.73,47.64,178677.7,147,2,0,0.3348,0.4309,0.7914,0.0,0.3832,1
KM-125,77.32,39495,45.21,78.51,80289.9,103,1,1,0.6479,0.4269,0.9461,0.2433,0.5714,0
KM-106,50.36,61533,43.51,81.63,34674.2,116,2,1,0.3537,0.7546,1.0,0.3324,0.5789,0
KM-109,39.25,79760,40.36,45.42,23609.0,87,0,1,0.154,1.0,1.0,0.0,0.5039,0
KM-110,75.91,62150,62.86,88.14,97456.5,170,3,0,0.7263,0.6847,0.3407,0.5184,0.5972,0
KM-117,75.35,3950,50.19,58.52,105407.8,62,2,1,0.6678,0.091,0.6854,0.0,0.3936,0
KM-121,30.19,52601,43.96,65.05,71489.1,58,2,0,0.1911,0.5332,0.9286,0.0,0.3859,0
KM-104,30.67,56059,61.28,69.84,116139.6,157,1,0,0.144,0.5866,0.3843,0.0,0.2739,0
KM-118,31.94,22095,70.5,77.17,63935.6,112,3,0,0.252,0.1451,0.168,0.2048,0.1991,0
KM-125,56.0,15539,68.87,90.07,57447.5,97,1,1,0.3636,0.1656,0.1455,0.5733,0.3124,1
KM-120,67.44,64024,56.47,51.35,55192.9,16,3,2,0.6048,0.8759,0.3651,0.0,0.5037,1
KM-115,35.7,20267,49.15,97.97,150699.5,61,3,5,0.2774,0.5275,0.7255,0.7992,0.5339,0
KM-106,70.59,22105,72.1,45.08,166039.1,107,0,0,0.4982,0.1452,0.1605,0.0,0.2428,0
KM-101,31.4,64983,67.08,50.06,146973.0,48,0,0,0.0986,0.7321,0.072,0.0,0.2319,0
KM-118,80.6,77989,42.98,96.35,140009.3,145,1,0,0.6997,0.9625,1.0,0.7528,0.8361,1
KM-113,82.1,66744,63.45,48.26,106333.4,140,0,0,0.674,0.762,0.2721,0.0,0.4809,0
KM-108,17.93,33119,54.93,70.13,57595.3,13,3,1,0.1822,0.3464,0.4222,0.0037,0.2355,0
KM-117,85.49,42431,71.3,70.48,116266.8,61,1,1,0.7809,0.4663,0.0915,0.0137,0.4109,0
KM-101,61.32,39685,49.06,103.79,156569.1,160,2,0,0.476,0.3494,0.8776,0.9654,0.6225,0
KM-106,92.58,49392,66.88,69.33,138235.7,84,2,0,0.9571,0.4851,0.126,0.0,0.4815,0
KM-107,24.58,25790,62.08,67.51,24746.8,41,3,1,0.2104,0.263,0.1782,0.0,0.175,0
KM-122,54.66,31179,57.31,60.44,140336.5,169,2,0,0.3988,0.2433,0.5613,0.0,0.3127,1
KM-121,66.95,75469,68.4,62.48,113928.3,154,2,1,0.5483,0.9963,0.231,0.0,0.4872,1
KM-120,64.72,41720,48.91,92.39,152477.1,22,1,0,0.4689,0.3766,0.6766,0.6397,0.5215,0
KM-125,91.44,27936,63.27,45.3,151301.5,105,0,0,0.8362,0.2064,0.2265,0.0,0.3895,1
KM-106,9.79,32288,71.26,70.05,103936.4,55,1,1,0.0596,0.3364,0.0825,0.0015,0.1218,0
KM-111,63.13,59603,49.7,51.85,92650.0,62,1,3,0.4486,0.8831,0.705,0.0,0.5188,0
KM-109,71.52,1789,70.62,63.98,37387.2,12,2,0,0.6114,0.0033,0.018,0.0,0.2184,0
KM-110,42.77,52320,68.78,82.79,111291.6,76,1,1,0.233,0.6089,0.114,0.3656,0.3297,0
KM-108,32.86,2776,45.17,84.71,17711.3,111,1,1,0.158,0.0865,0.9596,0.4203,0.3529,0
KM-120,57.81,44328,68.38,45.91,53729.2,160,1,2,0.3842,0.5725,0.24,0.0,0.3256,0
KM-114,62.95,14757,50.93,68.33,46025.8,162,1,1,0.4463,0.1592,0.8057,0.0,0.3572,1
KM-105,92.57,57830,72.45,97.63,91933.7,99,1,0,0.9069,0.6146,0.1485,0.7894,0.6586,1
KM-119,41.32,22461,46.27,64.33,164833.5,151,0,0,0.1707,0.1488,0.9759,0.0,0.2921,0
KM-125,16.27,17784,42.54,52.23,25341.0,75,2,0,0.1265,0.1048,1.0,0.0,0.2705,0
KM-102,54.6,44544,45.52,77.37,141005.1,38,2,0,0.3981,0.4155,0.8362,0.2107,0.4526,1
KM-115,81.98,29444,55.83,78.45,61062.6,74,0,1,0.6721,0.3033,0.478,0.2414,0.4549,1
KM-120,21.4,61706,68.36,81.7,17645.3,65,3,2,0.1958,0.8374,0.0975,0.3342,0.3642,0
KM-111,55.46,77810,52.94,93.47,80809.9,153,2,1,0.4076,1.0,0.7121,0.6707,0.6692,0
KM-111,16.63,7047,73.61,67.93,73574.9,56,3,0,0.1777,0.0261,0.084,0.0,0.0855,0
KM-114,63.59,79642,45.32,45.73,8988.3,108,1,1,0.4544,1.0,0.9491,0.0,0.5989,0
KM-118,92.93,53323,74.2,103.26,105814.9,12,0,2,0.8637,0.7042,0.018,0.9504,0.672,0
KM-111,24.7,13042,59.28,75.84,43101.3,165,4,0,0.261,0.0658,0.4763,0.1668,0.2364,0
KM-121,75.73,17751,58.12,55.82,53000.4,144,0,0,0.5735,0.1045,0.4914,0.0,0.3251,0
KM-119,8.0,31659,71.42,102.67,88717.7,73,0,0,0.0064,0.2489,0.1095,0.9335,0.2731,0
KM-105,83.23,21454,57.61,56.22,45492.4,155,0,1,0.6927,0.2189,0.528,0.0,0.4028,0
KM-111,28.45,6233,50.62,67.21,161314.8,175,2,0,0.1809,0.0217,0.8377,0.0,0.2363,0
KM-115,39.85,5970,44.71,55.0,107975.9,99,0,1,0.1588,0.1004,0.9602,0.0,0.2727,0
KM-116,90.92,8912,73.54,50.22,101382.5,144,3,0,0.9766,0.0372,0.216,0.0,0.3943,0
KM-113,33.56,40220,57.66,59.64,128622.3,67,2,1,0.2126,0.4365,0.3939,0.0,0.2623,0
KM-117,62.63,11344,54.94,60.03,127373.4,161,3,0,0.5423,0.0534,0.6438,0.0,0.3319,0
KM-115,93.85,17352,57.19,56.14,151110.8,4,0,0,0.8807,0.101,0.3183,0.0,0.3972,0
KM-120,8.51,69602,66.82,100.86,82183.0,89,1,1,0.0572,0.8915,0.1335,0.8816,0.4459,0
KM-112,77.84,28579,43.15,70.84,84755.1,170,3,2,0.7559,0.3735,1.0,0.0241,0.5628,1
KM-109,57.01,46780,54.72,46.88,174065.6,71,3,0,0.475,0.4472,0.5179,0.0,0.3816,0
KM-108,31.26,45686,74.96,49.23,16151.6,77,0,0,0.0977,0.4316,0.1155,0.0,0.1652,0
KM-104,53.71,38037,60.51,46.73,154136.7,108,0,2,0.2885,0.4878,0.3415,0.0,0.2912,0
KM-107,73.26,12064,48.24,97.78,98455.7,54,3,1,0.6868,0.1386,0.7513,0.7937,0.584,1
KM-105,45.99,40655,68.09,91.57,27220.6,123,2,0,0.3115,0.3623,0.1845,0.6162,0.3597,0
KM-123,17.39,22932,61.24,87.03,33813.4,57,1,1,0.0802,0.2335,0.236,0.4865,0.2309,0
KM-125,82.78,49372,46.18,61.38,13101.6,150,2,1,0.7853,0.5648,0.9777,0.0,0.6116,0
KM-116,35.03,25447,46.27,79.71,86726.6,81,3,1,0.2727,0.2594,0.8705,0.2774,0.3899,1
KM-101,74.55,5519,58.56,83.05,31995.3,131,2,2,0.6558,0.1781,0.4542,0.3729,0.4395,0
KM-104,88.77,46310,68.04,104.84,138504.8,27,1,2,0.838,0.6004,0.0405,0.9955,0.6506,1
KM-102,33.34,64768,44.09,58.6,26043.1,173,2,0,0.2111,0.7285,1.0,0.0,0.456,1
KM-122,49.81,65666,48.72,87.58,155494.3,128,1,1,0.2981,0.8237,0.8431,0.5023,0.5793,1
KM-105,73.38,11744,71.86,96.96,108874.3,100,1,2,0.5885,0.2162,0.15,0.7702,0.4441,0
KM-105,61.0,48687,70.02,92.89,43822.5,141,1,1,0.4221,0.5548,0.2115,0.6541,0.4595,1
KM-102,82.02,69458,74.45,83.98,28207.7,61,1,1,0.7227,0.889,0.0915,0.3995,0.5734,0
KM-111,80.07,38132,72.87,97.48,112352.9,43,1,1,0.6912,0.4091,0.0645,0.7853,0.5141,0
KM-118,67.11,46634,40.26,83.78,92428.5,117,6,0,0.7504,0.4451,1.0,0.3938,0.6526,0
KM-116,46.56,35208,48.84,49.15,131807.0,160,1,1,0.2668,0.372,0.8865,0.0,0.3637,0
KM-108,88.73,18254,51.87,72.53,159161.9,30,2,1,0.8873,0.189,0.5704,0.0723,0.4863,0
KM-122,18.23,41030,47.36,56.92,12800.8,8,3,1,0.1832,0.4473,0.7175,0.0,0.3195,0
KM-111,84.25,10442,47.02,88.42,129606.8,77,2,1,0.8098,0.1272,0.8346,0.5264,0.5874,1
KM-120,66.91,8108,55.11,57.31,64147.8,172,0,0,0.4477,0.0323,0.6537,0.0,0.2955,1
KM-102,40.99,24625,63.66,69.28,12819.3,167,1,0,0.218,0.1708,0.3041,0.0,0.1798,1
KM-104,15.71,2117,61.22,65.57,120284.2,10,2,0,0.1247,0.0043,0.1662,0.0,0.078,0
KM-110,13.43,66321,44.71,88.44,143012.5,163,1,0,0.068,0.7548,1.0,0.5268,0.5179,0
KM-120,71.33,27915,49.98,67.13,123451.8,135,0,0,0.5088,0.2061,0.8032,0.0,0.3903,0
KM-108,44.92,37339,46.82,49.63,34314.5,78,0,0,0.2018,0.3189,0.8443,0.0,0.3192,1
KM-107,19.26,31422,45.33,64.65,104496.2,162,0,3,0.0371,0.4862,1.0,0.0,0.3345,1
KM-113,7.95,30439,62.51,65.22,72215.0,19,2,1,0.1063,0.3147,0.128,0.0,0.1415,0
KM-109,15.64,40694,74.05,54.94,6267.0,60,7,3,0.3745,0.6028,0.09,0.0,0.2998,0
KM-107,63.49,35765,56.3,71.2,161425.3,153,2,1,0.503,0.3789,0.5775,0.0342,0.3931,0
KM-119,26.8,13111,48.87,57.43,78076.2,179,1,0,0.1218,0.0663,0.9137,0.0,0.242,1
KM-113,69.89,49791,62.13,87.4,5379.4,67,1,1,0.5385,0.571,0.2153,0.4972,0.4737,1
KM-109,84.06,17570,61.53,63.33,98496.7,16,1,0,0.7566,0.1029,0.1626,0.0,0.3231,0
KM-108,36.92,41319,73.92,48.18,105174.6,104,1,1,0.1863,0.4512,0.156,0.0,0.2092,0
KM-109,70.44,32222,52.35,48.35,159860.9,41,1,0,0.5462,0.2556,0.5677,0.0,0.3686,0
KM-118,84.07,23754,63.26,50.01,155158.9,135,5,0,0.9568,0.1618,0.2722,0.0,0.4298,0
KM-103,32.72,51298,52.81,85.9,63864.3,56,1,0,0.157,0.5135,0.5714,0.4543,0.3885,1
KM-123,93.81,20289,50.46,60.95,140172.2,12,0,3,0.88,0.3677,0.5995,0.0,0.5198,0
KM-107,74.64,71528,67.4,79.37,80747.4,81,1,0,0.6071,0.8454,0.1215,0.2676,0.5016,0
KM-109,22.49,74329,44.47,73.59,83040.8,105,1,1,0.1006,0.9756,0.9786,0.1025,0.4953,0
KM-120,56.2,10602,74.24,64.02,69563.9,103,1,1,0.3658,0.1282,0.1545,0.0,0.191,0
KM-112,73.63,38664,47.87,49.72,79696.2,98,6,0,0.8421,0.336,0.8323,0.0,0.5452,0
KM-109,27.25,21806,61.96,67.94,49725.1,82,2,1,0.1742,0.2223,0.2448,0.0,0.1655,0
KM-113,46.2,11848,64.93,68.81,78593.1,133,3,0,0.3634,0.057,0.2025,0.0,0.1819,0
KM-121,37.0,49068,51.62,46.02,36100.9,16,0,2,0.1369,0.6404,0.5593,0.0,0.3199,0
KM-125,90.03,67566,47.27,95.28,52424.4,121,0,1,0.8106,0.8562,0.8909,0.7224,0.8204,1
KM-105,85.92,11559,42.99,61.46,65524.2,164,3,0,0.8882,0.0549,1.0,0.0,0.5246,0
KM-123,47.8,43602,68.05,74.35,99589.7,56,1,0,0.2785,0.4024,0.084,0.1242,0.2397,0
KM-105,70.49,5785,61.16,63.02,149748.0,148,1,1,0.5469,0.0994,0.3757,0.0,0.2914,1
KM-120,49.07,38762,65.05,75.41,8892.5,20,3,1,0.3908,0.4173,0.03,0.1545,0.278,0
KM-108,10.41,46286,71.11,51.39,17407.6,57,2,3,0.1108,0.6801,0.0855,0.0,0.2259,0
KM-102,41.7,33784,54.23,76.69,141691.4,26,1,0,0.2239,0.2744,0.4697,0.1911,0.2791,1
KM-105,93.54,47059,73.23,50.57,164364.3,59,3,4,1.0,0.7712,0.0885,0.0,0.5605,1
KM-105,11.28,38485,60.58,61.13,84638.4,150,0,1,0.0127,0.4137,0.4017,0.0,0.1882,0
KM-124,83.55,32342,43.25,65.91,129802.6,87,1,1,0.748,0.337,1.0,0.0,0.5461,1
KM-115,17.81,14410,72.37,88.91,42003.5,21,1,1,0.0817,0.1564,0.0315,0.5402,0.1821,1
KM-124,31.64,58620,57.88,78.0,34008.7,116,0,1,0.1001,0.7072,0.4587,0.2287,0.3493,0
KM-122,78.62,52272,71.39,86.12,11210.2,65,2,1,0.718,0.6082,0.0975,0.4606,0.515,0
KM-120,71.89,32809,61.82,55.15,169848.4,28,1,0,0.5668,0.2626,0.1694,0.0,0.2979,0
KM-119,37.62,58835,43.8,88.86,95359.3,174,2,0,0.2415,0.6307,1.0,0.5388,0.55,0
KM-114,17.83,19702,63.71,67.07,137240.6,86,1,1,0.0818,0.2022,0.1806,0.0,0.1153,0
KM-111,91.31,19840,55.18,49.53,25468.2,107,2,0,0.9338,0.1235,0.5534,0.0,0.4684,0
KM-112,19.75,64884,58.67,64.85,76303.7,80,1,0,0.089,0.7304,0.3733,0.0,0.2884,0
KM-107,72.46,68251,58.09,89.35,29141.0,55,0,0,0.5251,0.788,0.3589,0.5528,0.5631,1
KM-123,15.31,9552,50.72,66.94,133555.7,29,1,2,0.0734,0.2013,0.6145,0.0,0.1989,0
KM-117,80.86,10998,52.66,91.52,38840.9,77,1,1,0.7038,0.131,0.6092,0.615,0.5239,1
KM-102,38.06,41979,41.82,50.22,160088.6,74,2,0,0.2448,0.3801,1.0,0.0,0.3807,0
KM-110,66.33,15414,55.64,90.87,7248.3,18,2,0,0.54,0.0846,0.4013,0.5963,0.4097,0
KM-104,58.36,25301,50.02,83.85,61954.5,45,3,0,0.4906,0.1779,0.6669,0.3958,0.4287,0
KM-107,47.84,60623,59.03,104.22,72023.4,49,1,2,0.2788,0.8197,0.3122,0.9776,0.5605,1
KM-109,12.25,72139,59.28,101.23,91300.1,90,0,1,0.015,0.9363,0.364,0.8922,0.4906,0
KM-123,59.15,17681,50.54,75.14,17834.5,127,2,2,0.4498,0.2639,0.7688,0.1469,0.4066,0
KM-106,64.68,78619,49.32,103.6,118495.8,42,2,1,0.5183,1.0,0.6902,0.9599,0.7615,0
KM-107,62.35,69014,58.79,79.48,149948.8,48,1,1,0.4388,0.8813,0.3205,0.2708,0.4922,0
KM-105,36.34,41572,41.19,99.27,34449.1,86,1,1,0.182,0.4546,1.0,0.8364,0.5446,1
KM-110,93.88,70652,52.99,77.06,51704.5,146,2,1,0.9813,0.9099,0.6995,0.2017,0.7512,0
KM-109,77.58,46017,42.88,85.69,130291.7,116,1,0,0.6519,0.4363,1.0,0.4482,0.6269,1
KM-105,33.36,32705,48.35,63.56,162169.1,99,0,2,0.1113,0.4214,0.8144,0.0,0.3072,0
KM-120,14.21,2562,68.79,59.0,117642.6,128,1,1,0.0702,0.0857,0.192,0.0,0.0844,0
KM-102,67.29,66839,53.57,67.81,84680.6,10,6,0,0.7528,0.7637,0.4723,0.0,0.5489,0
KM-102,23.14,20032,42.19,47.08,40316.5,131,2,0,0.1536,0.1253,1.0,0.0,0.2851,0
KM-107,12.06,72962,49.38,45.99,44668.6,134,3,1,0.1645,0.951,0.8256,0.0,0.4605,0
KM-119,75.09,12408,67.98,84.7,144926.4,67,3,0,0.7139,0.0611,0.1005,0.42,0.3692,0
KM-116,38.89,62000,47.46,88.47,105629.8,27,0,0,0.1513,0.6823,0.7421,0.5278,0.4775,0
KM-109,47.5,4132,45.85,91.22,128281.3,20,2,2,0.3257,0.1717,0.7962,0.6062,0.4374,1
KM-121,48.0,53295,51.03,76.17,152018.3,26,1,0,0.2804,0.5437,0.5978,0.1762,0.3889,0
KM-105,59.53,13762,54.62,101.76,87345.1,164,2,1,0.4544,0.1513,0.6613,0.9074,0.5106,0
KM-118,62.05,34763,74.58,69.06,78432.3,29,1,0,0.4351,0.2864,0.0435,0.0,0.2326,1
KM-116,54.46,46454,48.36,50.99,45284.5,19,3,4,0.4466,0.7625,0.6942,0.0,0.4858,0
KM-104,5.94,24891,62.33,58.69,170867.8,151,3,0,0.1535,0.1736,0.3333,0.0,0.1638,0
KM-101,19.41,14766,59.64,48.69,150707.0,44,1,0,0.0877,0.0793,0.2803,0.0,0.1066,0
KM-122,64.78,67973,43.83,47.61,61102.9,126,2,0,0.5196,0.7832,1.0,0.0,0.5777,0
KM-112,54.74,20131,54.7,91.55,150756.1,124,1,2,0.3497,0.2862,0.5979,0.6158,0.4367,1
KM-113,70.88,38252,58.9,93.42,31860.9,49,3,2,0.6524,0.4906,0.3175,0.6692,0.5484,0
KM-111,80.15,70938,44.69,69.78,115946.0,23,0,1,0.6424,0.915,0.8471,0.0,0.623,0
KM-112,37.39,23624,52.28,74.53,47470.9,152,1,0,0.1898,0.1605,0.7368,0.1294,0.2798,0
KM-102,42.85,30014,59.21,45.78,96363.5,164,2,0,0.2836,0.2298,0.4775,0.0,0.2522,1
KM-115,16.19,56562,50.67,64.5,154148.5,82,1,0,0.0762,0.5945,0.6962,0.0,0.3145,0
KM-112,71.34,63724,74.21,89.71,54889.7,73,0,1,0.5089,0.7909,0.1095,0.563,0.5103,1
KM-101,56.15,21168,57.86,74.92,57246.2,8,0,0,0.3153,0.1361,0.2975,0.1405,0.232,0
KM-103,83.59,72943,60.25,94.18,168258.2,160,2,1,0.7987,0.9506,0.4299,0.691,0.7414,0
KM-107,40.75,6373,62.27,92.86,106146.8,57,3,0,0.3161,0.0225,0.1945,0.653,0.2857,0
KM-117,88.29,66967,41.11,58.76,135636.4,23,1,1,0.8296,0.8459,0.9901,0.0,0.6998,0
KM-117,74.21,26805,51.24,56.83,158585.7,17,2,0,0.6508,0.1939,0.5759,0.0,0.3914,0
KM-104,72.95,13346,45.22,56.23,141377.4,148,2,0,0.6322,0.0681,1.0,0.0,0.4383,0
KM-104,41.06,37616,46.89,65.31,170416.3,59,3,0,0.3186,0.3224,0.8129,0.0,0.3547,0
KM-125,73.12,51669,40.48,87.68,40910.6,168,1,0,0.5847,0.5191,1.0,0.5051,0.6354,0
KM-108,7.2,54292,58.47,78.15,54052.5,87,1,1,0.0552,0.6391,0.3917,0.2329,0.304,0
KM-108,12.49,8013,74.28,99.3,113729.6,120,0,0,0.0156,0.0317,0.18,0.837,0.2168,1
KM-108,79.91,59617,57.93,51.75,51615.2,118,2,0,0.7386,0.6433,0.4597,0.0,0.5113,0
KM-112,19.16,12619,68.26,92.37,8123.0,62,1,2,0.0867,0.2226,0.093,0.6392,0.2324,0
KM-116,65.41,22934,55.01,63.04,99975.4,148,1,0,0.4779,0.1535,0.6215,0.0,0.3299,0
KM-110,29.71,24507,66.18,56.07,91402.1,71,3,0,0.2382,0.1696,0.1065,0.0,0.1471,0
KM-110,88.56,60915,73.44,71.2,59902.5,49,1,2,0.8344,0.8244,0.0735,0.0342,0.5197,1
KM-123,81.56,34828,67.38,103.27,137983.1,64,0,1,0.6652,0.3672,0.096,0.9507,0.534,1
KM-116,43.85,74743,62.53,97.31,156544.6,46,0,0,0.1923,0.9031,0.1677,0.7803,0.4827,1
KM-101,85.1,23339,62.22,66.02,115501.8,168,0,0,0.7243,0.1576,0.3632,0.0,0.3655,0
KM-116,26.34,9765,58.42,53.17,131045.8,122,2,1,0.1694,0.1226,0.4462,0.0,0.1792,0
KM-107,81.15,1442,62.34,47.75,136413.4,109,1,2,0.7085,0.1624,0.2697,0.0,0.3425,0
KM-103,12.34,22815,41.09,46.59,162528.7,46,3,1,0.1652,0.2323,1.0,0.0,0.3159,0
KM-117,86.64,27852,74.96,64.14,13068.2,104,1,0,0.8006,0.2054,0.156,0.0,0.3628,0
KM-101,20.0,64077,51.23,79.73,138519.5,26,1,1,0.09,0.7968,0.59,0.278,0.4043,0
KM-101,62.23,44127,74.26,50.87,61394.2,94,2,0,0.4872,0.4097,0.141,0.0,0.3011,0
KM-111,14.55,10238,72.97,97.43,47514.0,171,3,0,0.1712,0.0458,0.2565,0.7837,0.2794,0
KM-124,21.69,27088,48.36,97.22,175436.0,50,4,1,0.247,0.277,0.7406,0.7778,0.4594,1
KM-122,22.53,13878,45.86,86.07,11641.4,47,3,0,0.2007,0.0723,0.836,0.4592,0.3474,0
KM-103,55.06,39158,59.62,78.15,21005.0,162,3,2,0.4532,0.5024,0.4584,0.2328,0.4225,0
KM-125,45.68,28260,63.93,48.68,94451.4,88,0,1,0.2087,0.29,0.1749,0.0,0.1805,0
KM-118,92.4,39241,53.47,95.49,96007.6,83,1,0,0.9037,0.3435,0.5856,0.7282,0.6649,0
KM-116,8.44,41768,67.28,49.53,47036.3,111,1,0,0.0571,0.3773,0.1665,0.0,0.1476,0
KM-122,55.9,10857,44.69,68.54,64898.9,35,1,2,0.3625,0.21,0.8651,0.0,0.3524,0
KM-106,48.69,32841,69.38,87.01,56609.1,155,0,2,0.2371,0.423,0.2325,0.486,0.3324,0
KM-114,31.88,16844,65.59,74.85,38179.6,76,3,1,0.2516,0.1766,0.114,0.1387,0.1828,0
KM-122,23.19,23913,70.87,84.01,124800.8,140,0,1,0.0538,0.2434,0.21,0.4004,0.2018,0
KM-113,23.07,23567,54.7,103.44,47308.3,113,2,5,0.1532,0.5599,0.5816,0.9555,0.501,0
KM-124,48.6,46459,41.77,91.29,159862.9,98,2,1,0.3362,0.5226,1.0,0.6083,0.57,1
KM-101,21.05,51289,51.2,62.36,24774.7,148,1,0,0.0943,0.5133,0.7739,0.0,0.3161,0
KM-111,31.02,28203,44.46,72.33,116941.5,97,0,0,0.0962,0.2093,0.9672,0.0667,0.2928,0
KM-118,35.5,62339,71.46,92.77,40249.6,43,1,2,0.176,0.8479,0.0645,0.6505,0.4166,0
KM-124,61.69,15940,65.72,45.4,108871.8,139,2,0,0.4806,0.0889,0.2085,0.0,0.2321,1
KM-110,44.52,41658,53.07,79.61,178268.1,114,1,0,0.2482,0.3758,0.6482,0.2745,0.3654,1
KM-113,72.96,12802,59.49,104.8,95810.0,160,1,1,0.5823,0.144,0.4603,0.9943,0.5307,0
KM-114,69.55,78757,63.88,97.7,37528.2,140,3,0,0.6337,0.9768,0.2548,0.7915,0.6752,1
KM-119,64.95,18522,61.35,95.89,48884.6,9,0,1,0.4219,0.1914,0.1595,0.7397,0.3754,0
KM-119,42.68,75535,44.1,70.64,81509.6,61,1,1,0.2322,0.9975,0.9273,0.0182,0.5197,1
KM-123,89.24,61136,68.21,78.15,147833.9,154,3,0,0.9464,0.6681,0.231,0.2329,0.5911,0
KM-117,68.69,61770,43.52,53.88,173562.6,72,3,1,0.6218,0.7585,0.9672,0.0,0.6007,0
KM-123,57.3,57831,69.14,58.92,122253.1,119,0,1,0.3283,0.6946,0.1785,0.0,0.3243,1
KM-115,5.54,5989,46.66,63.73,57092.7,108,0,0,0.0031,0.0205,0.8955,0.0,0.1853,0
KM-102,75.21,58490,67.54,55.13,99330.6,145,3,0,0.7156,0.6252,0.2175,0.0,0.4502,1
KM-102,57.45,42132,70.63,99.07,146315.1,105,2,0,0.43,0.3822,0.1575,0.8305,0.4437,1
KM-121,18.91,46775,71.76,103.26,31334.3,23,1,0,0.0858,0.4471,0.0345,0.9504,0.3388,0
KM-116,46.53,22992,52.75,77.3,111341.4,169,2,0,0.3165,0.1541,0.7433,0.2085,0.3397,0
KM-109,26.0,48601,57.48,58.81,68031.4,19,3,1,0.2176,0.5535,0.3295,0.0,0.2804,0
KM-120,15.17,7547,42.73,79.24,124658.3,141,0,0,0.023,0.029,1.0,0.264,0.2681,0
KM-111,21.03,64493,45.28,93.06,173154.5,98,2,3,0.1442,0.9638,0.9359,0.6588,0.6104,0
KM-108,76.41,79848,58.41,70.96,37990.4,47,1,2,0.6339,1.0,0.334,0.0275,0.5441,1
KM-122,26.74,37366,70.24,82.78,42168.8,31,2,0,0.1715,0.3192,0.0465,0.3652,0.2222,1
KM-119,40.48,63853,40.58,58.02,96630.3,55,2,0,0.2639,0.7131,1.0,0.0,0.4706,0
KM-116,48.51,12950,55.13,101.54,70036.0,35,0,0,0.2353,0.0651,0.4474,0.9012,0.3684,0
KM-108,27.02,66428,68.51,73.21,46064.4,18,0,0,0.073,0.7566,0.027,0.0918,0.2385,0
KM-124,40.29,31789,46.44,89.09,20606.1,179,0,0,0.1623,0.2505,1.0,0.5456,0.4285,0
KM-110,25.82,64674,67.23,74.36,22138.4,135,1,0,0.1167,0.7269,0.2025,0.1246,0.288,0
KM-113,60.6,12502,47.14,58.31,68857.5,18,4,0,0.5672,0.0618,0.7415,0.0,0.3623,0
KM-106,17.51,71400,45.83,104.05,115741.6,106,1,0,0.0807,0.8432,0.9259,0.973,0.6188,0
KM-117,13.44,27599,42.6,95.71,28887.7,119,1,2,0.0681,0.3626,1.0,0.7345,0.4614,0
KM-118,90.29,40266,62.39,54.3,143806.6,137,0,5,0.8152,0.7571,0.3099,0.0,0.5366,0
KM-110,66.32,1637,41.09,63.22,76423.0,80,0,0,0.4398,0.0029,1.0,0.0,0.3547,0
KM-102,5.52,60645,55.93,103.87,176255.3,29,1,1,0.053,0.74,0.4063,0.9677,0.4784,0
KM-125,55.51,41216,42.55,68.22,166009.6,103,1,2,0.3582,0.5298,1.0,0.0,0.4578,0
KM-120,28.85,51703,65.23,76.74,95329.2,17,3,0,0.2332,0.5196,0.0255,0.1925,0.2551,0
KM-110,37.9,19453,55.0,53.34,142199.8,157,0,0,0.1437,0.1199,0.6355,0.0,0.2074,0
KM-113,94.78,22119,40.44,61.6,170819.8,149,2,2,0.9984,0.3054,1.0,0.0,0.6258,0
KM-113,34.41,58706,56.73,81.21,13912.0,127,0,0,0.1184,0.6286,0.5211,0.3203,0.3669,0
KM-112,69.63,36920,64.72,62.78,76925.6,109,2,1,0.5848,0.3935,0.1748,0.0,0.338,0
KM-112,75.13,13652,49.46,87.92,140161.0,168,5,1,0.8145,0.1505,0.8737,0.5121,0.5999,0
KM-123,49.08,41811,41.96,65.6,169607.9,126,1,1,0.2909,0.4578,1.0,0.0,0.4163,0
KM-107,43.85,42451,60.89,69.58,109428.3,35,3,2,0.3423,0.5465,0.2168,0.0,0.2998,0
KM-101,21.65,50550,48.79,77.58,24790.0,28,0,1,0.0469,0.5823,0.6903,0.2165,0.3433,0
KM-103,46.48,69304,64.94,70.23,72168.6,95,0,1,0.216,0.8863,0.1449,0.0067,0.3275,0
KM-124,44.26,78238,67.28,91.38,69211.4,79,0,0,0.1959,0.9671,0.1185,0.6108,0.4562,0
KM-104,65.31,17695,50.57,99.08,113875.5,22,4,1,0.6266,0.184,0.6101,0.8309,0.5535,0
KM-117,20.1,57795,58.95,77.44,144889.8,114,1,0,0.0904,0.614,0.4132,0.2126,0.3103,0
KM-111,64.14,43790,41.65,99.14,128726.8,110,0,0,0.4114,0.405,1.0,0.8327,0.6118,0
KM-105,65.79,54151,67.26,69.05,47051.9,178,2,0,0.5329,0.5569,0.267,0.0,0.3791,1
KM-104,51.97,73465,53.5,94.38,134879.0,111,1,0,0.3201,0.88,0.6267,0.6964,0.5967,0
KM-107,5.86,66769,46.56,76.94,161306.0,132,1,1,0.0534,0.8425,0.9357,0.1982,0.4561,1
KM-121,19.2,65838,51.23,70.83,21646.9,82,1,0,0.0868,0.7466,0.6737,0.0238,0.3565,0
KM-111,47.32,76394,60.68,93.89,32940.0,4,2,3,0.324,1.0,0.1788,0.6826,0.5357,0
KM-113,33.68,12719,71.68,85.44,48788.3,85,4,2,0.3134,0.2234,0.1275,0.441,0.2793,0
KM-107,46.71,9276,62.18,70.21,86408.4,27,1,1,0.2682,0.1195,0.1535,0.0059,0.1556,0
KM-113,89.92,40840,68.54,96.79,9877.3,51,1,1,0.8585,0.4447,0.0765,0.7656,0.5801,1
KM-121,74.75,53033,63.71,45.59,174802.0,58,2,3,0.6588,0.7797,0.1388,0.0,0.4533,1
KM-118,24.87,2679,53.29,53.48,142437.2,62,0,1,0.0619,0.0861,0.5615,0.0,0.1555,0
KM-108,11.03,42023,51.52,72.03,87737.1,86,0,1,0.0122,0.4607,0.6683,0.058,0.2647,1
KM-104,49.26,25344,69.71,45.52,174566.7,77,0,3,0.2426,0.4183,0.1155,0.0,0.2126,0
KM-122,86.68,30949,60.35,56.89,38900.0,35,2,0,0.8514,0.2406,0.2387,0.0,0.4059,0
KM-124,79.54,37869,67.49,87.91,123485.0,55,1,0,0.6827,0.3257,0.0825,0.5117,0.4392,0
KM-103,72.23,51510,71.37,67.95,175549.5,155,1,0,0.5716,0.5167,0.2325,0.0,0.3757,0
KM-122,87.05,6699,73.33,104.94,157465.3,140,0,1,0.7578,0.1042,0.21,0.9982,0.533,1
KM-110,54.18,2511,66.93,80.17,135685.3,114,3,2,0.4435,0.1656,0.171,0.2906,0.289,0
KM-122,89.41,30497,48.01,83.6,151731.7,107,1,0,0.8494,0.2354,0.84,0.3887,0.6019,1
KM-124,58.89,16566,56.84,85.79,12650.8,127,4,2,0.5468,0.2542,0.5168,0.4513,0.4486,0
KM-108,44.77,71664,56.1,56.07,135569.5,102,2,0,0.3004,0.8478,0.5092,0.0,0.4189,0
KM-124,41.29,58652,66.4,54.05,112404.6,27,2,1,0.2705,0.7078,0.0405,0.0,0.2797,0
KM-112,28.4,16668,57.7,48.51,97306.6,147,0,0,0.0807,0.0951,0.5124,0.0,0.1545,0
KM-123,34.46,19989,73.52,88.46,151915.3,149,3,1,0.2688,0.2049,0.2235,0.5273,0.2955,0
KM-104,66.78,66302,54.09,96.57,172346.4,59,1,0,0.496,0.7545,0.5247,0.7592,0.619,0
KM-121,53.54,25860,61.03,75.51,119454.1,45,3,1,0.4367,0.2638,0.2263,0.1575,0.2956,1
KM-120,7.56,63123,54.09,95.58,118763.2,135,1,0,0.0557,0.7009,0.6388,0.7309,0.4687,0
KM-111,78.93,57965,57.04,97.39,148114.2,122,0,0,0.6229,0.6168,0.5012,0.7826,0.629,1
KM-116,66.59,44477,57.17,49.01,132688.7,119,4,1,0.6434,0.4945,0.4917,0.0,0.4472,0
KM-105,93.82,68724,73.49,97.9,42131.5,87,0,1,0.8803,0.8762,0.1305,0.7972,0.7127,0
KM-124,9.54,64016,41.25,98.07,145756.7,132,1,1,0.0591,0.7958,1.0,0.8019,0.58,0
KM-108,89.73,51276,53.81,98.52,97239.1,41,2,0,0.9052,0.5131,0.5093,0.8149,0.7099,1
KM-113,24.47,52660,74.92,60.22,22735.5,76,1,0,0.1099,0.5341,0.114,0.0,0.1948,0
KM-116,5.44,56688,48.7,75.71,112976.5,156,1,2,0.053,0.7565,0.886,0.1632,0.4175,0
KM-106,32.11,24446,41.18,103.08,171142.3,41,4,3,0.3031,0.4089,1.0,0.945,0.5973,1
KM-123,46.17,3100,58.62,90.01,105039.3,68,0,0,0.2131,0.0076,0.3572,0.5718,0.2623,1
KM-105,81.88,66072,72.92,56.61,160122.5,64,2,0,0.7704,0.7506,0.096,0.0,0.4765,1
KM-122,72.61,4838,73.33,66.38,19413.0,123,1,0,0.5772,0.0149,0.1845,0.0,0.2427,0
KM-101,61.67,34022,72.21,83.37,13569.6,38,0,0,0.3803,0.2773,0.057,0.3819,0.2902,0
KM-123,9.13,3553,47.72,47.57,106442.9,159,0,0,0.0083,0.0094,0.9295,0.0,0.1912,0
KM-111,28.51,11260,43.34,59.93,167355.7,38,1,3,0.1313,0.2928,0.9232,0.0,0.3038,0
KM-102,31.85,31537,45.27,78.45,89458.5,126,0,0,0.1014,0.2475,0.9783,0.2415,0.3413,1
KM-120,49.84,21271,71.66,48.18,34818.5,118,0,0,0.2484,0.1371,0.177,0.0,0.1566,0
KM-124,47.92,14712,58.94,80.35,112523.9,160,2,1,0.3296,0.1589,0.4825,0.2957,0.3107,1
KM-115,59.32,39051,72.81,62.83,21379.1,13,0,0,0.3519,0.341,0.0195,0.0,0.2123,0
KM-123,91.57,40270,47.86,50.61,169897.4,89,0,1,0.8385,0.4371,0.819,0.0,0.5666,0
KM-112,11.08,7803,67.17,67.06,122141.9,163,2,0,0.1123,0.0305,0.2445,0.0,0.0958,0
KM-101,27.93,23886,44.95,85.99,94271.6,2,3,0,0.228,0.1631,0.8052,0.457,0.373,0
KM-109,84.99,46936,47.11,96.86,36474.3,60,1,0,0.7724,0.4494,0.8055,0.7673,0.6973,0
KM-114,88.79,65283,41.56,51.95,14032.7,53,2,0,0.8884,0.7372,1.0,0.0,0.6952,1
KM-102,49.03,69193,64.37,63.63,146070.0,174,0,2,0.2404,0.9644,0.2863,0.0,0.3825,0
KM-113,45.02,76064,60.02,86.31,113116.0,122,1,0,0.2527,0.9271,0.3824,0.4659,0.4899,0
KM-121,44.26,66029,63.76,73.0,123669.1,60,3,1,0.3459,0.8298,0.1395,0.0858,0.3736,0
KM-114,76.54,78357,58.88,64.35,130823.5,95,3,0,0.7359,0.9694,0.3875,0.0,0.5774,0
KM-101,87.91,49789,53.82,76.34,28076.7,168,1,2,0.8229,0.651,0.6992,0.1813,0.6268,1
KM-113,90.98,12674,63.89,67.13,79237.4,165,1,2,0.8777,0.2231,0.2918,0.0,0.4213,1
KM-125,61.02,34597,65.24,61.31,75584.1,143,1,0,0.4223,0.2844,0.2145,0.0,0.2618,1
KM-104,5.57,44134,59.99,97.13,173260.7,66,0,0,0.0031,0.4098,0.2994,0.7752,0.3184,0
KM-121,92.94,68619,40.36,75.97,34037.9,165,2,2,0.9639,0.9544,1.0,0.1707,0.8101,1
KM-103,90.9,58420,70.72,59.47,83844.7,4,1,0,0.8764,0.624,0.006,0.0,0.4639,1
KM-111,90.61,44385,48.24,95.45,166590.6,10,3,0,0.971,0.4133,0.6855,0.7271,0.7257,1
KM-111,64.64,52810,74.76,80.89,42553.9,125,4,0,0.6179,0.5363,0.1875,0.311,0.45,0
KM-106,74.42,69616,52.21,73.23,15451.1,138,2,3,0.6538,1.0,0.7187,0.0922,0.641,0
KM-107,61.97,63926,57.85,56.72,63263.4,61,1,0,0.434,0.7143,0.3773,0.0,0.4059,0
KM-115,31.44,42728,59.79,47.34,69888.2,129,0,2,0.0989,0.5503,0.4017,0.0,0.2525,0
KM-110,14.1,48758,68.68,53.3,151058.3,171,2,2,0.1199,0.6358,0.2565,0.0,0.2522,0
KM-118,74.99,10564,58.48,99.48,99836.6,171,3,1,0.7124,0.128,0.5172,0.8423,0.5532,0
KM-119,75.47,59411,51.52,82.77,125462.9,127,2,2,0.6695,0.8,0.7299,0.3649,0.6533,1
KM-109,75.5,60788,73.4,63.8,47189.7,82,0,1,0.57,0.7424,0.123,0.0,0.4097,0
KM-107,78.16,13040,52.03,65.6,63051.5,36,1,0,0.661,0.0658,0.5728,0.0,0.3624,0
KM-111,71.37,36493,47.06,55.33,107916.5,161,1,1,0.5594,0.3881,0.959,0.0,0.4846,0
KM-106,19.76,69369,68.5,88.66,60539.9,14,3,1,0.189,0.8874,0.021,0.5333,0.3989,1
KM-122,58.2,6019,57.3,90.41,47645.0,155,2,1,0.4387,0.1006,0.5405,0.5831,0.4034,0
KM-115,10.57,68192,40.4,57.17,49736.6,109,3,2,0.1612,0.947,1.0,0.0,0.4932,0
KM-109,49.31,4668,58.32,48.28,168574.0,54,1,0,0.2931,0.0141,0.3484,0.0,0.1758,0
KM-109,53.59,35926,63.98,49.32,49331.4,56,0,1,0.2871,0.3809,0.1247,0.0,0.2207,0
KM-101,8.04,64770,65.8,97.42,29055.7,39,1,0,0.0565,0.7285,0.0585,0.7833,0.3702,0
KM-122,88.34,4404,44.4,96.18,151488.1,92,1,2,0.8305,0.1729,0.962,0.7479,0.6759,1
KM-106,9.47,35382,70.15,73.3,170585.3,27,2,1,0.109,0.3741,0.0405,0.0943,0.1586,0
KM-125,73.47,75896,43.07,80.4,131649.9,163,0,1,0.5398,1.0,1.0,0.2972,0.6984,1
KM-106,34.78,63616,69.28,62.13,54579.1,59,3,1,0.271,0.7891,0.0885,0.0,0.3098,1
KM-102,86.9,31175,62.91,103.91,59329.1,162,3,3,0.9052,0.4833,0.3267,0.9687,0.6967,0
KM-115,5.66,45448,51.68,102.0,39883.1,1,0,0,0.0032,0.4282,0.5345,0.9142,0.3979,0
KM-105,74.4,3209,61.28,46.12,123174.8,46,1,1,0.6035,0.088,0.2179,0.0,0.2768,0
KM-104,61.45,6361,70.65,76.76,157522.2,175,1,0,0.4276,0.0224,0.2625,0.193,0.2464,0
KM-119,77.08,50453,62.07,97.03,10624.6,41,2,0,0.6942,0.5008,0.1786,0.7723,0.5584,0
KM-112,45.18,4743,42.53,82.19,12569.6,73,2,1,0.3041,0.0944,1.0,0.3483,0.3997,0
KM-113,54.42,38068,67.58,81.23,23052.4,43,1,1,0.3461,0.4083,0.0645,0.3208,0.3003,0
KM-119,42.11,60096,59.16,98.43,102014.8,67,4,1,0.3773,0.7311,0.3343,0.8123,0.5441,0
KM-124,69.64,71557,68.17,65.25,136960.6,86,2,2,0.585,1.0,0.129,0.0,0.4806,0
KM-104,56.49,23251,54.02,101.92,48940.6,34,1,0,0.3691,0.1567,0.4902,0.9121,0.4488,0
KM-115,79.22,37072,67.79,74.7,86404.6,17,0,0,0.6276,0.3155,0.0255,0.1343,0.3305,0
KM-117,89.09,46399,43.94,56.79,155000.3,175,1,1,0.8438,0.5217,1.0,0.0,0.6257,0
KM-111,44.36,32908,64.86,97.8,100312.9,99,2,1,0.2967,0.3438,0.1541,0.7943,0.3795,0
KM-125,87.25,50481,65.62,65.68,97194.9,101,2,1,0.8613,0.5813,0.1515,0.0,0.4771,0
KM-122,18.48,50183,55.29,50.35,60829.3,101,1,0,0.0841,0.4968,0.5398,0.0,0.2616,0
KM-105,56.1,21026,69.16,66.56,42196.4,107,1,1,0.3647,0.2147,0.1605,0.0,0.2134,0
KM-124,32.32,64745,64.21,92.67,24950.0,27,1,0,0.1545,0.7281,0.0722,0.6476,0.3801,0
KM-106,24.72,14029,46.9,102.46,163522.7,7,1,1,0.1111,0.1534,0.7344,0.9275,0.4096,0
KM-102,15.23,2180,51.75,65.02,169863.9,5,4,1,0.2232,0.0845,0.5376,0.0,0.2068,0
KM-101,92.75,37631,57.06,93.68,112993.1,15,1,1,0.9102,0.4026,0.3401,0.6766,0.6226,0
KM-122,91.01,29609,57.68,72.5,14899.9,18,0,0,0.8282,0.2252,0.3199,0.0715,0.4244,1
KM-123,9.35,53027,53.69,97.73,50182.0,145,1,0,0.0587,0.5396,0.6701,0.7922,0.4479,1
KM-103,80.49,25842,52.49,72.55,81955.4,97,4,0,0.8479,0.1836,0.6461,0.0729,0.4864,1
KM-125,20.42,14213,60.84,102.9,130672.3,150,4,0,0.2417,0.0749,0.3916,0.94,0.3696,0
KM-123,24.2,13269,46.77,93.75,161663.6,69,0,1,0.0586,0.1475,0.8326,0.6785,0.3596,0
KM-111,66.87,12521,69.76,58.01,58564.6,14,1,1,0.4972,0.1419,0.021,0.0,0.2137,1
KM-112,94.96,9272,54.81,76.12,60065.9,139,1,0,0.9518,0.0395,0.6162,0.1749,0.5012,0
KM-118,83.9,77164,50.8,78.43,42216.2,110,6,0,1.0,0.9473,0.7329,0.2409,0.7816,0
KM-124,34.54,40043,41.25,54.91,23463.0,50,1,1,0.1693,0.4341,1.0,0.0,0.3678,1
KM-116,35.41,31339,69.76,49.4,103801.3,97,2,0,0.2254,0.2452,0.1455,0.0,0.1693,1
KM-104,83.58,54761,50.71,97.52,147035.4,45,1,1,0.7486,0.6463,0.6389,0.7864,0.7087,0
KM-118,47.72,38128,64.81,60.64,59799.7,49,0,0,0.2277,0.329,0.081,0.0,0.1782,0
KM-108,16.81,3804,56.31,104.97,90983.7,18,4,1,0.2283,0.0904,0.3747,0.999,0.3772,1
KM-111,7.17,79566,49.91,95.56,124651.9,165,1,1,0.0551,1.0,0.851,0.7304,0.5856,0
KM-117,59.83,34176,50.92,91.81,75862.8,34,1,0,0.4079,0.2792,0.6143,0.623,0.46,0
KM-101,8.65,66912,53.17,73.46,106791.0,46,1,0,0.0575,0.7649,0.5423,0.0988,0.3396,1
KM-106,25.37,45415,46.08,81.69,107273.2,149,4,1,0.2644,0.5077,0.9802,0.3341,0.4823,0
KM-109,72.1,33543,61.04,85.25,144003.8,164,1,0,0.5698,0.2715,0.4046,0.4356,0.4353,1
KM-125,61.82,40467,41.11,79.67,52329.0,143,2,2,0.4822,0.5198,1.0,0.2763,0.554,1
KM-106,44.35,69536,43.82,98.87,177840.2,92,3,0,0.3467,0.8104,0.9851,0.8248,0.6859,1
KM-107,7.79,79105,69.2,68.66,27800.7,73,1,0,0.0561,0.9833,0.1095,0.0,0.2873,0
KM-110,15.2,17868,61.37,67.22,15064.6,84,0,4,0.0231,0.4256,0.2714,0.0,0.1687,0
KM-102,41.12,7608,47.15,98.29,63896.5,13,1,2,0.2191,0.1893,0.7335,0.8083,0.4324,0
KM-125,48.3,73799,50.24,47.35,101577.4,79,3,0,0.3833,0.886,0.7088,0.0,0.4974,1
KM-117,46.15,60185,61.06,50.15,149858.1,1,1,0,0.263,0.6525,0.1589,0.0,0.287,1
KM-120,57.87,47673,50.76,102.04,40997.0,156,0,0,0.3349,0.46,0.8035,0.9154,0.576,1
KM-121,60.83,11872,40.41,85.09,99393.2,13,1,0,0.4201,0.0572,1.0,0.431,0.4475,0
KM-122,54.53,52500,67.22,45.2,55332.1,144,5,0,0.5474,0.5316,0.216,0.0,0.3677,0
KM-113,18.93,18733,55.26,90.27,6640.3,64,1,0,0.0858,0.1133,0.4858,0.5792,0.2714,0
KM-110,68.58,43968,67.21,82.94,137233.8,89,0,3,0.4703,0.6474,0.1335,0.3699,0.4271,0
KM-108,22.05,56383,46.86,96.29,168646.4,35,3,1,0.1986,0.6717,0.7781,0.7512,0.5433,1
KM-112,31.54,24032,56.41,102.48,89752.5,141,2,1,0.1995,0.2446,0.5549,0.9279,0.4275,1
KM-118,76.13,24593,54.92,72.31,102784.3,71,3,0,0.7296,0.1704,0.5097,0.066,0.4131,0
KM-114,56.57,65989,62.34,67.41,103835.6,9,0,1,0.32,0.8292,0.12,0.0,0.3433,0
KM-111,63.52,15924,61.87,92.11,90574.6,4,1,1,0.4534,0.1688,0.1312,0.6318,0.3535,1
KM-112,94.13,13875,59.02,46.04,82067.9,145,0,1,0.8861,0.1522,0.4566,0.0,0.4395,1
KM-117,17.24,46140,73.69,99.54,124450.0,174,0,0,0.0297,0.438,0.261,0.8439,0.3409,0
KM-110,87.26,73566,58.06,94.25,74144.8,41,1,1,0.8114,0.9618,0.3392,0.693,0.7309,1
KM-107,92.45,23307,73.1,58.29,62043.5,25,1,0,0.9046,0.1573,0.0375,0.0,0.3634,0
KM-120,82.29,3004,57.48,93.04,173963.1,78,2,1,0.7771,0.0873,0.4179,0.6582,0.509,1
KM-117,19.26,7297,51.49,103.65,66597.3,58,3,0,0.1871,0.0275,0.6276,0.9615,0.3902,0
KM-111,64.74,59326,62.06,84.29,10724.5,23,2,0,0.5191,0.6386,0.1521,0.4083,0.4534,0
KM-112,41.39,11241,47.46,81.41,84829.1,132,2,0,0.2713,0.0527,0.8995,0.3259,0.3532,0
KM-122,44.47,77190,43.87,50.5,32004.6,51,3,1,0.3478,1.0,0.9218,0.0,0.5561,1
KM-121,59.16,1644,64.61,54.78,117889.2,39,2,1,0.45,0.0829,0.074,0.0,0.1931,0
KM-118,37.08,34673,68.71,65.09,158649.6,134,0,1,0.1375,0.3653,0.201,0.0,0.1797,0
KM-124,9.93,44592,43.98,45.02,143574.3,47,0,0,0.0099,0.4162,0.9113,0.0,0.2897,1
KM-115,79.24,22895,70.27,57.12,171689.6,140,2,1,0.7279,0.2331,0.21,0.0,0.355,0
KM-113,63.97,16510,55.45,51.42,59978.7,128,2,0,0.5092,0.0938,0.5741,0.0,0.3165,0
KM-105,13.72,75525,41.25,60.12,83427.7,177,3,0,0.1688,0.9173,1.0,0.0,0.4884,1
KM-121,14.95,66718,70.94,58.15,15690.4,33,0,2,0.0223,0.9216,0.0495,0.0,0.2481,1
KM-107,19.73,74628,64.64,71.56,103017.8,176,4,1,0.2389,0.981,0.2782,0.0447,0.3934,0
KM-118,46.85,41210,68.13,93.54,60019.0,87,5,1,0.4695,0.4497,0.1305,0.6724,0.4373,0
KM-120,31.07,64002,55.03,54.25,122500.1,118,1,1,0.1466,0.7956,0.5757,0.0,0.3653,0
KM-125,26.21,11990,62.49,57.63,36342.0,4,2,0,0.1687,0.058,0.1062,0.0,0.0948,0
KM-118,54.27,43809,63.75,48.25,151359.8,52,1,1,0.3446,0.4852,0.1281,0.0,0.2675,0
KM-113,77.91,16280,62.52,73.87,22875.0,120,0,1,0.6069,0.1718,0.2793,0.1106,0.3334,1
KM-120,45.5,14461,61.62,87.93,102291.7,174,1,5,0.257,0.4769,0.3962,0.5123,0.3909,0
KM-117,41.55,73466,58.19,52.39,154012.2,93,0,0,0.1727,0.88,0.4118,0.0,0.3628,0
KM-104,22.89,20446,59.53,68.04,28644.9,44,3,1,0.2024,0.2092,0.2847,0.0,0.1801,0
KM-122,6.41,38369,67.77,99.35,65019.8,68,0,1,0.0041,0.4122,0.102,0.8385,0.2926,0
KM-117,51.41,58691,49.53,70.28,30220.3,63,1,0,0.3143,0.6284,0.7131,0.008,0.4113,0
KM-113,35.71,47335,62.13,83.18,45958.7,131,0,1,0.1275,0.5351,0.3111,0.3765,0.3159,0
KM-109,91.62,33995,62.78,70.71,155464.6,101,3,1,0.9894,0.357,0.2405,0.0203,0.4877,0
KM-105,29.09,27078,62.28,77.39,13500.5,92,0,0,0.0846,0.1969,0.2469,0.2111,0.1704,0
KM-111,76.22,6822,70.08,73.75,32372.1,107,0,0,0.581,0.0249,0.1605,0.1072,0.2631,0
KM-114,85.56,22882,69.33,81.91,155460.2,66,3,1,0.8821,0.233,0.099,0.3404,0.4549,0
KM-116,21.17,8476,56.22,64.67,124251.3,70,3,1,0.1948,0.1145,0.4561,0.0,0.188,0
KM-118,46.57,47251,46.55,82.66,132169.4,99,0,1,0.2168,0.5339,0.8864,0.3618,0.459,1
KM-102,50.03,47947,68.76,93.2,41215.2,83,1,1,0.3003,0.544,0.1245,0.663,0.3986,1
KM-111,37.84,55959,48.6,48.41,145026.0,49,1,1,0.1932,0.665,0.7294,0.0,0.3798,0
KM-108,7.53,66898,65.02,94.49,164343.5,36,3,1,0.1557,0.8447,0.054,0.6996,0.4164,0
KM-113,31.91,70075,40.58,78.4,106422.3,82,2,0,0.2018,0.8198,1.0,0.2399,0.5236,0
KM-111,34.07,39587,66.6,64.3,5136.8,127,2,0,0.2161,0.3481,0.1905,0.0,0.2008,0
KM-116,90.84,57672,42.33,92.38,15334.8,92,0,1,0.8253,0.6921,1.0,0.6393,0.7897,0
KM-102,86.48,31971,69.7,47.16,134166.0,75,2,0,0.8478,0.2526,0.1125,0.0,0.3824,1
KM-125,40.34,5078,53.61,58.43,113688.2,175,3,0,0.3127,0.016,0.7182,0.0,0.2571,0
KM-102,6.83,24277,74.35,83.78,57517.1,14,1,1,0.0547,0.2472,0.021,0.3938,0.1639,0
KM-101,61.49,57855,58.94,61.22,7745.8,92,2,1,0.478,0.695,0.3804,0.0,0.4172,0
KM-119,14.56,21620,47.64,60.31,67952.3,165,4,0,0.2212,0.1405,0.9417,0.0,0.3009,1
KM-123,9.13,39106,62.73,99.8,58460.0,50,2,0,0.1083,0.3418,0.1658,0.8515,0.3268,0
KM-106,82.8,66908,41.11,97.9,130173.1,170,1,2,0.7356,0.9249,1.0,0.7971,0.8481,0
KM-108,10.74,37212,63.58,95.51,118494.7,121,2,0,0.1115,0.3172,0.2385,0.729,0.3118,0
KM-119,30.42,35095,74.07,65.4,106722.1,176,1,1,0.1426,0.3706,0.264,0.0,0.1953,1
KM-109,20.43,56983,66.81,51.38,151926.8,97,2,1,0.1417,0.6812,0.1455,0.0,0.249,0
KM-105,65.1,57684,72.93,77.47,49862.5,111,1,1,0.4738,0.6923,0.1665,0.2135,0.4149,0
KM-102,69.29,79637,43.12,99.31,161444.3,108,2,1,0.5801,1.0,1.0,0.8374,0.8205,1
KM-115,76.8,78968,66.05,84.2,5370.4,113,1,1,0.6398,1.0,0.1695,0.4057,0.589,0
KM-109,80.5,13552,67.74,53.35,134509.3,148,1,0,0.698,0.0697,0.222,0.0,0.3061,0
KM-103,82.02,60868,66.02,79.05,173876.7,22,0,3,0.6728,0.9037,0.033,0.2585,0.5197,1
KM-122,19.4,67859,67.17,92.31,164302.8,4,0,0,0.0376,0.7812,0.006,0.6374,0.3372,0
KM-123,77.58,50035,69.59,52.05,32284.3,146,0,1,0.6018,0.5746,0.219,0.0,0.3981,0
KM-117,88.93,76887,65.1,98.42,112578.6,59,0,0,0.7908,0.9422,0.0885,0.8119,0.6924,1
KM-121,28.43,45108,66.32,94.89,19084.7,147,1,0,0.1308,0.4234,0.2205,0.7111,0.338,0
KM-105,25.85,76938,51.16,59.35,68161.6,98,0,2,0.0668,1.0,0.7008,0.0,0.4135,1
KM-105,93.29,67941,54.98,89.78,77882.3,79,2,1,0.9703,0.8626,0.5192,0.5651,0.7721,1
KM-123,50.3,20840,72.86,78.61,139752.8,148,0,0,0.253,0.133,0.222,0.2461,0.2154,0
KM-119,14.72,23030,52.61,58.04,167008.4,98,1,0,0.0717,0.1545,0.6426,0.0,0.1922,0
KM-123,8.39,68301,44.97,65.8,176683.4,52,3,2,0.157,0.9489,0.8791,0.0,0.468,0
KM-123,82.27,42905,46.49,88.73,72426.4,18,1,2,0.7268,0.5528,0.7676,0.535,0.6531,1
KM-109,89.23,38794,50.64,52.91,114991.8,168,3,3,0.9462,0.5777,0.8263,0.0,0.6409,1
KM-117,5.91,27075,54.5,55.89,60177.2,66,4,1,0.2035,0.2769,0.5192,0.0,0.2443,0
KM-121,91.48,56468,41.64,104.42,137050.8,133,1,0,0.8869,0.593,1.0,0.9835,0.8554,0
KM-122,13.05,75651,63.54,100.84,177740.7,179,0,1,0.017,0.9996,0.3268,0.8811,0.4974,1
KM-106,44.64,2385,57.31,83.51,7727.0,29,1,0,0.2493,0.0051,0.351,0.3859,0.2359,1
KM-125,33.63,3634,73.45,93.03,116499.9,140,1,1,0.1631,0.0897,0.21,0.6579,0.2531,0
KM-115,49.09,57385,47.51,56.68,166509.1,30,1,1,0.291,0.6875,0.7447,0.0,0.4227,0
KM-104,87.73,22785,73.7,62.22,160883.9,61,0,2,0.7697,0.312,0.0915,0.0,0.3657,0
KM-103,19.56,35742,54.83,84.97,22095.0,141,1,1,0.0883,0.3786,0.6183,0.4277,0.3347,0
KM-116,38.73,27835,46.64,82.61,149998.8,34,2,1,0.25,0.2852,0.7853,0.3604,0.3879,1
KM-119,13.98,7902,41.46,96.35,12687.3,63,3,1,0.1695,0.111,1.0,0.7529,0.4377,0
KM-116,73.34,63250,63.8,100.14,171648.3,39,0,1,0.5379,0.783,0.1065,0.861,0.5775,0
KM-123,73.36,12756,61.54,77.1,75273.9,175,3,0,0.6882,0.0637,0.401,0.2029,0.3776,0
KM-120,53.58,68853,43.26,70.57,128126.3,51,1,0,0.3371,0.7985,0.9459,0.0163,0.51,0
KM-104,32.04,22230,69.9,73.68,141817.6,33,0,1,0.1027,0.2265,0.0495,0.105,0.1235,0
KM-123,21.67,27208,45.4,75.5,169707.3,39,4,1,0.2469,0.2783,0.8425,0.157,0.3559,0
KM-107,89.87,70809,50.17,78.82,28777.8,148,1,1,0.8577,0.9127,0.8151,0.2519,0.7418,0
KM-107,57.63,67502,57.07,66.79,118869.0,18,3,1,0.4821,0.8551,0.3442,0.0,0.4513,1
KM-118,34.1,69363,68.47,103.47,130418.4,73,0,2,0.1163,0.9673,0.1095,0.9563,0.4957,1
KM-115,61.37,49058,45.1,45.84,170027.3,143,1,1,0.4266,0.5602,1.0,0.0,0.4894,1
KM-103,55.69,24897,43.46,60.32,85414.9,44,2,1,0.4101,0.2536,0.9276,0.0,0.3925,1
KM-109,49.04,65337,52.22,64.32,68439.0,40,2,0,0.3405,0.7381,0.571,0.0,0.4179,0
KM-125,30.74,66134,45.94,100.69,9297.6,27,0,0,0.0945,0.7516,0.8027,0.8768,0.5569,1
KM-116,14.37,61928,60.57,57.07,119535.9,4,2,1,0.1207,0.7611,0.183,0.0,0.2691,0
KM-108,63.82,67987,53.62,65.49,176986.3,62,3,0,0.5573,0.7834,0.548,0.0,0.5005,0
KM-111,62.64,36616,46.6,91.48,38652.6,35,4,0,0.5924,0.3097,0.7885,0.6138,0.5652,0
KM-118,61.86,49337,41.98,47.32,24060.5,110,1,0,0.4327,0.4843,1.0,0.0,0.4725,0
KM-104,29.83,14917,47.67,97.2,106074.7,112,2,1,0.189,0.1605,0.8611,0.7771,0.4339,0
KM-120,80.83,6545,72.6,67.4,20760.5,83,0,1,0.6534,0.1034,0.1245,0.0,0.2794,0
KM-123,23.33,21442,44.8,67.03,77174.4,80,1,0,0.1044,0.1388,0.9279,0.0,0.2568,0
KM-107,58.17,43395,60.9,88.28,34209.2,100,1,4,0.3883,0.7195,0.314,0.5223,0.4831,0
KM-103,57.96,60012,53.59,65.5,141973.4,17,0,3,0.3359,0.8897,0.4821,0.0,0.4364,0
KM-116,32.91,56692,40.01,53.18,33167.1,174,1,0,0.1583,0.5966,1.0,0.0,0.4045,0
KM-119,67.89,77759,54.87,58.68,11456.9,26,3,1,0.6109,1.0,0.4444,0.0,0.5527,0
KM-120,48.61,68324,61.1,91.05,78499.6,163,1,0,0.2863,0.7893,0.4007,0.6014,0.4979,0
KM-110,8.95,38930,55.35,92.6,160715.4,68,3,2,0.158,0.4995,0.488,0.6458,0.4069,0
KM-125,90.5,78369,55.24,57.27,24554.1,49,3,0,0.9691,0.9696,0.4641,0.0,0.6744,0
KM-125,86.6,8456,58.36,93.01,171213.1,32,2,1,0.8499,0.1144,0.3135,0.6575,0.5203,0
KM-120,25.02,4214,65.48,90.9,70488.0,162,1,1,0.1126,0.0921,0.243,0.5972,0.2305,1
KM-107,33.16,40138,44.63,97.61,87723.9,113,1,2,0.16,0.5154,0.9843,0.7888,0.5395,1
KM-122,91.39,10256,50.42,46.16,38457.6,48,0,3,0.8352,0.2859,0.6553,0.0,0.4949,0
KM-121,52.29,5330,74.78,62.21,75899.0,95,3,1,0.4234,0.0972,0.1425,0.0,0.201,0
KM-122,86.15,59667,47.71,58.73,28032.0,72,3,0,0.8921,0.6441,0.7998,0.0,0.6332,1
KM-125,7.39,57998,61.09,50.89,47961.8,89,2,1,0.1055,0.6973,0.2898,0.0,0.2692,0
KM-106,41.94,31203,67.43,82.83,50172.2,61,4,1,0.3759,0.3236,0.0915,0.3666,0.3041,1
KM-106,44.55,69902,49.42,87.89,108975.7,118,3,1,0.3485,0.8968,0.8001,0.5113,0.6084,1
KM-101,26.49,40322,46.45,50.3,110243.3,157,3,0,0.2202,0.3578,0.9775,0.0,0.362,0
KM-115,8.48,12837,63.99,79.77,77049.1,157,2,0,0.1072,0.0643,0.2758,0.279,0.1646,0
KM-121,55.64,29615,68.15,54.85,145218.0,106,1,0,0.3596,0.2252,0.159,0.0,0.214,0
KM-109,79.82,2097,73.45,64.72,47417.7,40,1,2,0.6871,0.1642,0.06,0.0,0.2935,0
KM-105,73.75,46014,58.9,53.26,84950.5,118,3,0,0.6939,0.4362,0.4211,0.0,0.4361,0
KM-115,92.1,74111,67.6,103.44,59942.6,127,1,0,0.8982,0.8916,0.1905,0.9555,0.7665,0
KM-120,30.57,14251,47.18,46.42,121332.9,118,3,2,0.2435,0.2352,0.8896,0.0,0.3219,0
KM-118,28.71,46381,64.3,54.96,18799.1,6,0,2,0.0824,0.6014,0.037,0.0,0.1866,0
KM-104,79.5,69779,47.67,87.16,45818.8,122,1,1,0.6821,0.8946,0.8762,0.4903,0.7357,0
KM-119,14.07,59737,41.29,55.8,116842.4,114,3,1,0.1698,0.7253,1.0,0.0,0.4407,0
KM-111,67.13,27962,60.16,89.74,78907.1,88,1,0,0.5007,0.2066,0.3256,0.5639,0.4048,0
KM-125,37.93,15127,41.36,85.46,12443.0,114,2,0,0.2439,0.0822,1.0,0.4417,0.3943,0
KM-103,35.65,21758,53.6,66.16,127286.5,61,1,0,0.1771,0.1418,0.5473,0.0,0.2069,1
KM-118,48.31,18210,67.71,55.76,164946.5,5,2,2,0.3334,0.2686,0.0075,0.0,0.1853,0
KM-117,81.77,79462,56.42,50.2,95808.5,170,0,1,0.6687,1.0,0.5981,0.0,0.6037,0
KM-125,62.78,41170,53.17,47.61,177579.9,61,1,2,0.4442,0.5292,0.5645,0.0,0.4007,0
KM-125,5.19,17480,53.75,54.74,154097.3,57,2,0,0.1027,0.1021,0.5356,0.0,0.1686,0
KM-111,59.89,75017,45.17,103.63,13178.5,95,1,0,0.4086,0.908,0.9356,0.961,0.7494,1
KM-118,56.7,72366,45.83,83.86,37952.8,79,2,0,0.4215,0.8603,0.8852,0.396,0.6188,0
KM-122,44.81,48697,73.36,70.94,131070.6,129,0,0,0.2008,0.4749,0.1935,0.027,0.2331,0
KM-124,16.85,40171,48.09,94.51,103738.3,167,2,0,0.1284,0.3558,0.927,0.7002,0.4593,0
KM-105,19.81,8211,54.97,71.62,140702.5,40,0,0,0.0392,0.0329,0.4611,0.0463,0.1234,0
KM-121,76.46,63952,55.0,77.24,54104.7,8,3,0,0.7346,0.7147,0.412,0.2068,0.5595,0
KM-112,57.22,68474,47.42,84.65,33007.8,151,0,0,0.3274,0.7919,0.9297,0.4185,0.5822,1
KM-111,82.77,4672,42.18,77.03,5720.6,143,3,0,0.8351,0.0141,1.0,0.2008,0.536,1
KM-125,44.51,28514,50.68,51.58,93773.3,102,1,0,0.2481,0.2128,0.7257,0.0,0.2852,1
KM-119,21.04,35553,41.92,62.89,161218.2,174,5,1,0.2943,0.3763,1.0,0.0,0.3971,0
KM-111,25.72,65827,73.52,91.2,47041.7,146,2,2,0.1662,0.9064,0.219,0.6057,0.4497,1
KM-110,6.34,37403,68.32,89.9,145518.9,9,1,0,0.054,0.3197,0.0135,0.5687,0.2153,0
KM-109,70.5,33137,45.41,100.78,91831.6,68,0,2,0.4971,0.4266,0.8855,0.8795,0.6336,0
KM-104,57.82,2176,52.81,90.58,169491.4,98,2,0,0.4343,0.0045,0.6345,0.5879,0.3976,0
KM-109,92.08,70833,72.61,78.07,39163.2,114,3,1,0.9978,0.9131,0.171,0.2305,0.6578,0
KM-112,80.01,29120,40.05,74.66,165757.1,25,0,1,0.6402,0.2996,1.0,0.1331,0.5256,0
KM-109,31.09,52085,71.99,102.15,131128.3,149,2,0,0.1967,0.5253,0.2235,0.9187,0.4286,0
KM-125,51.44,55496,51.88,82.76,105432.1,53,3,1,0.4146,0.6578,0.6044,0.3645,0.5033,0
KM-115,16.32,15539,49.76,58.92,76924.0,73,2,0,0.1266,0.0856,0.7191,0.0,0.2096,1
KM-107,50.73,11497,74.11,74.77,62880.2,6,2,1,0.3573,0.1345,0.009,0.1363,0.1877,1
KM-121,94.5,29763,50.46,56.93,11364.1,161,1,2,0.943,0.3869,0.8231,0.0,0.5914,0
KM-125,81.33,43065,66.46,103.6,10256.5,161,1,2,0.7114,0.555,0.2415,0.9599,0.628,0
KM-118,69.93,27070,64.1,46.84,133249.1,23,1,2,0.5391,0.3568,0.0705,0.0,0.292,0
KM-124,82.59,76985,63.06,83.93,26132.7,93,0,1,0.6821,1.0,0.2172,0.3981,0.6118,0
KM-103,7.41,47676,61.78,76.29,31102.4,65,1,2,0.0555,0.6201,0.2265,0.1796,0.2557,0
KM-121,11.37,10681,56.8,72.31,178964.1,77,3,2,0.1629,0.2088,0.4436,0.0659,0.2111,0
KM-117,12.18,33524,48.0,60.75,73516.0,29,1,1,0.0648,0.3513,0.7237,0.0,0.2552,1
KM-125,66.63,63623,69.7,54.79,105287.1,146,2,1,0.544,0.7892,0.219,0.0,0.4315,0
KM-107,58.49,21351,47.53,70.32,119677.8,24,2,1,0.4421,0.2179,0.7349,0.0092,0.358,1
KM-121,83.51,16922,68.13,86.99,145530.0,79,3,0,0.8474,0.0973,0.1185,0.4853,0.4417,0
KM-107,72.78,32149,46.52,98.28,59714.8,2,2,0,0.6297,0.2548,0.7423,0.8081,0.5941,0
KM-121,83.81,38502,64.66,74.66,127283.9,10,0,0,0.7024,0.3339,0.0286,0.1333,0.3617,1
KM-106,6.64,61413,44.64,94.46,71860.6,151,1,1,0.0544,0.7526,1.0,0.6988,0.5469,1
KM-114,85.82,52214,67.9,60.26,72383.7,108,1,1,0.7865,0.6073,0.162,0.0,0.4595,0
KM-116,5.11,33784,71.27,101.47,6829.3,162,0,0,0.0026,0.2744,0.243,0.8992,0.298,0
KM-114,89.7,20525,69.88,84.97,66926.8,168,0,2,0.8046,0.29,0.252,0.4277,0.4901,0
KM-119,83.18,54627,61.66,91.82,98946.5,47,3,0,0.8419,0.5643,0.204,0.6235,0.6012,0
KM-109,79.04,42812,51.23,53.38,7261.2,42,1,0,0.6748,0.3915,0.614,0.0,0.4568,0
KM-110,75.19,15099,72.03,68.97,81731.9,6,1,0,0.6153,0.082,0.009,0.0,0.2377,0
KM-125,65.15,67847,40.67,56.95,87820.2,158,2,1,0.5245,0.861,1.0,0.0,0.5988,0
KM-108,34.64,70608,49.99,91.26,5508.0,122,2,0,0.22,0.8292,0.7833,0.6074,0.5624,0
KM-120,86.77,37909,46.54,46.08,66566.6,165,1,0,0.803,0.3262,0.9858,0.0,0.5597,1
KM-114,30.79,59640,73.8,93.55,50544.1,94,2,0,0.1948,0.6437,0.141,0.6729,0.3919,1
KM-122,71.77,14140,59.05,57.41,31087.8,9,1,0,0.5651,0.0743,0.2516,0.0,0.2667,1
KM-122,21.75,40772,57.74,91.94,63546.3,137,1,2,0.0973,0.5238,0.4958,0.6268,0.3895,1
KM-116,94.35,69839,45.82,62.86,171823.7,68,2,2,0.9903,0.9757,0.8693,0.0,0.7644,0
KM-111,56.43,60085,54.77,46.19,153675.3,82,2,1,0.4184,0.7309,0.5321,0.0,0.4356,1
KM-111,48.4,23819,62.79,70.16,31632.1,118,3,0,0.3843,0.1625,0.2654,0.0046,0.2291,0
KM-102,71.52,2141,48.75,81.39,166979.5,49,1,0,0.5614,0.0044,0.7234,0.3253,0.4073,1
KM-124,88.39,45576,67.53,79.25,70275.0,15,2,0,0.8812,0.43,0.0225,0.2642,0.4733,0
KM-121,26.69,73542,46.3,101.71,19038.6,120,0,0,0.0712,0.8814,0.9279,0.9059,0.612,0
KM-121,7.84,69538,52.42,70.97,99120.6,154,1,1,0.0561,0.8904,0.7343,0.0277,0.3947,0
KM-120,72.51,68811,64.06,74.76,25731.9,96,0,1,0.5257,0.8777,0.1817,0.1359,0.4669,0
KM-104,16.31,72876,42.09,72.73,174523.8,31,2,1,0.1266,0.9494,0.963,0.0781,0.4899,0
KM-101,84.62,64355,49.19,98.09,167556.6,47,1,0,0.766,0.7215,0.7031,0.8025,0.7496,0
KM-106,85.73,12386,51.3,79.13,161123.0,151,2,0,0.835,0.0609,0.7743,0.2609,0.5145,1
KM-111,69.21,78183,60.41,66.54,79836.8,121,0,0,0.4789,0.9661,0.3651,0.0,0.4822,0
KM-108,50.33,43321,51.24,101.13,130927.1,71,2,0,0.3533,0.3985,0.6569,0.8895,0.5325,0
KM-102,90.06,22409,47.36,69.76,119137.1,16,0,1,0.8111,0.2283,0.7296,0.0,0.4869,0
KM-115,37.08,69457,72.81,80.46,45370.7,79,2,0,0.2375,0.809,0.1185,0.2988,0.3688,0
KM-123,50.02,76407,58.03,78.75,26229.8,60,0,2,0.2502,1.0,0.369,0.2499,0.4614,1
KM-101,42.24,59614,66.81,53.0,145510.9,40,1,1,0.2284,0.7233,0.06,0.0,0.2728,0
KM-125,90.19,23538,51.24,67.98,102261.6,132,1,0,0.8634,0.1596,0.7483,0.0,0.4918,1
KM-105,27.01,63624,74.57,74.61,160879.3,72,0,0,0.073,0.7092,0.108,0.1317,0.2508,0
KM-113,88.06,43676,55.72,95.88,63535.1,40,1,0,0.8254,0.4034,0.4312,0.7394,0.6239,1
KM-121,5.98,18325,74.39,80.45,108828.9,71,0,3,0.0036,0.3496,0.1065,0.2985,0.1697,0
KM-101,21.26,74230,49.93,78.32,69064.9,169,1,0,0.0952,0.8938,0.8564,0.2378,0.4756,0
KM-122,85.09,5139,48.14,80.11,77799.3,61,1,1,0.774,0.0963,0.7659,0.2888,0.5059,1
KM-107,50.82,42833,42.89,82.38,158257.4,164,2,0,0.3582,0.3918,1.0,0.3536,0.494,1
KM-111,23.56,32222,45.2,57.1,83083.4,93,1,1,0.1055,0.3356,0.9313,0.0,0.3071,0
KM-120,22.42,40433,58.86,101.73,10074.0,12,2,3,0.1503,0.5993,0.2635,0.9066,0.4364,0
KM-108,93.77,15048,50.59,61.82,154447.0,28,3,3,1.0,0.3216,0.6184,0.0,0.5541,0
KM-108,60.03,16384,58.59,65.02,36919.6,95,2,1,0.4604,0.1727,0.3987,0.0,0.2841,0
KM-123,18.72,22698,64.16,67.78,12053.0,69,0,0,0.0351,0.1511,0.137,0.0,0.0775,0
KM-125,68.2,18034,68.62,54.01,76007.7,24,3,0,0.6152,0.107,0.036,0.0,0.2493,0
KM-125,9.04,27303,69.83,52.92,41098.5,153,1,0,0.0582,0.1994,0.2295,0.0,0.1161,0
KM-124,52.89,17128,68.88,78.02,74609.7,7,1,0,0.3297,0.0991,0.0105,0.2291,0.1881,0
KM-124,18.51,47297,72.71,86.44,14266.5,118,1,2,0.0843,0.6146,0.177,0.4696,0.3125,1
KM-105,5.39,66549,45.72,72.73,126987.2,77,1,0,0.0529,0.7587,0.8869,0.078,0.4012,0
KM-116,5.47,23338,46.42,64.13,53074.0,101,1,0,0.053,0.1576,0.8948,0.0,0.2369,0
KM-101,47.32,52768,43.29,79.96,113548.2,17,1,1,0.2739,0.6157,0.8939,0.2846,0.4855,0
KM-114,5.66,40769,48.41,80.18,84012.3,22,2,1,0.1032,0.4438,0.6968,0.291,0.3446,0
KM-122,81.79,44398,61.06,48.97,7158.6,149,4,0,0.8689,0.4134,0.3812,0.0,0.4837,0
KM-102,6.01,20160,66.67,59.09,58893.3,73,1,0,0.0536,0.1265,0.1095,0.0,0.0723,0
KM-102,57.09,58678,44.03,100.39,120651.5,154,0,2,0.3259,0.7882,1.0,0.8682,0.6847,0
KM-108,79.62,23940,66.36,50.6,20731.0,58,1,2,0.684,0.3237,0.087,0.0,0.3377,0
KM-104,87.58,32285,59.39,45.02,51243.3,47,4,1,0.967,0.3364,0.2947,0.0,0.4815,0
KM-108,5.58,15751,58.23,50.53,57419.9,58,1,0,0.0531,0.0874,0.3579,0.0,0.112,0
KM-117,45.43,73415,65.36,64.52,114278.7,155,0,0,0.2064,0.8791,0.2325,0.0,0.3385,1
KM-118,24.51,26257,70.64,90.15,167676.5,131,6,2,0.3601,0.348,0.1965,0.5757,0.3675,0
KM-125,22.93,27948,74.17,48.59,84457.4,32,1,1,0.1026,0.2865,0.048,0.0,0.1171,0
KM-105,61.16,52220,74.72,98.67,125967.9,153,1,0,0.424,0.5274,0.2295,0.8191,0.49,1
KM-121,69.24,52063,72.42,92.28,60178.7,46,1,1,0.5293,0.605,0.069,0.6365,0.4776,1
KM-110,42.91,62825,66.02,50.9,140603.2,28,1,0,0.2341,0.6959,0.042,0.0,0.2643,0
KM-101,85.74,25086,67.35,85.48,73073.2,40,3,0,0.8852,0.1756,0.06,0.4422,0.4542,0
KM-114,73.75,79813,65.32,81.4,72417.4,22,0,2,0.5439,1.0,0.033,0.3258,0.5121,0
KM-114,69.51,47343,54.06,51.73,142550.3,96,0,1,0.4831,0.5352,0.5817,0.0,0.4193,0
KM-108,60.1,21428,48.2,51.17,44687.4,96,2,1,0.4612,0.2186,0.8158,0.0,0.3792,0
KM-106,43.46,72033,52.23,86.65,129816.5,162,1,1,0.2389,0.9344,0.7536,0.4757,0.5631,0
KM-104,27.44,17845,50.17,64.73,146432.3,45,2,0,0.1753,0.1054,0.6605,0.0,0.2198,0
KM-102,59.19,16662,71.96,72.59,131990.0,156,0,2,0.3504,0.2551,0.234,0.074,0.248,0
KM-123,19.19,76817,66.44,103.23,20899.5,60,0,2,0.0368,1.0,0.09,0.9494,0.4708,0
KM-120,34.44,68826,71.39,79.97,56426.3,24,1,1,0.1686,0.878,0.036,0.2849,0.3427,0
KM-101,46.76,56280,47.98,63.75,132428.2,177,2,0,0.3186,0.5901,0.9464,0.0,0.4483,1
KM-102,11.96,60048,50.84,70.45,111372.8,171,2,0,0.1143,0.6503,0.8229,0.013,0.3698,0
KM-124,77.69,14074,42.07,64.54,59861.0,150,1,2,0.6535,0.2338,1.0,0.0,0.4872,1
KM-101,88.05,7160,40.63,93.3,134284.4,96,3,1,0.9252,0.1068,1.0,0.6656,0.6836,1
KM-122,57.29,78370,44.91,89.98,118015.6,154,0,1,0.3282,1.0,1.0,0.5709,0.6791,0
KM-106,89.74,25686,64.79,58.33,173920.8,106,0,1,0.8054,0.2619,0.1675,0.0,0.3809,0
KM-116,79.52,48129,49.67,103.87,131867.2,49,1,2,0.6823,0.6266,0.6868,0.9678,0.7264,1
KM-103,20.56,38419,54.95,79.37,24350.3,177,3,2,0.1923,0.4928,0.6673,0.2676,0.3775,0
KM-102,62.88,72955,72.62,78.16,168868.6,102,0,0,0.3954,0.8709,0.153,0.2331,0.4333,1
KM-119,22.42,79591,69.68,96.11,170086.4,175,1,1,0.1003,1.0,0.2625,0.746,0.4868,0
KM-113,43.63,56759,40.57,90.06,165322.1,65,3,1,0.3404,0.6776,1.0,0.5731,0.6031,0
KM-119,88.97,16264,48.58,83.33,5718.9,175,1,1,0.8416,0.1717,0.9191,0.3809,0.5975,1
KM-122,15.75,66161,49.07,102.6,156299.7,155,1,0,0.0748,0.7521,0.8696,0.9315,0.5744,1
KM-101,5.1,36558,65.38,84.58,82548.8,161,1,1,0.0526,0.3889,0.2415,0.4165,0.2472,0
KM-109,29.91,10697,69.82,101.26,132099.7,127,1,1,0.1395,0.1289,0.1905,0.893,0.2977,0
KM-109,62.4,63425,40.66,60.39,60561.7,53,0,0,0.3893,0.7059,1.0,0.0,0.5128,0
KM-125,57.68,55255,63.78,99.33,16701.0,1,3,0,0.4827,0.574,0.0503,0.838,0.4901,0
KM-108,20.09,29432,61.5,45.89,63416.5,89,3,1,0.1904,0.3031,0.2736,0.0,0.1971,0
KM-108,61.94,68495,67.03,81.43,39869.3,36,1,0,0.4336,0.7922,0.054,0.3265,0.4259,0
KM-114,16.02,55873,57.28,56.44,177147.5,56,1,1,0.0757,0.6637,0.3927,0.0,0.2709,0
KM-101,87.89,39981,71.35,101.94,47597.8,25,0,2,0.7725,0.5133,0.0375,0.9125,0.5887,0
KM-122,93.13,32498,73.22,69.55,47350.2,62,1,1,0.9174,0.3389,0.093,0.0,0.4244,1
KM-116,61.25,38764,56.09,52.15,32531.0,8,2,1,0.4752,0.4173,0.3685,0.0,0.3443,1
KM-101,19.04,39894,74.82,65.29,80718.0,97,1,1,0.0863,0.4321,0.1455,0.0,0.1673,0
KM-123,87.28,25702,48.5,76.15,175940.1,159,1,0,0.8117,0.1821,0.8986,0.1757,0.5445,1
KM-120,89.17,58080,45.42,74.14,71866.3,160,1,2,0.8451,0.7786,1.0,0.1182,0.7141,1
KM-122,23.95,38395,50.43,83.41,50240.6,124,2,2,0.1574,0.4925,0.7689,0.3833,0.4086,0
KM-109,80.5,4821,71.57,84.15,39023.8,50,0,1,0.648,0.0948,0.075,0.4044,0.3464,0
KM-118,15.88,2298,52.33,89.62,128713.9,158,2,0,0.1252,0.0049,0.7436,0.5607,0.3059,0
KM-114,66.67,10070,53.36,61.59,149694.1,132,0,0,0.4444,0.0447,0.6637,0.0,0.2995,0
KM-121,21.38,56369,52.8,87.94,151344.3,39,0,0,0.0457,0.5915,0.5467,0.5124,0.3757,0
KM-101,75.01,59445,66.75,76.64,6960.3,73,2,0,0.6626,0.6405,0.1095,0.1898,0.4519,0
KM-115,62.88,4638,46.91,54.42,177674.9,145,3,1,0.5454,0.094,0.9413,0.0,0.4026,1
KM-122,83.7,74714,58.53,99.02,166997.2,18,1,2,0.7505,1.0,0.2856,0.8291,0.7356,0
KM-103,61.53,4468,51.33,51.09,148486.8,77,1,0,0.4286,0.0132,0.6624,0.0,0.2858,0
KM-108,61.71,57357,65.86,93.33,153520.2,140,1,0,0.4308,0.6071,0.21,0.6666,0.4778,0
KM-122,58.97,52118,74.01,92.42,53725.3,169,1,1,0.3977,0.6058,0.2535,0.6407,0.4695,0
KM-105,71.03,49031,71.08,84.76,114218.8,70,0,1,0.5045,0.5598,0.105,0.4217,0.4219,0
KM-122,74.14,79373,64.3,94.07,91200.4,92,6,1,0.8496,1.0,0.1661,0.6877,0.7181,1
KM-115,50.88,70911,71.95,86.45,106795.8,9,0,1,0.2589,0.9145,0.0135,0.4699,0.4159,0
KM-119,86.92,46681,45.65,99.07,36378.7,168,0,0,0.7555,0.4457,1.0,0.8306,0.742,0
KM-119,52.02,77795,41.48,88.99,138537.4,90,0,0,0.2706,0.9589,1.0,0.5426,0.643,0
KM-115,78.78,74860,59.4,45.22,80456.5,44,0,0,0.6206,0.9052,0.2899,0.0,0.5015,1
KM-108,14.22,15663,64.43,91.38,162280.5,153,0,0,0.0202,0.0866,0.2522,0.6108,0.2013,0
KM-116,36.3,67516,62.71,93.58,86077.2,29,1,0,0.1818,0.7753,0.135,0.6736,0.4192,1
KM-121,55.4,27175,64.42,98.71,48202.5,46,2,1,0.4069,0.278,0.0924,0.8203,0.3944,1
KM-104,36.89,70211,50.47,55.35,52405.4,102,1,0,0.1861,0.8222,0.7342,0.0,0.4175,0
KM-123,34.31,55978,62.13,90.55,172819.5,22,1,1,0.1677,0.6653,0.1478,0.5871,0.372,0
KM-118,28.26,55649,52.61,70.09,139916.4,119,0,0,0.0798,0.5802,0.6742,0.0027,0.3084,0
KM-122,24.06,77785,57.41,89.94,32584.1,135,1,2,0.1079,1.0,0.506,0.5696,0.5029,0
KM-109,43.6,68041,47.48,80.64,165930.7,17,0,0,0.1901,0.7844,0.7262,0.304,0.4687,0
KM-123,16.93,6154,72.55,104.29,126238.7,40,2,0,0.1287,0.0213,0.06,0.9797,0.2583,0
KM-106,32.65,77721,57.01,95.48,91780.8,17,1,1,0.1566,1.0,0.3452,0.7281,0.5195,0
KM-119,67.26,38896,69.78,63.33,142852.7,32,1,1,0.5023,0.419,0.048,0.0,0.2902,0
KM-113,33.63,62816,66.24,67.51,139422.8,6,1,1,0.1631,0.7758,0.009,0.0,0.2528,0
KM-125,6.67,32143,73.47,47.87,177801.0,94,2,2,0.1045,0.4147,0.141,0.0,0.1684,0
KM-121,38.14,32565,46.08,81.36,98064.7,72,1,0,0.1955,0.2597,0.8647,0.3246,0.3712,0
KM-122,44.51,77354,43.56,72.22,114802.4,94,1,1,0.2481,1.0,0.9985,0.0636,0.5492,0
KM-107,60.43,15647,69.98,104.12,162742.5,2,5,0,0.6152,0.0865,0.003,0.9748,0.4325,0
KM-104,42.15,42563,45.23,73.15,167080.3,53,0,1,0.1777,0.4681,0.8701,0.0901,0.3712,0
KM-109,35.16,75793,65.36,64.95,55201.2,91,4,0,0.3237,0.9222,0.1365,0.0,0.3711,0
KM-125,8.19,57594,60.52,45.76,118742.6,74,0,0,0.0067,0.6108,0.2901,0.0,0.2131,0
KM-107,86.94,1243,59.42,94.34,45453.5,79,0,1,0.7558,0.0819,0.3416,0.6954,0.4924,0
KM-106,20.36,6170,46.67,89.79,160895.5,30,1,0,0.0915,0.0214,0.7784,0.5653,0.3061,0
KM-120,67.2,70436,70.33,77.49,146174.5,53,2,0,0.5516,0.8261,0.0795,0.214,0.4583,0
KM-125,85.93,35971,73.65,81.33,5368.5,144,2,2,0.8384,0.4615,0.216,0.3236,0.5167,1
KM-119,21.5,7378,43.15,54.55,38569.8,79,1,3,0.0962,0.268,0.9925,0.0,0.2992,0
KM-104,66.56,16191,42.46,100.66,84053.3,54,3,2,0.5931,0.251,0.9827,0.8761,0.6421,1
KM-115,17.41,63843,51.24,88.19,38084.2,26,3,1,0.1803,0.7929,0.5895,0.5197,0.4832,0
KM-119,10.16,24922,51.9,77.89,86945.4,30,3,1,0.1603,0.2539,0.5692,0.2253,0.2785,0
KM-121,26.76,53506,44.43,89.29,144522.1,42,1,2,0.1216,0.707,0.8858,0.5512,0.5067,1
KM-101,36.45,26424,65.35,54.44,136016.4,77,1,1,0.1829,0.2698,0.1155,0.0,0.1546,0
KM-115,77.79,14271,45.03,85.12,62011.0,168,1,2,0.6552,0.2353,1.0,0.432,0.5745,0
KM-103,94.46,5197,72.96,67.82,113335.1,94,5,1,1.0,0.0966,0.141,0.0,0.4023,1
KM-104,5.91,6479,46.21,51.5,144477.2,14,1,0,0.0535,0.023,0.7727,0.0,0.179,0
KM-104,12.07,79879,63.07,91.2,35602.3,48,0,0,0.0146,0.9977,0.1493,0.6056,0.4055,1
KM-105,40.47,29182,49.45,51.84,171607.2,54,1,0,0.2138,0.2203,0.7029,0.0,0.2705,0
KM-114,76.21,10920,47.03,89.26,17805.1,63,2,1,0.6807,0.1304,0.8131,0.5503,0.5436,1
KM-123,51.11,21234,44.88,73.04,170416.4,173,2,0,0.3613,0.1367,1.0,0.087,0.378,0
KM-104,54.01,25938,73.72,82.18,58921.2,32,2,1,0.3917,0.2646,0.048,0.348,0.2824,0
KM-117,43.97,4523,49.95,72.63,59311.4,23,2,1,0.2933,0.0934,0.6366,0.0751,0.2684,0
KM-113,59.12,71653,68.88,71.94,118908.4,67,2,2,0.4495,1.0,0.1005,0.0554,0.4385,1
KM-123,51.39,79861,40.16,76.9,57485.3,97,1,0,0.3141,0.9974,1.0,0.197,0.5987,1
KM-104,66.97,70625,68.73,52.14,48307.5,101,1,1,0.4984,0.9095,0.1515,0.0,0.4321,1
KM-108,80.17,70577,49.86,101.46,27419.3,62,2,2,0.7428,0.9886,0.6987,0.8989,0.8266,1
KM-116,82.07,14968,69.23,69.48,171208.8,96,2,0,0.7735,0.0809,0.144,0.0,0.3198,0
KM-103,55.19,68270,60.38,93.83,125981.6,100,3,1,0.4545,0.8683,0.3349,0.6809,0.5793,0
KM-102,16.86,51223,42.88,97.01,62958.6,33,1,0,0.0784,0.5123,0.9343,0.7717,0.4967,0
KM-111,9.18,27929,62.78,75.56,50532.0,121,2,0,0.1084,0.2063,0.2704,0.1587,0.1753,0
KM-121,14.37,35280,68.42,53.79,57384.6,166,3,0,0.1707,0.2929,0.249,0.0,0.1827,0
KM-122,7.08,38535,64.95,101.99,51317.3,86,1,1,0.055,0.4143,0.1312,0.9141,0.3319,1
KM-113,70.87,67383,73.6,97.34,148910.8,132,1,2,0.5522,0.933,0.198,0.7812,0.6224,1
KM-103,72.32,50103,59.59,66.83,149406.9,78,3,0,0.673,0.4956,0.3336,0.0,0.4262,0
KM-117,53.49,75285,59.73,86.95,33630.9,126,3,0,0.4361,0.9129,0.3999,0.4842,0.5577,0
KM-107,60.8,2670,50.42,73.37,87407.3,26,2,0,0.4696,0.0061,0.6223,0.0962,0.3096,1
KM-119,59.84,30086,62.79,67.87,29945.7,151,0,0,0.3581,0.2306,0.3148,0.0,0.2459,0
KM-121,89.65,10168,73.3,67.56,158256.1,165,0,1,0.8037,0.1253,0.2475,0.0,0.3621,0
KM-117,9.38,36600,44.22,59.73,19569.1,40,2,0,0.1088,0.3094,0.8912,0.0,0.2937,0
KM-116,60.64,74434,42.25,50.07,29565.0,11,1,1,0.4177,0.9775,0.9266,0.0,0.5759,0
KM-120,89.42,50778,70.58,61.07,83029.9,39,0,0,0.7997,0.5057,0.0585,0.0,0.418,0
KM-123,86.93,26071,64.34,88.14,117715.2,141,2,0,0.8558,0.186,0.2379,0.5183,0.4973,0
KM-106,68.49,33010,48.33,79.24,73314.1,9,3,2,0.6191,0.4251,0.6804,0.264,0.5118,0
KM-112,10.03,25202,68.43,56.14,73591.6,157,1,2,0.0601,0.3368,0.2355,0.0,0.1523,0
KM-110,64.72,17951,52.77,88.06,115622.7,38,1,2,0.4689,0.2663,0.5461,0.5159,0.4431,1
KM-116,92.93,51833,43.23,63.46,105549.9,167,1,1,0.9136,0.6015,1.0,0.0,0.6701,1
KM-115,8.55,15131,53.36,67.38,74551.7,32,2,3,0.1073,0.3223,0.5136,0.0,0.2208,0
KM-101,77.19,14930,72.85,53.25,141505.5,129,2,0,0.6958,0.0806,0.1935,0.0,0.3024,0
KM-110,29.67,61860,49.16,65.7,60780.2,26,1,2,0.138,0.84,0.6725,0.0,0.3928,1
KM-109,41.73,24004,61.81,104.47,125709.0,112,1,0,0.2242,0.1644,0.2955,0.9849,0.3756,0
KM-114,57.84,57304,47.77,47.0,8624.6,107,2,1,0.4346,0.6862,0.8498,0.0,0.4936,0
KM-120,53.07,17654,51.27,50.02,125823.7,98,1,0,0.3316,0.1037,0.6961,0.0,0.2812,0
KM-122,46.25,8342,67.22,54.39,69900.6,8,1,2,0.2639,0.1937,0.012,0.0,0.1432,0
KM-123,83.95,74589,49.64,77.75,122455.5,135,1,1,0.7548,0.9803,0.8168,0.2216,0.7169,1
KM-124,23.68,4182,43.24,104.34,113431.4,110,3,1,0.2061,0.092,1.0,0.9813,0.4914,1
KM-116,49.74,49973,59.25,67.53,75740.9,15,4,1,0.4474,0.5737,0.2527,0.0,0.3506,0
KM-105,35.25,14041,51.33,76.97,71114.4,64,3,0,0.2742,0.0735,0.6427,0.1993,0.2828,0
KM-117,48.9,27121,60.19,103.86,77182.2,91,2,0,0.3391,0.1974,0.3288,0.9675,0.4273,0
KM-112,93.29,61844,62.86,45.69,39582.2,140,1,0,0.9203,0.6797,0.2954,0.0,0.5511,1
KM-116,29.46,57907,55.44,45.62,64913.9,178,0,0,0.0868,0.6158,0.6493,0.0,0.3142,0
KM-105,93.21,10162,66.49,77.33,81541.4,103,2,0,0.9688,0.0453,0.1545,0.2093,0.4232,0
KM-120,23.16,77863,55.26,46.05,40312.6,92,0,1,0.0536,1.0,0.5274,0.0,0.3743,0
KM-118,48.81,18959,70.33,96.29,161997.9,145,2,1,0.3383,0.1954,0.2175,0.7511,0.361,0
KM-106,29.76,42113,71.86,82.88,104476.6,64,1,1,0.1386,0.4619,0.096,0.3681,0.2568,0
KM-121,39.43,73096,60.54,59.53,52433.6,166,1,1,0.2055,0.9534,0.4275,0.0,0.3958,1
KM-119,59.45,56746,41.59,97.95,167919.7,86,0,1,0.3534,0.6774,1.0,0.7987,0.6528,1
KM-105,77.12,30338,69.48,95.58,10799.6,41,1,0,0.6447,0.2335,0.0615,0.731,0.4425,1
KM-112,22.02,44261,51.29,69.33,88163.6,11,0,0,0.0485,0.4115,0.565,0.0,0.2329,0
KM-119,40.21,74833,49.52,99.31,71121.5,46,0,1,0.1617,0.9847,0.6884,0.8375,0.6079,0
KM-116,32.67,19736,60.11,56.1,61327.3,120,2,1,0.2067,0.2025,0.3755,0.0,0.1981,1
KM-122,39.75,67847,62.37,96.41,12696.2,143,0,1,0.158,0.861,0.3195,0.7547,0.4854,1
KM-121,78.64,10888,40.87,75.47,22012.3,68,1,1,0.6684,0.1302,1.0,0.1563,0.4977,1
KM-101,84.61,18772,49.61,89.24,55659.2,114,2,0,0.8159,0.1137,0.7867,0.5497,0.5813,0
KM-112,32.2,58920,49.81,51.1,78302.1,136,2,2,0.2037,0.7921,0.8115,0.0,0.4316,0
KM-113,92.64,79966,44.95,104.16,161896.1,43,2,4,0.9582,1.0,0.8666,0.976,0.9539,0
KM-108,62.71,72520,70.56,68.7,178615.7,42,4,3,0.5932,1.0,0.063,0.0,0.4702,1
KM-116,39.85,49764,41.98,102.72,163123.0,148,3,0,0.3088,0.4906,1.0,0.9348,0.6177,1
KM-119,29.28,10496,73.97,66.52,83362.8,141,2,0,0.1857,0.0475,0.2115,0.0,0.1192,0
KM-107,39.36,77105,58.82,94.5,130700.3,84,1,0,0.2049,0.9462,0.373,0.6999,0.5229,1
KM-107,77.31,37703,55.69,93.28,168126.9,129,0,1,0.5977,0.4035,0.5658,0.665,0.5563,0
KM-105,69.59,1155,45.61,94.26,57149.2,145,1,2,0.5343,0.1617,0.9931,0.6931,0.5647,1
KM-110,78.1,7688,72.91,101.44,127014.7,26,4,0,0.81,0.0298,0.039,0.8982,0.4784,1
KM-104,84.01,75976,68.65,51.19,178848.2,65,0,0,0.7058,0.9255,0.0975,0.0,0.4979,0
KM-120,24.85,40668,63.46,56.37,95924.2,113,3,0,0.2117,0.3624,0.2312,0.0,0.211,0
KM-104,20.2,76512,53.37,103.28,49594.5,66,0,1,0.0408,1.0,0.5642,0.9509,0.5673,0
KM-112,22.76,78651,59.96,48.46,41137.1,153,6,0,0.3518,0.9748,0.4309,0.0,0.453,0
KM-103,31.22,78112,62.97,94.88,124962.6,19,4,0,0.2975,0.9648,0.1099,0.7109,0.5095,1
KM-111,24.44,21104,42.38,50.13,66281.1,2,0,2,0.0597,0.2955,0.9077,0.0,0.2763,1
KM-108,13.72,13012,71.94,69.76,72780.5,171,1,1,0.0688,0.1456,0.2565,0.0,0.1118,0
KM-125,44.13,76305,71.97,54.49,113634.5,43,0,0,0.1947,0.9315,0.0645,0.0,0.3139,1
KM-110,33.06,2194,66.33,81.13,156654.8,49,3,0,0.2593,0.0045,0.0735,0.3179,0.1702,0
KM-125,29.54,58339,46.5,60.67,73694.8,10,2,1,0.1873,0.7027,0.7549,0.0,0.3922,0
KM-125,85.72,74103,73.91,97.59,157953.5,19,2,1,0.8348,0.9715,0.0285,0.7883,0.6984,1
KM-109,63.25,11635,68.61,84.13,152651.5,28,0,1,0.4001,0.1355,0.042,0.4036,0.263,0
KM-123,55.55,42542,45.92,82.52,173841.6,139,0,0,0.3086,0.3878,0.9717,0.3576,0.4708,1
KM-101,18.91,50438,59.37,59.52,9451.6,116,3,1,0.1858,0.5806,0.3993,0.0,0.29,1
KM-119,69.05,2639,44.78,49.77,32422.0,78,4,0,0.6767,0.006,0.9257,0.0,0.4235,0
KM-115,44.67,1665,50.51,91.61,90551.8,165,2,1,0.2995,0.083,0.8269,0.6173,0.4144,0
KM-125,44.22,5558,52.6,56.09,164725.2,144,2,0,0.2956,0.0183,0.7119,0.0,0.2504,0
KM-123,18.1,4282,63.84,99.25,54642.4,20,3,1,0.1827,0.0924,0.0765,0.8357,0.2695,0
KM-102,17.9,19931,51.9,80.42,150687.8,39,0,0,0.032,0.1244,0.5824,0.2979,0.2183,0
KM-111,50.48,10564,62.09,102.58,62548.4,34,4,0,0.4548,0.048,0.1674,0.9308,0.3908,0
KM-124,35.24,62465,70.21,100.71,167487.3,107,2,1,0.2242,0.77,0.1605,0.8773,0.4785,0
KM-118,15.11,30456,50.89,91.83,89777.2,23,1,1,0.0728,0.3149,0.5988,0.6238,0.3487,1
KM-121,65.96,46506,48.13,65.16,133478.2,160,1,1,0.4851,0.5232,0.9149,0.0,0.4836,1
KM-103,76.41,37940,74.0,73.35,11575.7,15,1,0,0.6338,0.3266,0.0225,0.0958,0.3271,1
KM-124,57.08,43536,74.77,78.29,173037.6,53,1,1,0.3758,0.4815,0.0795,0.2369,0.3152,0
KM-101,24.74,65193,73.53,77.62,32354.7,93,1,1,0.1112,0.8156,0.1395,0.2177,0.3143,0
KM-122,21.3,31954,46.33,74.49,19549.7,80,1,0,0.0954,0.2524,0.867,0.1284,0.2956,0
KM-125,35.01,14735,59.36,104.26,128459.0,52,1,1,0.1726,0.159,0.3036,0.9789,0.3567,0
KM-109,40.53,25025,61.08,101.97,34007.2,47,4,0,0.3643,0.175,0.2273,0.9134,0.3994,0
KM-108,78.26,18474,54.12,55.24,12997.2,177,1,2,0.6624,0.271,0.7007,0.0,0.4397,0
KM-112,44.87,44461,48.5,98.68,172711.8,33,1,3,0.2513,0.6543,0.7096,0.8196,0.5574,0
KM-113,72.49,10371,61.07,61.04,162935.0,7,2,0,0.6255,0.0467,0.1679,0.0,0.2642,0
KM-111,38.84,64635,40.04,86.35,179240.3,142,0,1,0.1508,0.8062,1.0,0.4671,0.5478,0
KM-124,49.72,36041,67.19,54.66,15873.5,76,2,0,0.3472,0.3024,0.114,0.0,0.2199,0
KM-120,89.34,76154,68.97,45.49,73339.6,74,3,0,0.9481,0.9288,0.111,0.0,0.5862,1
KM-114,10.9,41549,50.18,82.46,120420.7,173,2,1,0.1119,0.4543,0.8524,0.3561,0.3944,0
KM-119,49.55,13353,69.89,59.7,96466.3,93,1,2,0.2956,0.2282,0.1395,0.0,0.1884,0
KM-113,9.07,26655,63.23,53.49,47286.7,93,1,1,0.0582,0.2723,0.2103,0.0,0.1305,0
KM-125,26.68,47086,59.05,71.27,75264.4,47,1,1,0.1212,0.5315,0.3085,0.0362,0.2442,0
KM-115,72.53,74859,70.94,50.89,97846.3,42,1,2,0.576,1.0,0.063,0.0,0.4642,0
KM-124,5.97,30108,64.78,86.04,13572.6,178,2,3,0.1036,0.4709,0.2759,0.4583,0.3008,0
KM-102,31.53,28627,40.51,64.59,99083.6,58,0,0,0.0994,0.2141,1.0,0.0,0.2883,0
KM-108,49.69,51347,43.23,54.79,80927.9,109,0,0,0.2469,0.5142,1.0,0.0,0.415,1
KM-113,5.47,27054,42.9,48.63,20006.9,85,0,3,0.003,0.4367,1.0,0.0,0.3102,1
KM-101,90.58,66966,59.89,81.53,30960.6,135,2,2,0.9205,0.9259,0.4068,0.3293,0.7009,0
KM-122,60.89,59015,47.01,82.88,76100.3,32,1,2,0.4207,0.7936,0.7675,0.3681,0.5728,0
KM-101,10.71,44416,66.29,61.56,24643.0,37,2,2,0.1115,0.5737,0.0555,0.0,0.1935,0
KM-109,35.42,21762,57.45,92.43,51936.5,99,1,1,0.1754,0.2219,0.4505,0.641,0.3352,0
KM-119,82.56,65762,43.91,46.22,36920.6,20,0,0,0.6816,0.7453,0.8736,0.0,0.5996,0
KM-102,21.35,40699,49.2,94.86,33579.2,150,2,1,0.1456,0.4429,0.8569,0.7102,0.4751,0
KM-104,47.02,56048,69.33,102.67,36272.8,160,0,1,0.221,0.6664,0.24,0.9334,0.4786,0
KM-124,62.59,56115,65.11,57.0,147857.7,102,3,0,0.5418,0.5875,0.153,0.0,0.3671,0
KM-111,65.68,21411,62.96,94.68,103189.2,81,4,1,0.6314,0.2185,0.203,0.7052,0.4572,0
KM-109,32.72,36561,49.51,103.65,84385.1,75,2,2,0.2071,0.469,0.7319,0.9614,0.5284,0
KM-109,11.63,69080,51.61,65.66,105651.8,138,2,0,0.1135,0.8024,0.7424,0.0,0.3888,0
KM-102,28.73,2544,46.4,101.62,22398.4,170,1,0,0.1325,0.0057,0.9989,0.9034,0.4283,1
KM-114,43.83,47903,51.36,56.33,89302.6,120,0,0,0.1921,0.4633,0.7257,0.0,0.3282,0
KM-113,72.22,19063,64.87,57.2,151711.8,27,2,0,0.6216,0.1163,0.0456,0.0,0.2558,0
KM-123,7.15,60978,41.61,55.28,54697.8,101,1,0,0.0551,0.6655,1.0,0.0,0.3857,0
KM-123,20.52,17063,60.06,57.74,104687.1,114,0,0,0.0421,0.0985,0.3687,0.0,0.1131,0
KM-113,34.08,31204,72.22,94.31,47354.7,57,3,1,0.2662,0.3236,0.0855,0.6945,0.3301,0
KM-121,27.74,4542,61.65,54.18,88863.8,60,1,0,0.127,0.0135,0.2238,0.0,0.0926,0
KM-112,49.73,19063,49.9,57.79,68153.6,68,0,2,0.2473,0.2763,0.7061,0.0,0.2969,0
KM-104,77.62,5177,69.68,95.01,108401.3,160,1,1,0.6525,0.0965,0.24,0.7146,0.4434,0
KM-125,86.12,6724,66.35,57.15,140045.7,9,1,1,0.7917,0.1044,0.0135,0.0,0.3059,0
KM-120,77.11,73314,47.89,46.79,96235.7,172,2,1,0.6946,0.9573,0.9423,0.0,0.6709,0
KM-107,34.52,22150,58.51,60.33,103383.9,72,2,2,0.2191,0.3057,0.3674,0.0,0.2266,0
KM-119,79.85,60487,74.13,94.99,74037.8,36,1,1,0.6877,0.7374,0.054,0.7141,0.5787,0
KM-103,72.06,40258,64.96,83.53,136036.2,40,1,2,0.5693,0.517,0.0618,0.3866,0.4182,0
KM-112,19.85,71671,49.48,103.23,76093.7,139,1,0,0.0894,0.848,0.8294,0.9496,0.5991,1
KM-102,85.93,26192,67.65,65.63,26976.9,151,1,0,0.7883,0.1873,0.2265,0.0,0.368,0
KM-102,86.08,66050,42.9,53.81,40928.9,131,1,1,0.791,0.8302,1.0,0.0,0.6844,0
KM-115,28.94,17129,74.2,47.31,37743.3,23,1,0,0.1338,0.0991,0.0345,0.0,0.0785,0
KM-112,30.85,70531,52.59,60.67,112944.5,70,2,1,0.1951,0.9078,0.6013,0.0,0.4155,1
KM-122,87.64,37899,55.63,54.03,87206.9,143,2,0,0.868,0.3261,0.5895,0.0,0.5032,0
KM-111,78.87,51424,56.74,84.53,133242.1,59,3,0,0.7721,0.5154,0.4188,0.4151,0.5658,0
KM-106,85.7,69784,45.34,93.44,67937.2,75,1,1,0.7844,0.8947,0.8987,0.6696,0.8119,1
KM-115,57.04,23550,45.2,60.15,177437.3,131,3,0,0.4754,0.1597,0.9883,0.0,0.404,0
KM-105,85.22,8626,68.09,83.59,165720.6,61,2,0,0.8262,0.0354,0.0915,0.3882,0.394,0
KM-116,50.67,63630,55.21,67.11,172131.8,115,0,0,0.2567,0.7093,0.5642,0.0,0.38,0
KM-105,7.64,79721,53.16,68.04,108290.0,157,1,1,0.0558,1.0,0.7093,0.0,0.4114,1
KM-124,65.06,32364,58.21,55.21,123446.3,124,1,2,0.4733,0.4173,0.4576,0.0,0.3615,0
KM-108,17.69,22011,54.77,67.44,93608.8,105,1,0,0.0813,0.1443,0.5668,0.0,0.1779,0
KM-108,29.55,60128,43.91,76.93,74734.2,84,1,1,0.1373,0.7316,0.9697,0.1979,0.4645,0
KM-118,93.46,10980,63.45,57.8,91855.1,129,2,1,0.9734,0.1308,0.2554,0.0,0.4245,1
KM-104,22.2,6385,73.0,75.76,123643.2,20,3,0,0.1993,0.0225,0.03,0.1645,0.1143,0
KM-109,60.21,54880,62.09,95.86,176847.7,103,3,1,0.5125,0.6482,0.271,0.7389,0.5434,1
KM-121,87.64,62450,50.58,68.9,140613.0,14,0,0,0.7681,0.6897,0.598,0.0,0.5608,1
KM-102,12.51,41117,63.73,91.11,80870.9,140,0,1,0.0157,0.4485,0.2608,0.603,0.2904,0
KM-106,78.07,49511,65.15,73.31,49957.3,6,6,0,0.9094,0.4869,0.009,0.0946,0.4607,1
KM-111,7.02,37883,45.8,90.92,142081.1,47,1,0,0.0549,0.3259,0.8386,0.5977,0.388,0
KM-104,11.47,50758,62.35,100.64,141635.6,57,0,1,0.0132,0.5854,0.1913,0.8755,0.3643,0
KM-112,29.16,66350,55.97,81.0,9620.1,135,1,2,0.135,0.9153,0.5635,0.3144,0.4517,0
KM-119,65.67,17037,40.77,73.73,49938.0,90,2,0,0.5312,0.0983,1.0,0.1066,0.4318,0
KM-103,7.25,35908,72.48,84.57,73959.3,88,5,1,0.2553,0.3807,0.132,0.4162,0.2942,0
KM-110,32.19,69657,51.21,73.91,105989.1,4,1,0,0.1536,0.8125,0.5576,0.1117,0.3907,1
KM-105,45.11,30374,44.18,49.43,125631.1,171,2,1,0.3035,0.3139,1.0,0.0,0.3847,0
KM-123,62.03,48755,42.73,67.63,21116.9,43,2,0,0.4848,0.4758,0.9554,0.0,0.4797,0
KM-105,48.87,47510,40.22,93.41,104293.8,85,3,0,0.3888,0.4577,1.0,0.6689,0.5843,0
KM-120,18.13,31164,48.98,54.79,62888.5,96,3,1,0.1829,0.3231,0.7847,0.0,0.3017,0
KM-111,58.38,35421,51.61,73.46,68462.6,21,2,3,0.4408,0.5346,0.5671,0.0989,0.4211,0
KM-117,70.38,13276,62.87,78.16,176478.7,3,2,0,0.5953,0.0676,0.0895,0.2333,0.2898,0
KM-108,51.84,41526,68.8,82.85,149954.5,60,1,0,0.3188,0.374,0.09,0.3673,0.2965,0
KM-108,34.11,48384,63.17,58.09,117024.0,115,0,1,0.1163,0.5503,0.2459,0.0,0.2275,0
KM-112,93.19,6674,52.72,87.18,157716.1,35,0,1,0.8684,0.1041,0.5439,0.4907,0.5369,1
KM-123,45.77,53111,57.07,85.09,52511.2,155,3,1,0.3595,0.6209,0.5496,0.4311,0.4772,0
KM-102,55.32,3702,51.53,104.11,175582.6,91,2,0,0.406,0.01,0.6752,0.9747,0.4746,0
KM-113,55.56,41837,44.89,101.73,73424.0,101,4,1,0.5087,0.4582,0.9561,0.9067,0.6651,1
KM-107,90.58,43039,52.68,96.48,147471.4,153,1,1,0.8704,0.4746,0.7225,0.7565,0.7191,0
KM-117,67.58,32539,50.77,69.96,27837.4,46,0,1,0.4567,0.3394,0.638,0.0,0.3723,0
KM-108,76.32,30961,66.6,65.22,150645.1,36,1,2,0.6325,0.4008,0.054,0.0,0.3324,0
KM-117,82.06,10578,61.25,102.69,57732.1,175,4,1,0.8735,0.1281,0.4123,0.9339,0.607,1
KM-104,26.54,79724,47.1,60.43,33392.6,67,2,0,0.1704,0.9948,0.8165,0.0,0.4717,0
KM-101,8.78,32930,70.83,61.58,22389.3,153,2,0,0.1077,0.2641,0.2295,0.0,0.1496,0
KM-113,52.22,32336,61.96,45.94,11026.1,171,2,0,0.3727,0.257,0.378,0.0,0.2703,0
KM-109,6.48,70850,64.42,102.89,89658.5,154,3,0,0.1542,0.8334,0.2543,0.9397,0.5011,0
KM-125,51.75,72889,72.72,93.83,98361.2,36,1,0,0.3178,0.8697,0.054,0.681,0.4757,1
KM-104,36.26,55846,44.05,78.73,161184.3,93,0,1,0.1315,0.6632,0.9777,0.2494,0.4572,0
KM-112,15.43,30534,53.28,62.22,30048.5,36,2,0,0.1238,0.2358,0.5229,0.0,0.2069,1
KM-105,33.1,38071,69.17,46.76,95437.2,44,0,1,0.1095,0.4083,0.066,0.0,0.1536,0
KM-119,40.31,78850,52.02,63.64,170405.3,11,0,5,0.1625,1.0,0.5357,0.0,0.414,0
KM-103,10.02,65009,54.29,93.62,25814.1,33,3,0,0.16,0.7325,0.4778,0.6748,0.4697,0
KM-110,54.87,66385,56.65,65.81,81464.1,56,3,1,0.4511,0.8359,0.4181,0.0,0.4505,1
KM-114,84.12,24252,61.64,77.02,138902.7,105,0,1,0.7077,0.2469,0.2918,0.2005,0.4079,0
KM-109,82.47,72302,53.18,66.75,15712.4,94,2,1,0.7801,0.9392,0.6139,0.0,0.6306,0
KM-107,64.31,38238,70.94,82.11,96117.1,49,2,0,0.5136,0.3305,0.0735,0.3461,0.3463,0
KM-106,69.45,47184,44.84,95.58,139528.7,72,2,2,0.5823,0.613,0.9145,0.7308,0.6861,0
KM-108,50.94,63658,42.42,67.91,31076.7,86,2,1,0.3595,0.7898,1.0,0.0,0.5233,1
KM-118,70.22,1086,74.8,74.05,104242.4,149,4,0,0.693,0.0016,0.2235,0.1158,0.3108,0
KM-111,78.34,75280,52.58,83.65,17125.0,169,2,0,0.7137,0.9128,0.7502,0.3901,0.7061,0
KM-119,90.25,17763,45.71,49.56,35365.2,11,2,1,0.9145,0.1846,0.788,0.0,0.5238,1
KM-112,12.75,15428,64.44,91.95,165519.9,117,1,2,0.0662,0.2447,0.1981,0.6273,0.2494,0
KM-123,68.46,72507,50.94,52.53,149545.1,177,2,1,0.5686,0.9428,0.8278,0.0,0.6003,0
KM-121,83.63,72691,64.86,62.63,135568.9,99,1,1,0.7494,0.9461,0.1543,0.0,0.5297,0
KM-111,65.3,74587,72.17,102.94,80435.3,152,2,1,0.5263,0.9802,0.228,0.9411,0.6631,1
KM-113,77.17,32678,52.52,97.96,89909.4,31,1,2,0.6455,0.4211,0.5456,0.799,0.6001,0
KM-123,57.44,56448,46.55,66.66,169423.9,170,1,0,0.3799,0.5927,0.993,0.0,0.4798,0
KM-124,33.82,61147,47.94,66.69,102509.7,79,4,0,0.3144,0.6682,0.8008,0.0,0.4373,0
KM-125,57.97,52716,64.08,98.0,79875.6,59,3,1,0.4861,0.6149,0.1254,0.8,0.5089,0
KM-122,53.38,34637,73.4,66.89,5218.0,68,0,0,0.285,0.2849,0.102,0.0,0.1914,0
KM-112,34.58,30752,49.87,53.92,20048.3,129,4,2,0.3196,0.3983,0.7989,0.0,0.3712,0
KM-113,58.69,76977,40.92,68.94,116976.3,71,3,0,0.4944,0.9439,1.0,0.0,0.609,1
KM-120,61.13,19376,51.21,83.3,33484.0,90,2,2,0.4737,0.2792,0.6867,0.3801,0.449,0
KM-113,78.4,75688,51.24,83.49,71014.2,130,2,0,0.7147,0.9202,0.7452,0.3854,0.7063,1
KM-122,77.73,8148,63.27,57.37,176485.5,22,0,2,0.6042,0.1925,0.1022,0.0,0.28,0
KM-111,43.06,7641,42.11,79.04,137816.8,137,0,0,0.1854,0.0295,1.0,0.2582,0.3239,0
KM-121,6.94,28175,52.98,100.44,131860.7,114,2,0,0.1048,0.209,0.652,0.8697,0.3933,0
KM-102,57.92,2173,56.17,83.54,166688.2,48,2,2,0.4354,0.1645,0.4253,0.3868,0.356,1
